-- Generated by Craft v2.1.2566 on Oct 14, 2014 1:43:04 PM.

--
-- Disable foreign key checks and autocommit.
--

SET FOREIGN_KEY_CHECKS = 0;
SET SQL_MODE = "NO_AUTO_VALUE_ON_ZERO";
SET AUTOCOMMIT = 0;
SET NAMES utf8;


--
-- Schema for table `craft_assetfiles`
--

DROP TABLE IF EXISTS `craft_assetfiles`;

CREATE TABLE `craft_assetfiles` (
  `id` int(11) NOT NULL,
  `sourceId` int(11) DEFAULT NULL,
  `folderId` int(11) NOT NULL,
  `filename` varchar(255) COLLATE utf8_unicode_ci NOT NULL,
  `kind` varchar(50) COLLATE utf8_unicode_ci NOT NULL DEFAULT 'unknown',
  `width` smallint(6) unsigned DEFAULT NULL,
  `height` smallint(6) unsigned DEFAULT NULL,
  `size` int(11) unsigned DEFAULT NULL,
  `dateModified` datetime DEFAULT NULL,
  `dateCreated` datetime NOT NULL,
  `dateUpdated` datetime NOT NULL,
  `uid` char(36) COLLATE utf8_unicode_ci NOT NULL DEFAULT '0',
  PRIMARY KEY (`id`),
  UNIQUE KEY `craft_assetfiles_filename_folderId_unq_idx` (`filename`,`folderId`),
  KEY `craft_assetfiles_sourceId_fk` (`sourceId`),
  KEY `craft_assetfiles_folderId_fk` (`folderId`)
) ENGINE=InnoDB DEFAULT CHARSET=utf8 COLLATE=utf8_unicode_ci;

--
-- Data for table `craft_assetfiles`
--

INSERT INTO `craft_assetfiles` (`id`, `sourceId`, `folderId`, `filename`, `kind`, `width`, `height`, `size`, `dateModified`, `dateCreated`, `dateUpdated`, `uid`) VALUES ('41', '2', '2', 'sfc-thumb.png', 'image', '800', '600', '152786', '2014-08-05 07:57:22', '2014-06-26 08:52:23', '2014-08-19 14:28:35', '355a041c-d111-42b9-b9e0-6686dcadb8b7');
INSERT INTO `craft_assetfiles` (`id`, `sourceId`, `folderId`, `filename`, `kind`, `width`, `height`, `size`, `dateModified`, `dateCreated`, `dateUpdated`, `uid`) VALUES ('46', '2', '2', 'sfc-main.png', 'image', '1440', '810', '295119', '2014-10-14 13:04:53', '2014-06-26 08:57:24', '2014-10-14 13:05:14', '929d9009-ce3b-4962-aa95-76a51b4e3e6c');
INSERT INTO `craft_assetfiles` (`id`, `sourceId`, `folderId`, `filename`, `kind`, `width`, `height`, `size`, `dateModified`, `dateCreated`, `dateUpdated`, `uid`) VALUES ('64', '3', '3', 'core-model-example.png', 'image', '1000', '635', '130701', '2014-07-22 11:06:09', '2014-07-22 11:05:37', '2014-08-19 14:28:30', 'd7b7fe02-b7e1-4c1a-83f0-ac44de077675');
INSERT INTO `craft_assetfiles` (`id`, `sourceId`, `folderId`, `filename`, `kind`, `width`, `height`, `size`, `dateModified`, `dateCreated`, `dateUpdated`, `uid`) VALUES ('78', '3', '3', 'twitter-app.png', 'image', '320', '456', '37885', '2014-07-22 12:00:45', '2014-07-22 12:00:45', '2014-08-19 14:28:31', 'a6e3776a-fc23-4818-a05e-8c7e6228ffac');
INSERT INTO `craft_assetfiles` (`id`, `sourceId`, `folderId`, `filename`, `kind`, `width`, `height`, `size`, `dateModified`, `dateCreated`, `dateUpdated`, `uid`) VALUES ('85', '3', '3', 'bottom-fixed-menu.png', 'image', '320', '455', '20133', '2014-07-22 12:11:40', '2014-07-22 12:11:41', '2014-08-19 14:28:30', 'ef658a9e-073a-478f-97ce-2fb4329bea92');
INSERT INTO `craft_assetfiles` (`id`, `sourceId`, `folderId`, `filename`, `kind`, `width`, `height`, `size`, `dateModified`, `dateCreated`, `dateUpdated`, `uid`) VALUES ('98', '3', '3', 'single-line-css.png', 'image', '1591', '1084', '143871', '2014-07-22 12:42:48', '2014-07-22 12:42:48', '2014-08-19 14:28:31', '0d662c33-b19f-4117-a477-7a2f17a96fd7');
INSERT INTO `craft_assetfiles` (`id`, `sourceId`, `folderId`, `filename`, `kind`, `width`, `height`, `size`, `dateModified`, `dateCreated`, `dateUpdated`, `uid`) VALUES ('112', '2', '2', 'tt-thumb.png', 'image', '800', '600', '138294', '2014-08-05 07:50:50', '2014-07-22 14:43:10', '2014-08-19 14:28:36', 'a24d0c7c-699d-40ce-bff2-d46851310f7f');
INSERT INTO `craft_assetfiles` (`id`, `sourceId`, `folderId`, `filename`, `kind`, `width`, `height`, `size`, `dateModified`, `dateCreated`, `dateUpdated`, `uid`) VALUES ('115', '2', '2', 'tt-main.png', 'image', '1440', '810', '193012', '2014-08-05 07:50:50', '2014-07-22 14:44:27', '2014-08-19 14:28:36', '2761997e-7787-4cdd-acd0-13a8d939d1fc');
INSERT INTO `craft_assetfiles` (`id`, `sourceId`, `folderId`, `filename`, `kind`, `width`, `height`, `size`, `dateModified`, `dateCreated`, `dateUpdated`, `uid`) VALUES ('120', '2', '2', 'hvo-main.png', 'image', '1440', '810', '175260', '2014-08-05 07:50:42', '2014-07-23 08:10:04', '2014-08-19 14:28:33', 'f73e519f-39fd-4e42-a748-1482dce53db5');
INSERT INTO `craft_assetfiles` (`id`, `sourceId`, `folderId`, `filename`, `kind`, `width`, `height`, `size`, `dateModified`, `dateCreated`, `dateUpdated`, `uid`) VALUES ('121', '2', '2', 'hvo-thumb.png', 'image', '800', '600', '69910', '2014-08-05 07:50:44', '2014-07-23 08:10:05', '2014-08-19 14:28:34', '07939de2-af45-4e47-a7bc-d95bb686ff06');
INSERT INTO `craft_assetfiles` (`id`, `sourceId`, `folderId`, `filename`, `kind`, `width`, `height`, `size`, `dateModified`, `dateCreated`, `dateUpdated`, `uid`) VALUES ('130', '2', '2', 'urban-classic-main.png', 'image', '1440', '810', '216868', '2014-08-05 07:50:53', '2014-07-23 09:53:19', '2014-08-19 14:28:37', '8e5fb945-d454-4af2-84b5-72289ef0c7f8');
INSERT INTO `craft_assetfiles` (`id`, `sourceId`, `folderId`, `filename`, `kind`, `width`, `height`, `size`, `dateModified`, `dateCreated`, `dateUpdated`, `uid`) VALUES ('131', '2', '2', 'urban-classic-thumb.png', 'image', '800', '600', '114108', '2014-08-05 07:50:54', '2014-07-23 09:53:21', '2014-08-19 14:28:37', 'c736e7a3-4a47-4706-b310-5169537f674f');
INSERT INTO `craft_assetfiles` (`id`, `sourceId`, `folderId`, `filename`, `kind`, `width`, `height`, `size`, `dateModified`, `dateCreated`, `dateUpdated`, `uid`) VALUES ('135', '2', '2', 'sth-main.png', 'image', '1440', '810', '278247', '2014-08-05 07:50:48', '2014-07-23 19:16:03', '2014-08-19 14:28:35', 'd04b78b9-159a-45a4-963b-f74887cfdd68');
INSERT INTO `craft_assetfiles` (`id`, `sourceId`, `folderId`, `filename`, `kind`, `width`, `height`, `size`, `dateModified`, `dateCreated`, `dateUpdated`, `uid`) VALUES ('136', '2', '2', 'sth-thumb.png', 'image', '800', '600', '195545', '2014-08-05 07:50:49', '2014-07-23 19:16:05', '2014-08-19 14:28:35', '6a27c93a-6bb9-425d-8245-52bbf6644ae9');
INSERT INTO `craft_assetfiles` (`id`, `sourceId`, `folderId`, `filename`, `kind`, `width`, `height`, `size`, `dateModified`, `dateCreated`, `dateUpdated`, `uid`) VALUES ('149', '2', '2', 'anything-gift-main.png', 'image', '1440', '810', '89837', '2014-08-05 07:37:46', '2014-07-24 10:14:33', '2014-08-19 14:28:30', 'c5a5f5c9-2741-4b04-9b47-1f6be625e930');
INSERT INTO `craft_assetfiles` (`id`, `sourceId`, `folderId`, `filename`, `kind`, `width`, `height`, `size`, `dateModified`, `dateCreated`, `dateUpdated`, `uid`) VALUES ('150', '2', '2', 'anything-gift-thumb.png', 'image', '800', '600', '108773', '2014-08-05 07:37:47', '2014-07-24 10:14:35', '2014-08-19 14:28:31', '85fd7773-5118-49a8-a53a-d3d3a09588e6');
INSERT INTO `craft_assetfiles` (`id`, `sourceId`, `folderId`, `filename`, `kind`, `width`, `height`, `size`, `dateModified`, `dateCreated`, `dateUpdated`, `uid`) VALUES ('153', '2', '2', 'arboral-main.png', 'image', '1440', '810', '233417', '2014-08-05 07:37:48', '2014-07-24 12:55:22', '2014-08-19 14:28:31', '3d11216a-8ebb-4797-8dcd-bb52745aa966');
INSERT INTO `craft_assetfiles` (`id`, `sourceId`, `folderId`, `filename`, `kind`, `width`, `height`, `size`, `dateModified`, `dateCreated`, `dateUpdated`, `uid`) VALUES ('154', '2', '2', 'arboral-thumb.png', 'image', '800', '600', '190296', '2014-08-05 07:37:49', '2014-07-24 12:55:24', '2014-08-19 14:28:32', '2c66f8f3-0ac6-4d36-98a1-0eefeb4505b5');
INSERT INTO `craft_assetfiles` (`id`, `sourceId`, `folderId`, `filename`, `kind`, `width`, `height`, `size`, `dateModified`, `dateCreated`, `dateUpdated`, `uid`) VALUES ('157', '2', '2', 'editorialist-main.png', 'image', '1440', '810', '113598', '2014-08-05 07:37:54', '2014-07-24 18:28:00', '2014-08-19 14:28:33', '32dc1ab2-46f1-43d4-873f-fa0552df720c');
INSERT INTO `craft_assetfiles` (`id`, `sourceId`, `folderId`, `filename`, `kind`, `width`, `height`, `size`, `dateModified`, `dateCreated`, `dateUpdated`, `uid`) VALUES ('158', '2', '2', 'editorialist-thumb.png', 'image', '800', '600', '140891', '2014-08-05 08:49:11', '2014-07-24 18:28:01', '2014-08-19 14:28:33', '1f16265c-5097-46fb-b12d-35e85216077f');
INSERT INTO `craft_assetfiles` (`id`, `sourceId`, `folderId`, `filename`, `kind`, `width`, `height`, `size`, `dateModified`, `dateCreated`, `dateUpdated`, `uid`) VALUES ('160', '2', '2', 'unbiased-main.png', 'image', '1440', '810', '119935', '2014-08-05 07:50:51', '2014-07-24 19:03:02', '2014-08-19 14:28:36', '84854cbc-d3d5-4bbb-b301-64e76ec81826');
INSERT INTO `craft_assetfiles` (`id`, `sourceId`, `folderId`, `filename`, `kind`, `width`, `height`, `size`, `dateModified`, `dateCreated`, `dateUpdated`, `uid`) VALUES ('161', '2', '2', 'unbiased-thumb.png', 'image', '800', '600', '89724', '2014-08-05 07:50:52', '2014-07-24 19:03:03', '2014-08-19 14:28:36', '58adfcd3-e679-4133-af88-8b00ada01cda');
INSERT INTO `craft_assetfiles` (`id`, `sourceId`, `folderId`, `filename`, `kind`, `width`, `height`, `size`, `dateModified`, `dateCreated`, `dateUpdated`, `uid`) VALUES ('163', '2', '2', 'artichoke-main.png', 'image', '1440', '810', '206403', '2014-08-05 07:37:50', '2014-07-24 19:20:33', '2014-08-19 14:28:32', '29a44a93-3c0f-44e8-b30e-8d1a4e9a7520');
INSERT INTO `craft_assetfiles` (`id`, `sourceId`, `folderId`, `filename`, `kind`, `width`, `height`, `size`, `dateModified`, `dateCreated`, `dateUpdated`, `uid`) VALUES ('164', '2', '2', 'artichoke-thumb.png', 'image', '800', '600', '166798', '2014-08-05 07:37:50', '2014-07-24 19:20:34', '2014-08-19 14:28:32', '715653f8-d2fe-40ec-ba34-0a7d19d75bf4');
INSERT INTO `craft_assetfiles` (`id`, `sourceId`, `folderId`, `filename`, `kind`, `width`, `height`, `size`, `dateModified`, `dateCreated`, `dateUpdated`, `uid`) VALUES ('172', '2', '2', 'AWARE-main.png', 'image', '1440', '810', '230937', '2014-08-05 07:37:51', '2014-07-25 07:27:17', '2014-08-19 14:28:29', '0d83a19b-ea83-4288-9152-36c5089693ee');
INSERT INTO `craft_assetfiles` (`id`, `sourceId`, `folderId`, `filename`, `kind`, `width`, `height`, `size`, `dateModified`, `dateCreated`, `dateUpdated`, `uid`) VALUES ('173', '2', '2', 'AWARE-thumb.png', 'image', '800', '600', '113575', '2014-08-05 07:37:51', '2014-07-25 07:27:19', '2014-08-19 14:28:30', '163629b9-3e0b-4463-b3fa-62112fe2c70f');
INSERT INTO `craft_assetfiles` (`id`, `sourceId`, `folderId`, `filename`, `kind`, `width`, `height`, `size`, `dateModified`, `dateCreated`, `dateUpdated`, `uid`) VALUES ('175', '2', '2', 'easons-main.png', 'image', '1440', '810', '156701', '2014-08-05 07:37:52', '2014-07-25 08:05:47', '2014-08-19 14:28:32', 'ce3abb83-bc5d-4f76-b0d8-380da4694ced');
INSERT INTO `craft_assetfiles` (`id`, `sourceId`, `folderId`, `filename`, `kind`, `width`, `height`, `size`, `dateModified`, `dateCreated`, `dateUpdated`, `uid`) VALUES ('176', '2', '2', 'easons-thumb.png', 'image', '800', '600', '83007', '2014-08-05 07:37:53', '2014-07-25 08:05:49', '2014-08-19 14:28:33', '74068422-d99a-4d49-afd4-91e56b823f12');
INSERT INTO `craft_assetfiles` (`id`, `sourceId`, `folderId`, `filename`, `kind`, `width`, `height`, `size`, `dateModified`, `dateCreated`, `dateUpdated`, `uid`) VALUES ('179', '2', '2', 'rrf-main.png', 'image', '1440', '810', '130905', '2014-08-05 07:50:45', '2014-07-25 08:54:46', '2014-08-19 14:28:34', 'ca22db60-8f41-4fc4-aa53-e74a08138569');
INSERT INTO `craft_assetfiles` (`id`, `sourceId`, `folderId`, `filename`, `kind`, `width`, `height`, `size`, `dateModified`, `dateCreated`, `dateUpdated`, `uid`) VALUES ('180', '2', '2', 'rrf-thumb.png', 'image', '800', '600', '105746', '2014-08-05 07:50:45', '2014-07-25 08:54:49', '2014-08-19 14:28:34', '6548f95f-f406-478c-9369-967d02bb7295');



--
-- Schema for table `craft_assetfolders`
--

DROP TABLE IF EXISTS `craft_assetfolders`;

CREATE TABLE `craft_assetfolders` (
  `id` int(11) NOT NULL AUTO_INCREMENT,
  `parentId` int(11) DEFAULT NULL,
  `sourceId` int(11) DEFAULT NULL,
  `name` varchar(255) COLLATE utf8_unicode_ci NOT NULL,
  `path` varchar(255) COLLATE utf8_unicode_ci DEFAULT NULL,
  `dateCreated` datetime NOT NULL,
  `dateUpdated` datetime NOT NULL,
  `uid` char(36) COLLATE utf8_unicode_ci NOT NULL DEFAULT '0',
  PRIMARY KEY (`id`),
  UNIQUE KEY `craft_assetfolders_name_parentId_sourceId_unq_idx` (`name`,`parentId`,`sourceId`),
  KEY `craft_assetfolders_parentId_fk` (`parentId`),
  KEY `craft_assetfolders_sourceId_fk` (`sourceId`)
) ENGINE=InnoDB AUTO_INCREMENT=4 DEFAULT CHARSET=utf8 COLLATE=utf8_unicode_ci;

--
-- Data for table `craft_assetfolders`
--

INSERT INTO `craft_assetfolders` (`id`, `parentId`, `sourceId`, `name`, `path`, `dateCreated`, `dateUpdated`, `uid`) VALUES ('1', NULL, '1', 'What I Do', '', '2014-05-26 14:32:49', '2014-05-26 14:32:49', 'c274f79f-0fd2-4ca7-811f-733e4b98acee');
INSERT INTO `craft_assetfolders` (`id`, `parentId`, `sourceId`, `name`, `path`, `dateCreated`, `dateUpdated`, `uid`) VALUES ('2', NULL, '2', 'Projects', '', '2014-05-26 14:33:50', '2014-05-26 14:33:50', 'f7dabd4d-26fb-4615-9ea9-cb97fe14bfde');
INSERT INTO `craft_assetfolders` (`id`, `parentId`, `sourceId`, `name`, `path`, `dateCreated`, `dateUpdated`, `uid`) VALUES ('3', NULL, '3', 'Notes', '', '2014-05-26 14:34:09', '2014-05-26 14:34:09', '8766d887-8bd8-40cb-946d-47ff6b6572f2');



--
-- Schema for table `craft_assetindexdata`
--

DROP TABLE IF EXISTS `craft_assetindexdata`;

CREATE TABLE `craft_assetindexdata` (
  `id` int(11) NOT NULL AUTO_INCREMENT,
  `sessionId` varchar(36) COLLATE utf8_unicode_ci NOT NULL DEFAULT '',
  `sourceId` int(10) NOT NULL,
  `offset` int(10) NOT NULL,
  `uri` varchar(255) COLLATE utf8_unicode_ci DEFAULT NULL,
  `size` int(10) DEFAULT NULL,
  `recordId` int(10) DEFAULT NULL,
  `dateCreated` datetime NOT NULL,
  `dateUpdated` datetime NOT NULL,
  `uid` char(36) COLLATE utf8_unicode_ci NOT NULL DEFAULT '0',
  PRIMARY KEY (`id`),
  UNIQUE KEY `craft_assetindexdata_sessionId_sourceId_offset_unq_idx` (`sessionId`,`sourceId`,`offset`),
  KEY `craft_assetindexdata_sourceId_fk` (`sourceId`)
) ENGINE=InnoDB DEFAULT CHARSET=utf8 COLLATE=utf8_unicode_ci;

--
-- Schema for table `craft_assetsources`
--

DROP TABLE IF EXISTS `craft_assetsources`;

CREATE TABLE `craft_assetsources` (
  `id` int(11) NOT NULL AUTO_INCREMENT,
  `name` varchar(255) COLLATE utf8_unicode_ci NOT NULL,
  `type` varchar(150) COLLATE utf8_unicode_ci NOT NULL,
  `settings` text COLLATE utf8_unicode_ci,
  `sortOrder` tinyint(4) DEFAULT NULL,
  `fieldLayoutId` int(10) DEFAULT NULL,
  `dateCreated` datetime NOT NULL,
  `dateUpdated` datetime NOT NULL,
  `uid` char(36) COLLATE utf8_unicode_ci NOT NULL DEFAULT '0',
  PRIMARY KEY (`id`),
  UNIQUE KEY `craft_assetsources_name_unq_idx` (`name`),
  KEY `craft_assetsources_fieldLayoutId_fk` (`fieldLayoutId`)
) ENGINE=InnoDB AUTO_INCREMENT=4 DEFAULT CHARSET=utf8 COLLATE=utf8_unicode_ci;

--
-- Data for table `craft_assetsources`
--

INSERT INTO `craft_assetsources` (`id`, `name`, `type`, `settings`, `sortOrder`, `fieldLayoutId`, `dateCreated`, `dateUpdated`, `uid`) VALUES ('1', 'What I Do', 'Local', '{\"path\":\"uploads\\/what-i-do\\/\",\"url\":\"\\/uploads\\/what-i-do\\/\"}', '1', '112', '2014-05-26 14:32:49', '2014-08-19 14:29:06', '8bd2163b-e135-46b9-96ac-8cefeb79f953');
INSERT INTO `craft_assetsources` (`id`, `name`, `type`, `settings`, `sortOrder`, `fieldLayoutId`, `dateCreated`, `dateUpdated`, `uid`) VALUES ('2', 'Projects', 'Local', '{\"path\":\"uploads\\/projects\\/\",\"url\":\"\\/uploads\\/projects\\/\"}', '2', '113', '2014-05-26 14:33:50', '2014-08-19 14:29:12', '3357ffde-2be5-4eea-84c9-5bacb0c15ce3');
INSERT INTO `craft_assetsources` (`id`, `name`, `type`, `settings`, `sortOrder`, `fieldLayoutId`, `dateCreated`, `dateUpdated`, `uid`) VALUES ('3', 'Notes', 'Local', '{\"path\":\"uploads\\/notes\\/\",\"url\":\"\\/uploads\\/notes\\/\"}', '3', '114', '2014-05-26 14:34:09', '2014-08-19 14:29:19', '75ce2c9a-b2fe-45fe-8bfc-5ccb4fb1abbc');



--
-- Schema for table `craft_assettransformindex`
--

DROP TABLE IF EXISTS `craft_assettransformindex`;

CREATE TABLE `craft_assettransformindex` (
  `id` int(11) NOT NULL AUTO_INCREMENT,
  `fileId` int(11) NOT NULL,
  `location` varchar(255) COLLATE utf8_unicode_ci NOT NULL,
  `sourceId` int(11) DEFAULT NULL,
  `fileExists` tinyint(1) DEFAULT NULL,
  `inProgress` tinyint(1) DEFAULT NULL,
  `dateIndexed` datetime DEFAULT NULL,
  `dateCreated` datetime NOT NULL,
  `dateUpdated` datetime NOT NULL,
  `uid` char(36) COLLATE utf8_unicode_ci NOT NULL DEFAULT '0',
  PRIMARY KEY (`id`),
  KEY `craft_assettransformindex_sourceId_fileId_location_idx` (`sourceId`,`fileId`,`location`)
) ENGINE=InnoDB DEFAULT CHARSET=utf8 COLLATE=utf8_unicode_ci;

--
-- Schema for table `craft_assettransforms`
--

DROP TABLE IF EXISTS `craft_assettransforms`;

CREATE TABLE `craft_assettransforms` (
  `id` int(11) NOT NULL AUTO_INCREMENT,
  `name` varchar(255) COLLATE utf8_unicode_ci NOT NULL,
  `handle` varchar(255) COLLATE utf8_unicode_ci NOT NULL,
  `mode` enum('stretch','fit','crop') COLLATE utf8_unicode_ci NOT NULL DEFAULT 'crop',
  `position` enum('top-left','top-center','top-right','center-left','center-center','center-right','bottom-left','bottom-center','bottom-right') COLLATE utf8_unicode_ci NOT NULL DEFAULT 'center-center',
  `height` int(10) DEFAULT NULL,
  `width` int(10) DEFAULT NULL,
  `quality` int(10) DEFAULT NULL,
  `dimensionChangeTime` datetime DEFAULT NULL,
  `dateCreated` datetime NOT NULL,
  `dateUpdated` datetime NOT NULL,
  `uid` char(36) COLLATE utf8_unicode_ci NOT NULL DEFAULT '0',
  PRIMARY KEY (`id`),
  UNIQUE KEY `craft_assettransforms_name_unq_idx` (`name`),
  UNIQUE KEY `craft_assettransforms_handle_unq_idx` (`handle`)
) ENGINE=InnoDB DEFAULT CHARSET=utf8 COLLATE=utf8_unicode_ci;

--
-- Schema for table `craft_categories`
--

DROP TABLE IF EXISTS `craft_categories`;

CREATE TABLE `craft_categories` (
  `id` int(11) NOT NULL,
  `groupId` int(11) NOT NULL,
  `dateCreated` datetime NOT NULL,
  `dateUpdated` datetime NOT NULL,
  `uid` char(36) COLLATE utf8_unicode_ci NOT NULL DEFAULT '0',
  PRIMARY KEY (`id`),
  KEY `craft_categories_groupId_fk` (`groupId`)
) ENGINE=InnoDB DEFAULT CHARSET=utf8 COLLATE=utf8_unicode_ci;

--
-- Schema for table `craft_categorygroups`
--

DROP TABLE IF EXISTS `craft_categorygroups`;

CREATE TABLE `craft_categorygroups` (
  `id` int(11) NOT NULL AUTO_INCREMENT,
  `structureId` int(11) NOT NULL,
  `fieldLayoutId` int(11) DEFAULT NULL,
  `name` varchar(255) COLLATE utf8_unicode_ci NOT NULL,
  `handle` varchar(255) COLLATE utf8_unicode_ci NOT NULL,
  `hasUrls` tinyint(1) unsigned NOT NULL DEFAULT '1',
  `template` varchar(500) COLLATE utf8_unicode_ci DEFAULT NULL,
  `dateCreated` datetime NOT NULL,
  `dateUpdated` datetime NOT NULL,
  `uid` char(36) COLLATE utf8_unicode_ci NOT NULL DEFAULT '0',
  PRIMARY KEY (`id`),
  UNIQUE KEY `craft_categorygroups_name_unq_idx` (`name`),
  UNIQUE KEY `craft_categorygroups_handle_unq_idx` (`handle`),
  KEY `craft_categorygroups_structureId_fk` (`structureId`),
  KEY `craft_categorygroups_fieldLayoutId_fk` (`fieldLayoutId`)
) ENGINE=InnoDB DEFAULT CHARSET=utf8 COLLATE=utf8_unicode_ci;

--
-- Schema for table `craft_categorygroups_i18n`
--

DROP TABLE IF EXISTS `craft_categorygroups_i18n`;

CREATE TABLE `craft_categorygroups_i18n` (
  `id` int(11) NOT NULL AUTO_INCREMENT,
  `groupId` int(11) NOT NULL,
  `locale` char(12) COLLATE utf8_unicode_ci NOT NULL,
  `urlFormat` varchar(255) COLLATE utf8_unicode_ci DEFAULT NULL,
  `nestedUrlFormat` varchar(255) COLLATE utf8_unicode_ci DEFAULT NULL,
  `dateCreated` datetime NOT NULL,
  `dateUpdated` datetime NOT NULL,
  `uid` char(36) COLLATE utf8_unicode_ci NOT NULL DEFAULT '0',
  PRIMARY KEY (`id`),
  UNIQUE KEY `craft_categorygroups_i18n_groupId_locale_unq_idx` (`groupId`,`locale`),
  KEY `craft_categorygroups_i18n_locale_fk` (`locale`)
) ENGINE=InnoDB DEFAULT CHARSET=utf8 COLLATE=utf8_unicode_ci;

--
-- Schema for table `craft_content`
--

DROP TABLE IF EXISTS `craft_content`;

CREATE TABLE `craft_content` (
  `id` int(11) NOT NULL AUTO_INCREMENT,
  `elementId` int(11) NOT NULL,
  `locale` char(12) COLLATE utf8_unicode_ci NOT NULL,
  `title` varchar(255) COLLATE utf8_unicode_ci DEFAULT NULL,
  `field_pageIntro` text COLLATE utf8_unicode_ci,
  `field_mainCopy` text COLLATE utf8_unicode_ci,
  `field_projectUrl` text COLLATE utf8_unicode_ci,
  `field_pageCallOut` text COLLATE utf8_unicode_ci,
  `dateCreated` datetime NOT NULL,
  `dateUpdated` datetime NOT NULL,
  `uid` char(36) COLLATE utf8_unicode_ci NOT NULL DEFAULT '0',
  PRIMARY KEY (`id`),
  UNIQUE KEY `craft_content_elementId_locale_unq_idx` (`elementId`,`locale`),
  KEY `craft_content_title_idx` (`title`),
  KEY `craft_content_locale_fk` (`locale`)
) ENGINE=InnoDB AUTO_INCREMENT=86 DEFAULT CHARSET=utf8 COLLATE=utf8_unicode_ci;

--
-- Data for table `craft_content`
--

INSERT INTO `craft_content` (`id`, `elementId`, `locale`, `title`, `field_pageIntro`, `field_mainCopy`, `field_projectUrl`, `field_pageCallOut`, `dateCreated`, `dateUpdated`, `uid`) VALUES ('1', '1', 'en', NULL, NULL, NULL, NULL, NULL, '2014-05-12 11:05:28', '2014-06-25 12:23:58', 'e0bf93f1-21c2-4dd3-ace8-774285e16c27');
INSERT INTO `craft_content` (`id`, `elementId`, `locale`, `title`, `field_pageIntro`, `field_mainCopy`, `field_projectUrl`, `field_pageCallOut`, `dateCreated`, `dateUpdated`, `uid`) VALUES ('2', '2', 'en', 'Home', '<p>I work with organisations, individuals and agencies to build successful and user-friendly websites.</p>', NULL, NULL, '<p>Whatever your needs, I’d love to hear about your goals and ideas and help you make your website a success.</p>', '2014-05-12 11:05:30', '2014-10-14 13:42:56', '57497823-dc8a-4ed9-83ed-ec7828d7b95d');
INSERT INTO `craft_content` (`id`, `elementId`, `locale`, `title`, `field_pageIntro`, `field_mainCopy`, `field_projectUrl`, `field_pageCallOut`, `dateCreated`, `dateUpdated`, `uid`) VALUES ('5', '4', 'en', 'Notes', '<p>Some occasional&nbsp;thoughts and notes from the web development field.</p>', NULL, NULL, '', '2014-05-26 14:56:43', '2014-10-13 18:13:12', '86332533-a976-42c3-920f-4fa1e5a02467');
INSERT INTO `craft_content` (`id`, `elementId`, `locale`, `title`, `field_pageIntro`, `field_mainCopy`, `field_projectUrl`, `field_pageCallOut`, `dateCreated`, `dateUpdated`, `uid`) VALUES ('6', '5', 'en', 'About', '<p>I am a freelancer based in Petersfield; a market down in the midst of the beautiful South Downs.</p>', NULL, NULL, '<p>I’d love to hear about your goals and ideas and help you make your website a success.</p>', '2014-05-26 15:03:37', '2014-10-14 12:53:04', 'bc288c8f-7aa7-4ca4-9bc2-d9029a7c0301');
INSERT INTO `craft_content` (`id`, `elementId`, `locale`, `title`, `field_pageIntro`, `field_mainCopy`, `field_projectUrl`, `field_pageCallOut`, `dateCreated`, `dateUpdated`, `uid`) VALUES ('8', '7', 'en', 'Projects', '<p>Over the last five years I have worked with a variety of organisations and individuals.</p>', NULL, NULL, '<p>Think I could be the perfect fit for your project? Get in touch.</p>', '2014-05-26 15:06:11', '2014-10-14 12:35:41', '9a0f340b-627c-4d7b-9541-16998dcf29ee');
INSERT INTO `craft_content` (`id`, `elementId`, `locale`, `title`, `field_pageIntro`, `field_mainCopy`, `field_projectUrl`, `field_pageCallOut`, `dateCreated`, `dateUpdated`, `uid`) VALUES ('9', '39', 'en', NULL, NULL, NULL, NULL, NULL, '2014-06-25 14:53:45', '2014-07-17 06:41:26', '4c5f8e28-11c8-464e-a348-d72dccc57108');
INSERT INTO `craft_content` (`id`, `elementId`, `locale`, `title`, `field_pageIntro`, `field_mainCopy`, `field_projectUrl`, `field_pageCallOut`, `dateCreated`, `dateUpdated`, `uid`) VALUES ('10', '40', 'en', 'Sustainable Food City', NULL, '<p>When John from&nbsp;<a href=\"http://weareabo.com/\">A/B/O</a> asked me&nbsp;to help build the website for&nbsp;Bournemouth and Poole’s&nbsp;Sustainable Food City partnership, I jumped at the chance.</p><p>The project has a fantastic cause, with local businesses, community groups and public sector organisations&nbsp;working together to positively&nbsp;change&nbsp;the way people grow, buy, cook, eat, and dispose of food.</p><p>We’ve now launched the holding page and are currently working on the main site.</p>', 'http://www.sustainablefoodcity.org/', NULL, '2014-06-26 08:48:19', '2014-10-13 22:10:20', '026c45e1-ddd3-4c20-b87e-08761bf5b1c7');
INSERT INTO `craft_content` (`id`, `elementId`, `locale`, `title`, `field_pageIntro`, `field_mainCopy`, `field_projectUrl`, `field_pageCallOut`, `dateCreated`, `dateUpdated`, `uid`) VALUES ('11', '41', 'en', 'sfc-thumb', NULL, NULL, NULL, NULL, '2014-06-26 08:52:23', '2014-08-19 14:28:35', '1d1afaf2-613b-444a-b23c-f672aa25059d');
INSERT INTO `craft_content` (`id`, `elementId`, `locale`, `title`, `field_pageIntro`, `field_mainCopy`, `field_projectUrl`, `field_pageCallOut`, `dateCreated`, `dateUpdated`, `uid`) VALUES ('16', '46', 'en', 'sfc-main', NULL, NULL, NULL, NULL, '2014-06-26 08:57:24', '2014-10-14 13:05:14', '049f52f9-ddd7-4011-92ec-3a568bf1e95f');
INSERT INTO `craft_content` (`id`, `elementId`, `locale`, `title`, `field_pageIntro`, `field_mainCopy`, `field_projectUrl`, `field_pageCallOut`, `dateCreated`, `dateUpdated`, `uid`) VALUES ('20', '60', 'en', 'Back to basics', '<p>The one notion that stuck with me the most throughout and after the Responsive Day Out conference was that we are finding our way back to basics: creating sites that focus on clear accessible content and user needs.</p>', NULL, NULL, NULL, '2014-07-22 10:44:29', '2014-10-13 16:20:07', '8010b150-7745-4443-9892-39bc4a279dde');
INSERT INTO `craft_content` (`id`, `elementId`, `locale`, `title`, `field_pageIntro`, `field_mainCopy`, `field_projectUrl`, `field_pageCallOut`, `dateCreated`, `dateUpdated`, `uid`) VALUES ('21', '64', 'en', 'core-model-example', NULL, NULL, NULL, NULL, '2014-07-22 11:05:37', '2014-08-19 14:28:30', '6018cf84-1b7a-412c-8c30-82c856b03dd7');
INSERT INTO `craft_content` (`id`, `elementId`, `locale`, `title`, `field_pageIntro`, `field_mainCopy`, `field_projectUrl`, `field_pageCallOut`, `dateCreated`, `dateUpdated`, `uid`) VALUES ('23', '77', 'en', 'A bottom-fixed menu for mobiles', '<p>I think that a bottom-fixed menu is one of the cleanest and most user-friendly mobile navigation solutions out there. This is my approach to using it on devices that can handle it.</p>', NULL, NULL, NULL, '2014-07-22 11:58:15', '2014-10-13 16:20:07', '9cfd367f-d823-4f25-abcb-164754c7e863');
INSERT INTO `craft_content` (`id`, `elementId`, `locale`, `title`, `field_pageIntro`, `field_mainCopy`, `field_projectUrl`, `field_pageCallOut`, `dateCreated`, `dateUpdated`, `uid`) VALUES ('24', '78', 'en', 'twitter-app', NULL, NULL, NULL, NULL, '2014-07-22 12:00:45', '2014-08-19 14:28:31', '98dce661-6c6c-4d32-a6a4-60f3af58a601');
INSERT INTO `craft_content` (`id`, `elementId`, `locale`, `title`, `field_pageIntro`, `field_mainCopy`, `field_projectUrl`, `field_pageCallOut`, `dateCreated`, `dateUpdated`, `uid`) VALUES ('25', '85', 'en', 'bottom-fixed-menu', NULL, NULL, NULL, NULL, '2014-07-22 12:11:41', '2014-08-19 14:28:29', '006ba76f-71af-4036-bac8-921e9d0e15f6');
INSERT INTO `craft_content` (`id`, `elementId`, `locale`, `title`, `field_pageIntro`, `field_mainCopy`, `field_projectUrl`, `field_pageCallOut`, `dateCreated`, `dateUpdated`, `uid`) VALUES ('26', '95', 'en', 'Coding is a craft', '<p>Web developers ought to be proud of the work that they have mulled over, planned, thoughtfully put together and which required their skills and expertise to create.</p>', NULL, NULL, NULL, '2014-07-22 12:28:59', '2014-10-13 16:20:07', '6b3997f5-364f-4b2d-a299-6ff0c7135840');
INSERT INTO `craft_content` (`id`, `elementId`, `locale`, `title`, `field_pageIntro`, `field_mainCopy`, `field_projectUrl`, `field_pageCallOut`, `dateCreated`, `dateUpdated`, `uid`) VALUES ('27', '97', 'en', 'I ain\'t no multi-line girl', '<p>A little love note for the humble single file, single line way of writing CSS.</p>', NULL, NULL, NULL, '2014-07-22 12:33:59', '2014-10-13 16:20:07', '44609ca8-e5a5-4686-aeea-238e30f2897b');
INSERT INTO `craft_content` (`id`, `elementId`, `locale`, `title`, `field_pageIntro`, `field_mainCopy`, `field_projectUrl`, `field_pageCallOut`, `dateCreated`, `dateUpdated`, `uid`) VALUES ('28', '98', 'en', 'single-line-css', NULL, NULL, NULL, NULL, '2014-07-22 12:42:48', '2014-08-19 14:28:31', '6c853c5e-4fa1-4cae-9cbf-a9f937de59bc');
INSERT INTO `craft_content` (`id`, `elementId`, `locale`, `title`, `field_pageIntro`, `field_mainCopy`, `field_projectUrl`, `field_pageCallOut`, `dateCreated`, `dateUpdated`, `uid`) VALUES ('29', '104', 'en', 'Roll to your own base', '<p>There are countless front-end frameworks or boilerplates available. And with so many fantastic, freely obtainable code bases, surely a front-end developer\'s life when setting up and coding a site is made much easier: Download, unzip, and ta-da - you\'ve got your&nbsp;site\'s base. Right? No. Not for me.</p>', NULL, NULL, NULL, '2014-07-22 13:16:19', '2014-10-13 16:20:07', 'd7305f86-2554-4d20-8a20-963e91015512');
INSERT INTO `craft_content` (`id`, `elementId`, `locale`, `title`, `field_pageIntro`, `field_mainCopy`, `field_projectUrl`, `field_pageCallOut`, `dateCreated`, `dateUpdated`, `uid`) VALUES ('30', '112', 'en', 'tt-thumb', NULL, NULL, NULL, NULL, '2014-07-22 14:43:10', '2014-08-19 14:28:36', '4da83bea-3942-4f47-a353-58940f190311');
INSERT INTO `craft_content` (`id`, `elementId`, `locale`, `title`, `field_pageIntro`, `field_mainCopy`, `field_projectUrl`, `field_pageCallOut`, `dateCreated`, `dateUpdated`, `uid`) VALUES ('33', '115', 'en', 'tt-main', NULL, NULL, NULL, NULL, '2014-07-22 14:44:27', '2014-08-19 14:28:36', 'a9d71556-e692-43e2-8b29-57e784556311');
INSERT INTO `craft_content` (`id`, `elementId`, `locale`, `title`, `field_pageIntro`, `field_mainCopy`, `field_projectUrl`, `field_pageCallOut`, `dateCreated`, `dateUpdated`, `uid`) VALUES ('34', '116', 'en', 'Totally Thames', NULL, '<p>The Thames Festival Trust has been organising the annual Mayor’s Thames Festival and Rivers of the World project for many years. Now, in 2014, it is extending it’s annual weekend festival into a month-long series of events and celebrations.</p><p><a href=\"http://thoughtfulweb.co.uk/\">Thoughtful Web</a> was in charge&nbsp;to create the new site, which needed to merge the vast existing content with the new events and details. I joined the project to build a documented modular, responsive front-end structure, which we then integrated with&nbsp;<a href=\"http://ellislab.com/expressionengine\">ExpressionEngine</a>.</p>', 'http://totallythames.org/', NULL, '2014-07-22 14:44:39', '2014-10-13 16:56:14', '23c70e0e-b781-4858-970d-ebce7086c518');
INSERT INTO `craft_content` (`id`, `elementId`, `locale`, `title`, `field_pageIntro`, `field_mainCopy`, `field_projectUrl`, `field_pageCallOut`, `dateCreated`, `dateUpdated`, `uid`) VALUES ('35', '120', 'en', 'hvo-main', NULL, NULL, NULL, NULL, '2014-07-23 08:10:04', '2014-08-19 14:28:33', 'b964f64d-24be-44ad-9e6d-1d3f4052d749');
INSERT INTO `craft_content` (`id`, `elementId`, `locale`, `title`, `field_pageIntro`, `field_mainCopy`, `field_projectUrl`, `field_pageCallOut`, `dateCreated`, `dateUpdated`, `uid`) VALUES ('36', '121', 'en', 'hvo-thumb', NULL, NULL, NULL, NULL, '2014-07-23 08:10:05', '2014-08-19 14:28:34', '3bdc6d99-770d-455a-be86-276423af7d84');
INSERT INTO `craft_content` (`id`, `elementId`, `locale`, `title`, `field_pageIntro`, `field_mainCopy`, `field_projectUrl`, `field_pageCallOut`, `dateCreated`, `dateUpdated`, `uid`) VALUES ('37', '122', 'en', 'HVO search', NULL, '<p>Maria&nbsp;needed&nbsp;an&nbsp;elegant site to sell her executive search&nbsp;services and allow her to regularly post events and news. Having been let down by another web designer and with an important event coming up, Maria was left scrambling. So we’ve pulled up our sleeves and worked hard to create a site that conveys HVO’s&nbsp;approachability&nbsp;and professionalism.</p>', 'http://hvosearch.com/', NULL, '2014-07-23 08:39:37', '2014-10-13 16:20:07', '3a6b0d9b-8bd5-4576-85bd-de19c8a9005d');
INSERT INTO `craft_content` (`id`, `elementId`, `locale`, `title`, `field_pageIntro`, `field_mainCopy`, `field_projectUrl`, `field_pageCallOut`, `dateCreated`, `dateUpdated`, `uid`) VALUES ('41', '128', 'en', 'Urban Classic', NULL, '<p>Since 2006, the Urban Classic project has been bringing together&nbsp;urban artists with classically trained musicians, resulting in&nbsp;incredible performances.</p><p>On 10th August 2013, Urban Classic was featured in the BBC Proms at the Royal Albert Hall. Up until that point the project had no website and one was needed to&nbsp;tell its story, inform about upcoming events and introduce the artists.</p>', 'http://urbanclassicproject.com', NULL, '2014-07-23 09:17:24', '2014-10-13 18:13:32', '4e17b08b-622c-4257-8e85-1fdb80b2cddd');
INSERT INTO `craft_content` (`id`, `elementId`, `locale`, `title`, `field_pageIntro`, `field_mainCopy`, `field_projectUrl`, `field_pageCallOut`, `dateCreated`, `dateUpdated`, `uid`) VALUES ('42', '130', 'en', 'urban-classic-main', NULL, NULL, NULL, NULL, '2014-07-23 09:53:19', '2014-08-19 14:28:36', '7be44537-1e7a-45d0-bbb8-036c9073d0f7');
INSERT INTO `craft_content` (`id`, `elementId`, `locale`, `title`, `field_pageIntro`, `field_mainCopy`, `field_projectUrl`, `field_pageCallOut`, `dateCreated`, `dateUpdated`, `uid`) VALUES ('43', '131', 'en', 'urban-classic-thumb', NULL, NULL, NULL, NULL, '2014-07-23 09:53:21', '2014-08-19 14:28:37', '97392b54-02f2-48df-bb8f-eb55e39951fe');
INSERT INTO `craft_content` (`id`, `elementId`, `locale`, `title`, `field_pageIntro`, `field_mainCopy`, `field_projectUrl`, `field_pageCallOut`, `dateCreated`, `dateUpdated`, `uid`) VALUES ('44', '133', 'en', 'Shoreditch Town Hall', NULL, '<p>Shoreditch Town Hall is a stunning, unique venue in East London. It needed to refresh it’s old site to help portray it&nbsp;as a hub for artistic and cultural events, as well as a home fro private and commercial functions.</p><p><a href=\"http://thoughtfulweb.co.uk/\">Thoughtful Web</a> asked me join this project to manage the build of the new site.</p>', 'http://shoreditchtownhall.com/', NULL, '2014-07-23 18:47:03', '2014-10-13 17:56:30', '3a86cbaf-f631-4cd4-b538-a20d7d072f72');
INSERT INTO `craft_content` (`id`, `elementId`, `locale`, `title`, `field_pageIntro`, `field_mainCopy`, `field_projectUrl`, `field_pageCallOut`, `dateCreated`, `dateUpdated`, `uid`) VALUES ('45', '135', 'en', 'sth-main', NULL, NULL, NULL, NULL, '2014-07-23 19:16:03', '2014-08-19 14:28:35', '7cdc9f9c-230e-468a-b702-089892e5b83c');
INSERT INTO `craft_content` (`id`, `elementId`, `locale`, `title`, `field_pageIntro`, `field_mainCopy`, `field_projectUrl`, `field_pageCallOut`, `dateCreated`, `dateUpdated`, `uid`) VALUES ('46', '136', 'en', 'sth-thumb', NULL, NULL, NULL, NULL, '2014-07-23 19:16:05', '2014-08-19 14:28:35', '5ceb10fd-0836-4394-b1e5-158368831fae');
INSERT INTO `craft_content` (`id`, `elementId`, `locale`, `title`, `field_pageIntro`, `field_mainCopy`, `field_projectUrl`, `field_pageCallOut`, `dateCreated`, `dateUpdated`, `uid`) VALUES ('57', '147', 'en', 'Anything Gift', NULL, '<p>Anything Gift is a unique gifts shop which opened it’s online doors in August 2013. After having worked with me before, they approached me to build&nbsp;the front-end of the site, which was then handed over to a back-end developer.</p><p>As most e-commerce sites, this is a&nbsp;complex build with lots of sections and special&nbsp;features - a great opportunity for me&nbsp;to&nbsp;push my&nbsp;coding skills.&nbsp;I also really love the design, which is always a lovely bonus.</p>', 'http://www.anythinggift.co.uk/', NULL, '2014-07-24 09:56:59', '2014-10-13 16:20:07', 'f7a2be9f-f9d5-418b-95a7-4e34a72faf2b');
INSERT INTO `craft_content` (`id`, `elementId`, `locale`, `title`, `field_pageIntro`, `field_mainCopy`, `field_projectUrl`, `field_pageCallOut`, `dateCreated`, `dateUpdated`, `uid`) VALUES ('58', '149', 'en', 'anything-gift-main', NULL, NULL, NULL, NULL, '2014-07-24 10:14:33', '2014-08-19 14:28:30', 'f3f98a69-e746-4b17-b5f7-f3ee22576eaf');
INSERT INTO `craft_content` (`id`, `elementId`, `locale`, `title`, `field_pageIntro`, `field_mainCopy`, `field_projectUrl`, `field_pageCallOut`, `dateCreated`, `dateUpdated`, `uid`) VALUES ('59', '150', 'en', 'anything-gift-thumb', NULL, NULL, NULL, NULL, '2014-07-24 10:14:35', '2014-08-19 14:28:31', 'b165e4bb-20b9-4312-b162-80cb3a6e8f80');
INSERT INTO `craft_content` (`id`, `elementId`, `locale`, `title`, `field_pageIntro`, `field_mainCopy`, `field_projectUrl`, `field_pageCallOut`, `dateCreated`, `dateUpdated`, `uid`) VALUES ('60', '151', 'en', 'Arboreal Architecture', NULL, '<p>Arboreal needed to upgrade their old Flash website to make it accessible&nbsp;across&nbsp;devices and allow for its content to be easily updated.&nbsp;</p><p>With the designs supplied by&nbsp;Arboreal, the result is an&nbsp;elegant, fully responsive site which really&nbsp;lets their beautiful work shine and is fully content-managed through&nbsp;<a href=\"http://statamic.com/\">Statamic</a>.</p>', 'http://arborealarchitecture.com/', NULL, '2014-07-24 12:24:28', '2014-10-13 16:20:07', '2d553069-90ed-4623-b7c2-850d841dd9d9');
INSERT INTO `craft_content` (`id`, `elementId`, `locale`, `title`, `field_pageIntro`, `field_mainCopy`, `field_projectUrl`, `field_pageCallOut`, `dateCreated`, `dateUpdated`, `uid`) VALUES ('61', '153', 'en', 'arboral-main', NULL, NULL, NULL, NULL, '2014-07-24 12:55:22', '2014-08-19 14:28:31', '88bc2ef2-493d-4df2-8291-c18abcb9cf86');
INSERT INTO `craft_content` (`id`, `elementId`, `locale`, `title`, `field_pageIntro`, `field_mainCopy`, `field_projectUrl`, `field_pageCallOut`, `dateCreated`, `dateUpdated`, `uid`) VALUES ('62', '154', 'en', 'arboral-thumb', NULL, NULL, NULL, NULL, '2014-07-24 12:55:24', '2014-08-19 14:28:32', 'aa086a6f-23b2-4f7f-a0c3-93e709c5160e');
INSERT INTO `craft_content` (`id`, `elementId`, `locale`, `title`, `field_pageIntro`, `field_mainCopy`, `field_projectUrl`, `field_pageCallOut`, `dateCreated`, `dateUpdated`, `uid`) VALUES ('63', '155', 'en', 'Editorialist', NULL, '<p>The&nbsp;Editorialist combines luxury online shopping with design&nbsp;editorials. I joined&nbsp;an&nbsp;American-based&nbsp;team and&nbsp;my primary tasks were to integrate&nbsp;<a href=\"http://cartthrob.com/\">CartThrob</a> with&nbsp;<a href=\"http://ellislab.com/expressionengine\">ExpressionEngine</a> and to build the product listing,&nbsp;checkout and account sections.</p>', 'https://editorialist.com', NULL, '2014-07-24 17:12:45', '2014-10-13 16:20:07', '7f34298d-208f-4f93-b1ca-0b06a7516f19');
INSERT INTO `craft_content` (`id`, `elementId`, `locale`, `title`, `field_pageIntro`, `field_mainCopy`, `field_projectUrl`, `field_pageCallOut`, `dateCreated`, `dateUpdated`, `uid`) VALUES ('64', '157', 'en', 'editorialist-main', NULL, NULL, NULL, NULL, '2014-07-24 18:28:00', '2014-08-19 14:28:33', '795168fc-8289-4195-9aa9-34a2801f144c');
INSERT INTO `craft_content` (`id`, `elementId`, `locale`, `title`, `field_pageIntro`, `field_mainCopy`, `field_projectUrl`, `field_pageCallOut`, `dateCreated`, `dateUpdated`, `uid`) VALUES ('65', '158', 'en', 'editorialist-thumb', NULL, NULL, NULL, NULL, '2014-07-24 18:28:01', '2014-08-19 14:28:33', 'abb3b1c0-8685-440e-a076-66c783e05c10');
INSERT INTO `craft_content` (`id`, `elementId`, `locale`, `title`, `field_pageIntro`, `field_mainCopy`, `field_projectUrl`, `field_pageCallOut`, `dateCreated`, `dateUpdated`, `uid`) VALUES ('66', '159', 'en', 'Unbiased', NULL, '<p>Unbiased helps consumers to find&nbsp;the best adviser for their needs through their&nbsp;comprehensive archive and host of resources.&nbsp;</p><p><a href=\"http://www.tangentsnowball.com/\">Tangent Snowball</a> asked me&nbsp;to kick off the build of the new site&nbsp;by putting together&nbsp;a comprehensive style guide and by&nbsp;building the home page and account section.&nbsp;This was then used&nbsp;as a base for all the other site&nbsp;sections by Tangent’s development team.</p>', 'http://www.unbiased.co.uk/', NULL, '2014-07-24 18:35:13', '2014-10-13 16:20:07', '93ed221e-e248-406e-8f84-47d5dfc9c1cc');
INSERT INTO `craft_content` (`id`, `elementId`, `locale`, `title`, `field_pageIntro`, `field_mainCopy`, `field_projectUrl`, `field_pageCallOut`, `dateCreated`, `dateUpdated`, `uid`) VALUES ('67', '160', 'en', 'unbiased-main', NULL, NULL, NULL, NULL, '2014-07-24 19:03:02', '2014-08-19 14:28:36', 'df831be1-3830-4db3-94e8-7e23f5a3ad7a');
INSERT INTO `craft_content` (`id`, `elementId`, `locale`, `title`, `field_pageIntro`, `field_mainCopy`, `field_projectUrl`, `field_pageCallOut`, `dateCreated`, `dateUpdated`, `uid`) VALUES ('68', '161', 'en', 'unbiased-thumb', NULL, NULL, NULL, NULL, '2014-07-24 19:03:03', '2014-08-19 14:28:36', 'bfd19787-3df0-47cd-aef7-3bb42d8ee8a5');
INSERT INTO `craft_content` (`id`, `elementId`, `locale`, `title`, `field_pageIntro`, `field_mainCopy`, `field_projectUrl`, `field_pageCallOut`, `dateCreated`, `dateUpdated`, `uid`) VALUES ('69', '162', 'en', 'Artichoke', NULL, '<p>The Artichoke Trust organises stunning, large-scale events and festivals across the UK.&nbsp;The website needed to communicate their stunning work through a variety of media formats, attract donations and keep users up-to-date about events.</p><p>Working at&nbsp;<a href=\"http://cogdesign.com/\">Cog Design</a>,&nbsp;I led the build of the site which is content-managed with&nbsp;<a href=\"http://ellislab.com/expressionengine\">ExpressionEngine</a>. I also built a set of easy-to-use&nbsp;<a href=\"http://www.campaignmonitor.com/\">Campaign Monitor</a> templates for regular email updates.</p>', 'http://www.artichoke.uk.com/', NULL, '2014-07-24 19:07:58', '2014-10-13 16:20:08', '2d378406-92ee-42c7-92e5-1dc71df4e97a');
INSERT INTO `craft_content` (`id`, `elementId`, `locale`, `title`, `field_pageIntro`, `field_mainCopy`, `field_projectUrl`, `field_pageCallOut`, `dateCreated`, `dateUpdated`, `uid`) VALUES ('70', '163', 'en', 'artichoke-main', NULL, NULL, NULL, NULL, '2014-07-24 19:20:33', '2014-08-19 14:28:32', 'f9f431cc-0946-4006-8533-cc599d9df247');
INSERT INTO `craft_content` (`id`, `elementId`, `locale`, `title`, `field_pageIntro`, `field_mainCopy`, `field_projectUrl`, `field_pageCallOut`, `dateCreated`, `dateUpdated`, `uid`) VALUES ('71', '164', 'en', 'artichoke-thumb', NULL, NULL, NULL, NULL, '2014-07-24 19:20:34', '2014-08-19 14:28:32', 'eb6abd94-968b-478b-8474-2c5ad1c87008');
INSERT INTO `craft_content` (`id`, `elementId`, `locale`, `title`, `field_pageIntro`, `field_mainCopy`, `field_projectUrl`, `field_pageCallOut`, `dateCreated`, `dateUpdated`, `uid`) VALUES ('72', '165', 'en', 'AWARE', NULL, '<p>AWARE is the only veterinary conservation trust in Zimbabwe.&nbsp;They needed a website to communicate their work to veterinarians and the general public. The site displays their great in-the-field images and encourages visitors to donate, volunteer and fund equipment.</p>', 'http://www.awaretrust.org/', NULL, '2014-07-24 19:25:22', '2014-10-13 16:20:08', 'd29fe43c-3cd3-4afc-bdc6-394e796f9fe2');
INSERT INTO `craft_content` (`id`, `elementId`, `locale`, `title`, `field_pageIntro`, `field_mainCopy`, `field_projectUrl`, `field_pageCallOut`, `dateCreated`, `dateUpdated`, `uid`) VALUES ('77', '172', 'en', 'AWARE-main', NULL, NULL, NULL, NULL, '2014-07-25 07:27:17', '2014-08-19 14:28:29', 'fdb4ce79-d83b-438b-a15c-dc5338c65efe');
INSERT INTO `craft_content` (`id`, `elementId`, `locale`, `title`, `field_pageIntro`, `field_mainCopy`, `field_projectUrl`, `field_pageCallOut`, `dateCreated`, `dateUpdated`, `uid`) VALUES ('78', '173', 'en', 'AWARE-thumb', NULL, NULL, NULL, NULL, '2014-07-25 07:27:19', '2014-08-19 14:28:30', 'ed678cc4-8c98-43c5-aae1-12f2d6c54556');
INSERT INTO `craft_content` (`id`, `elementId`, `locale`, `title`, `field_pageIntro`, `field_mainCopy`, `field_projectUrl`, `field_pageCallOut`, `dateCreated`, `dateUpdated`, `uid`) VALUES ('79', '174', 'en', 'Eason', NULL, '<p>Eason is&nbsp;Ireland’s main supplier&nbsp;of books, newspapers and magazines.</p><p><a href=\"http://www.tangentsnowball.com/\">Tangent Snowball</a> was in charge of the site’s major overhaul and I joined the team to lead the front-end development for this big and very complex site.</p>', 'http://www.easons.com/', NULL, '2014-07-25 07:39:13', '2014-10-13 16:20:08', '7626e976-e499-4ee9-94d4-ba25ac95d3f5');
INSERT INTO `craft_content` (`id`, `elementId`, `locale`, `title`, `field_pageIntro`, `field_mainCopy`, `field_projectUrl`, `field_pageCallOut`, `dateCreated`, `dateUpdated`, `uid`) VALUES ('80', '175', 'en', 'easons-main', NULL, NULL, NULL, NULL, '2014-07-25 08:05:47', '2014-08-19 14:28:32', '858a297d-cea4-453b-9051-f694e7992fed');
INSERT INTO `craft_content` (`id`, `elementId`, `locale`, `title`, `field_pageIntro`, `field_mainCopy`, `field_projectUrl`, `field_pageCallOut`, `dateCreated`, `dateUpdated`, `uid`) VALUES ('81', '176', 'en', 'easons-thumb', NULL, NULL, NULL, NULL, '2014-07-25 08:05:49', '2014-08-19 14:28:33', '0808063b-7b53-4747-a3bb-4c8d8f4fdc1c');
INSERT INTO `craft_content` (`id`, `elementId`, `locale`, `title`, `field_pageIntro`, `field_mainCopy`, `field_projectUrl`, `field_pageCallOut`, `dateCreated`, `dateUpdated`, `uid`) VALUES ('82', '177', 'en', 'The Red Rose Foundation', NULL, '<p>The Red Rose Foundation helps families in some of the&nbsp;most remote and inaccessible regions, where other charities are not present.&nbsp;The&nbsp;charity is&nbsp;run&nbsp;by 15 volunteers, from doctors to marketing managers, in countries across Europe.</p><p>The website details the charity’s&nbsp;projects in an easy-to-browse format, encourages and makes it easy for&nbsp;visitors to donate, and is available in seven different languages.</p><p><em>The site is currently under development.</em></p>', '', NULL, '2014-07-25 08:19:27', '2014-10-13 16:20:08', 'f7d23256-800c-4f14-a7c7-6c0faa563c9e');
INSERT INTO `craft_content` (`id`, `elementId`, `locale`, `title`, `field_pageIntro`, `field_mainCopy`, `field_projectUrl`, `field_pageCallOut`, `dateCreated`, `dateUpdated`, `uid`) VALUES ('83', '179', 'en', 'rrf-main', NULL, NULL, NULL, NULL, '2014-07-25 08:54:46', '2014-08-19 14:28:34', 'c2d5ddc9-932e-4f46-9e5d-294cf25ca68c');
INSERT INTO `craft_content` (`id`, `elementId`, `locale`, `title`, `field_pageIntro`, `field_mainCopy`, `field_projectUrl`, `field_pageCallOut`, `dateCreated`, `dateUpdated`, `uid`) VALUES ('84', '180', 'en', 'rrf-thumb', NULL, NULL, NULL, NULL, '2014-07-25 08:54:49', '2014-08-19 14:28:34', 'aeddc542-72d2-48be-bf75-9c73fe87c461');



--
-- Schema for table `craft_deprecationerrors`
--

DROP TABLE IF EXISTS `craft_deprecationerrors`;

CREATE TABLE `craft_deprecationerrors` (
  `id` int(11) NOT NULL AUTO_INCREMENT,
  `key` varchar(255) COLLATE utf8_unicode_ci NOT NULL,
  `fingerprint` varchar(255) COLLATE utf8_unicode_ci NOT NULL,
  `lastOccurrence` datetime NOT NULL,
  `file` varchar(255) COLLATE utf8_unicode_ci NOT NULL,
  `line` smallint(6) unsigned NOT NULL,
  `class` varchar(255) COLLATE utf8_unicode_ci DEFAULT NULL,
  `method` varchar(255) COLLATE utf8_unicode_ci DEFAULT NULL,
  `template` varchar(255) COLLATE utf8_unicode_ci DEFAULT NULL,
  `templateLine` smallint(6) unsigned DEFAULT NULL,
  `message` varchar(255) COLLATE utf8_unicode_ci DEFAULT NULL,
  `traces` text COLLATE utf8_unicode_ci,
  `dateCreated` datetime NOT NULL,
  `dateUpdated` datetime NOT NULL,
  `uid` char(36) COLLATE utf8_unicode_ci NOT NULL DEFAULT '0',
  PRIMARY KEY (`id`),
  UNIQUE KEY `craft_deprecationerrors_key_fingerprint_unq_idx` (`key`,`fingerprint`)
) ENGINE=InnoDB DEFAULT CHARSET=utf8 COLLATE=utf8_unicode_ci;

--
-- Schema for table `craft_elements`
--

DROP TABLE IF EXISTS `craft_elements`;

CREATE TABLE `craft_elements` (
  `id` int(11) NOT NULL AUTO_INCREMENT,
  `type` varchar(150) COLLATE utf8_unicode_ci NOT NULL,
  `enabled` tinyint(1) unsigned NOT NULL DEFAULT '1',
  `archived` tinyint(1) unsigned NOT NULL DEFAULT '0',
  `dateCreated` datetime NOT NULL,
  `dateUpdated` datetime NOT NULL,
  `uid` char(36) COLLATE utf8_unicode_ci NOT NULL DEFAULT '0',
  PRIMARY KEY (`id`),
  KEY `craft_elements_type_idx` (`type`),
  KEY `craft_elements_enabled_idx` (`enabled`),
  KEY `craft_elements_archived_idx` (`archived`)
) ENGINE=InnoDB AUTO_INCREMENT=205 DEFAULT CHARSET=utf8 COLLATE=utf8_unicode_ci;

--
-- Data for table `craft_elements`
--

INSERT INTO `craft_elements` (`id`, `type`, `enabled`, `archived`, `dateCreated`, `dateUpdated`, `uid`) VALUES ('1', 'User', '1', '0', '2014-05-12 11:05:28', '2014-06-25 12:23:58', '93bbf304-058a-4942-878c-080b2f6eab1c');
INSERT INTO `craft_elements` (`id`, `type`, `enabled`, `archived`, `dateCreated`, `dateUpdated`, `uid`) VALUES ('2', 'Entry', '1', '0', '2014-05-12 11:05:30', '2014-10-14 13:42:56', 'ec374cc7-0bf5-43e4-babf-48d7822921a7');
INSERT INTO `craft_elements` (`id`, `type`, `enabled`, `archived`, `dateCreated`, `dateUpdated`, `uid`) VALUES ('4', 'Entry', '1', '0', '2014-05-26 14:56:43', '2014-10-13 18:13:12', '90ef6f95-fb63-4f0c-9136-bb7587d9efca');
INSERT INTO `craft_elements` (`id`, `type`, `enabled`, `archived`, `dateCreated`, `dateUpdated`, `uid`) VALUES ('5', 'Entry', '1', '0', '2014-05-26 15:03:37', '2014-10-14 12:53:04', '2f7776c0-927c-4c53-ba33-6ce71bb3ddd0');
INSERT INTO `craft_elements` (`id`, `type`, `enabled`, `archived`, `dateCreated`, `dateUpdated`, `uid`) VALUES ('7', 'Entry', '1', '0', '2014-05-26 15:06:11', '2014-10-14 12:35:41', '3d4dd1a2-17b2-4186-a5c8-e82e788d2a05');
INSERT INTO `craft_elements` (`id`, `type`, `enabled`, `archived`, `dateCreated`, `dateUpdated`, `uid`) VALUES ('8', 'MatrixBlock', '1', '0', '2014-05-26 15:11:47', '2014-10-14 13:42:56', 'efa142a0-1165-459c-b817-7773c4bb832f');
INSERT INTO `craft_elements` (`id`, `type`, `enabled`, `archived`, `dateCreated`, `dateUpdated`, `uid`) VALUES ('25', 'MatrixBlock', '1', '0', '2014-05-26 19:32:19', '2014-10-14 12:53:04', 'c731b553-d6b0-4729-a24a-8544b3d35029');
INSERT INTO `craft_elements` (`id`, `type`, `enabled`, `archived`, `dateCreated`, `dateUpdated`, `uid`) VALUES ('26', 'MatrixBlock', '1', '0', '2014-05-26 19:32:19', '2014-10-14 12:53:04', '3a309d55-3b09-4fa8-a149-77a840e53b2f');
INSERT INTO `craft_elements` (`id`, `type`, `enabled`, `archived`, `dateCreated`, `dateUpdated`, `uid`) VALUES ('27', 'MatrixBlock', '1', '0', '2014-05-26 19:32:19', '2014-10-14 12:53:04', '5daa1144-6e24-4a25-a78b-7664e4f1f90b');
INSERT INTO `craft_elements` (`id`, `type`, `enabled`, `archived`, `dateCreated`, `dateUpdated`, `uid`) VALUES ('28', 'MatrixBlock', '1', '0', '2014-05-26 19:32:19', '2014-10-14 12:53:04', '5435f0a8-8293-492c-b176-9ec9e7092faa');
INSERT INTO `craft_elements` (`id`, `type`, `enabled`, `archived`, `dateCreated`, `dateUpdated`, `uid`) VALUES ('29', 'MatrixBlock', '1', '0', '2014-05-26 19:35:01', '2014-10-13 17:23:11', 'f4a27a39-9e50-470c-8d84-f4d60cc7e762');
INSERT INTO `craft_elements` (`id`, `type`, `enabled`, `archived`, `dateCreated`, `dateUpdated`, `uid`) VALUES ('30', 'MatrixBlock', '1', '0', '2014-05-26 19:39:51', '2014-08-05 09:34:36', 'ac2e7e66-4575-4b81-a0e8-098c41652dda');
INSERT INTO `craft_elements` (`id`, `type`, `enabled`, `archived`, `dateCreated`, `dateUpdated`, `uid`) VALUES ('33', 'MatrixBlock', '1', '0', '2014-05-26 20:47:34', '2014-10-14 12:53:04', '4b0c9e66-da7c-446c-9aca-8271512e6a8d');
INSERT INTO `craft_elements` (`id`, `type`, `enabled`, `archived`, `dateCreated`, `dateUpdated`, `uid`) VALUES ('34', 'MatrixBlock', '1', '0', '2014-05-26 20:47:34', '2014-10-14 12:53:04', '7f94137f-42a8-40de-844c-69a35875a398');
INSERT INTO `craft_elements` (`id`, `type`, `enabled`, `archived`, `dateCreated`, `dateUpdated`, `uid`) VALUES ('36', 'MatrixBlock', '1', '0', '2014-05-26 21:01:51', '2014-10-13 16:50:00', '6787594b-137e-4934-8964-98081c43290b');
INSERT INTO `craft_elements` (`id`, `type`, `enabled`, `archived`, `dateCreated`, `dateUpdated`, `uid`) VALUES ('39', 'GlobalSet', '1', '0', '2014-06-25 14:53:45', '2014-07-17 06:41:26', 'c4d51844-4e81-4554-86ae-b2a424cef31a');
INSERT INTO `craft_elements` (`id`, `type`, `enabled`, `archived`, `dateCreated`, `dateUpdated`, `uid`) VALUES ('40', 'Entry', '1', '0', '2014-06-26 08:48:19', '2014-10-13 22:10:20', '0bf3350c-cf40-4d1e-a9a2-38eb86656b2f');
INSERT INTO `craft_elements` (`id`, `type`, `enabled`, `archived`, `dateCreated`, `dateUpdated`, `uid`) VALUES ('41', 'Asset', '1', '0', '2014-06-26 08:52:23', '2014-08-19 14:28:35', 'bfd380dc-9ff5-4218-8894-f2bb8a28c385');
INSERT INTO `craft_elements` (`id`, `type`, `enabled`, `archived`, `dateCreated`, `dateUpdated`, `uid`) VALUES ('46', 'Asset', '1', '0', '2014-06-26 08:57:24', '2014-10-14 13:05:14', '02e24dff-585f-4119-b2b9-d463cacae595');
INSERT INTO `craft_elements` (`id`, `type`, `enabled`, `archived`, `dateCreated`, `dateUpdated`, `uid`) VALUES ('49', 'MatrixBlock', '1', '0', '2014-06-26 09:18:51', '2014-10-13 22:10:20', '2676fb3a-d860-4e2c-bb2b-758618d70f6b');
INSERT INTO `craft_elements` (`id`, `type`, `enabled`, `archived`, `dateCreated`, `dateUpdated`, `uid`) VALUES ('50', 'MatrixBlock', '1', '0', '2014-07-17 06:41:26', '2014-07-17 06:41:26', 'a570b64c-5605-41fa-891f-3b07393cf593');
INSERT INTO `craft_elements` (`id`, `type`, `enabled`, `archived`, `dateCreated`, `dateUpdated`, `uid`) VALUES ('51', 'MatrixBlock', '1', '0', '2014-07-17 06:41:26', '2014-07-17 06:41:26', '6c6318a4-4419-4117-8dfd-a1b373904f75');
INSERT INTO `craft_elements` (`id`, `type`, `enabled`, `archived`, `dateCreated`, `dateUpdated`, `uid`) VALUES ('52', 'MatrixBlock', '1', '0', '2014-07-17 06:41:26', '2014-07-17 06:41:26', '2eaaa918-5140-4bbd-b18c-0e519470345d');
INSERT INTO `craft_elements` (`id`, `type`, `enabled`, `archived`, `dateCreated`, `dateUpdated`, `uid`) VALUES ('53', 'MatrixBlock', '1', '0', '2014-07-17 06:41:26', '2014-07-17 06:41:26', '8f4055a8-2aad-4e44-b5bb-d28b405af0c2');
INSERT INTO `craft_elements` (`id`, `type`, `enabled`, `archived`, `dateCreated`, `dateUpdated`, `uid`) VALUES ('54', 'MatrixBlock', '1', '0', '2014-07-17 06:41:26', '2014-07-17 06:41:26', 'c97b6a13-321e-46fe-8a27-db342e0ff9f0');
INSERT INTO `craft_elements` (`id`, `type`, `enabled`, `archived`, `dateCreated`, `dateUpdated`, `uid`) VALUES ('55', 'MatrixBlock', '1', '0', '2014-07-17 06:41:26', '2014-07-17 06:41:26', 'ef618dca-201e-412d-9123-d6e975753735');
INSERT INTO `craft_elements` (`id`, `type`, `enabled`, `archived`, `dateCreated`, `dateUpdated`, `uid`) VALUES ('59', 'MatrixBlock', '1', '0', '2014-07-22 10:06:22', '2014-10-13 15:53:40', 'b067eadd-0d34-481d-b342-158d17ba24b9');
INSERT INTO `craft_elements` (`id`, `type`, `enabled`, `archived`, `dateCreated`, `dateUpdated`, `uid`) VALUES ('60', 'Entry', '1', '0', '2014-07-22 10:44:29', '2014-10-13 16:20:07', '3ad1cb64-6155-4ae3-81c0-414bf54578cd');
INSERT INTO `craft_elements` (`id`, `type`, `enabled`, `archived`, `dateCreated`, `dateUpdated`, `uid`) VALUES ('61', 'MatrixBlock', '1', '0', '2014-07-22 10:45:07', '2014-07-22 12:21:12', 'ffd4fdf6-2dbd-4732-b9ea-b55b30765110');
INSERT INTO `craft_elements` (`id`, `type`, `enabled`, `archived`, `dateCreated`, `dateUpdated`, `uid`) VALUES ('63', 'MatrixBlock', '1', '0', '2014-07-22 11:03:03', '2014-07-22 12:21:12', 'f1abaa20-64a2-4e0b-97ca-dec228d7d4be');
INSERT INTO `craft_elements` (`id`, `type`, `enabled`, `archived`, `dateCreated`, `dateUpdated`, `uid`) VALUES ('64', 'Asset', '1', '0', '2014-07-22 11:05:37', '2014-08-19 14:28:30', '85ff0775-8f76-4d53-81f5-15cd52a75a2a');
INSERT INTO `craft_elements` (`id`, `type`, `enabled`, `archived`, `dateCreated`, `dateUpdated`, `uid`) VALUES ('66', 'MatrixBlock', '1', '0', '2014-07-22 11:06:39', '2014-07-22 12:21:12', '97eff767-bf3e-4679-a664-a9fbbe7d9765');
INSERT INTO `craft_elements` (`id`, `type`, `enabled`, `archived`, `dateCreated`, `dateUpdated`, `uid`) VALUES ('67', 'MatrixBlock', '1', '0', '2014-07-22 11:06:39', '2014-07-22 12:21:12', '36e78127-4524-4440-b511-79442a5cd84b');
INSERT INTO `craft_elements` (`id`, `type`, `enabled`, `archived`, `dateCreated`, `dateUpdated`, `uid`) VALUES ('68', 'MatrixBlock', '1', '0', '2014-07-22 11:07:36', '2014-07-22 12:21:12', 'bd5063e2-9ffb-4977-9d90-f17ad8c55cf3');
INSERT INTO `craft_elements` (`id`, `type`, `enabled`, `archived`, `dateCreated`, `dateUpdated`, `uid`) VALUES ('69', 'MatrixBlock', '1', '0', '2014-07-22 11:07:48', '2014-07-22 12:21:12', '4e746dc5-a66c-4681-b699-7108605e3393');
INSERT INTO `craft_elements` (`id`, `type`, `enabled`, `archived`, `dateCreated`, `dateUpdated`, `uid`) VALUES ('70', 'MatrixBlock', '1', '0', '2014-07-22 11:09:00', '2014-07-22 12:21:12', 'a7f33e3b-9aa9-4b55-8864-a46be4c9b89d');
INSERT INTO `craft_elements` (`id`, `type`, `enabled`, `archived`, `dateCreated`, `dateUpdated`, `uid`) VALUES ('71', 'MatrixBlock', '1', '0', '2014-07-22 11:09:00', '2014-07-22 12:21:12', '8c666d2d-7c2e-426a-a0e7-37cc844a572d');
INSERT INTO `craft_elements` (`id`, `type`, `enabled`, `archived`, `dateCreated`, `dateUpdated`, `uid`) VALUES ('72', 'MatrixBlock', '1', '0', '2014-07-22 11:11:01', '2014-07-22 12:21:12', 'd97dcb69-bb20-4452-a8c9-c1b72724b8c1');
INSERT INTO `craft_elements` (`id`, `type`, `enabled`, `archived`, `dateCreated`, `dateUpdated`, `uid`) VALUES ('73', 'MatrixBlock', '1', '0', '2014-07-22 11:11:01', '2014-07-22 12:21:12', '4aea08ba-1071-4bd0-a9fb-faccd28dc229');
INSERT INTO `craft_elements` (`id`, `type`, `enabled`, `archived`, `dateCreated`, `dateUpdated`, `uid`) VALUES ('74', 'MatrixBlock', '1', '0', '2014-07-22 11:11:01', '2014-07-22 12:21:12', '017bae93-3e9f-434f-bcb5-ac7a0884fc44');
INSERT INTO `craft_elements` (`id`, `type`, `enabled`, `archived`, `dateCreated`, `dateUpdated`, `uid`) VALUES ('75', 'MatrixBlock', '1', '0', '2014-07-22 11:11:01', '2014-07-22 12:21:12', '71c48a46-b9c6-4432-8b18-4891fa8755a1');
INSERT INTO `craft_elements` (`id`, `type`, `enabled`, `archived`, `dateCreated`, `dateUpdated`, `uid`) VALUES ('76', 'MatrixBlock', '1', '0', '2014-07-22 11:11:01', '2014-07-22 12:21:12', 'fb963dc7-6f72-4de8-adb3-7de4bfd1e792');
INSERT INTO `craft_elements` (`id`, `type`, `enabled`, `archived`, `dateCreated`, `dateUpdated`, `uid`) VALUES ('77', 'Entry', '1', '0', '2014-07-22 11:58:15', '2014-10-13 16:20:07', 'd0e6ad60-6874-4aa8-a38c-4fca61e1df31');
INSERT INTO `craft_elements` (`id`, `type`, `enabled`, `archived`, `dateCreated`, `dateUpdated`, `uid`) VALUES ('78', 'Asset', '1', '0', '2014-07-22 12:00:45', '2014-08-19 14:28:31', '6c67a2ae-8247-4a52-8f74-b2c3eeffeaf4');
INSERT INTO `craft_elements` (`id`, `type`, `enabled`, `archived`, `dateCreated`, `dateUpdated`, `uid`) VALUES ('79', 'MatrixBlock', '1', '0', '2014-07-22 12:02:55', '2014-08-05 09:15:03', '0a374271-dabc-4bd2-a329-235d79e80b12');
INSERT INTO `craft_elements` (`id`, `type`, `enabled`, `archived`, `dateCreated`, `dateUpdated`, `uid`) VALUES ('80', 'MatrixBlock', '1', '0', '2014-07-22 12:02:55', '2014-08-05 09:15:03', '276a9e28-fd9a-4642-a2ca-fe33ff16efb2');
INSERT INTO `craft_elements` (`id`, `type`, `enabled`, `archived`, `dateCreated`, `dateUpdated`, `uid`) VALUES ('81', 'MatrixBlock', '1', '0', '2014-07-22 12:02:55', '2014-08-05 09:15:03', '6908212c-2356-43e0-9d29-294da32136ef');
INSERT INTO `craft_elements` (`id`, `type`, `enabled`, `archived`, `dateCreated`, `dateUpdated`, `uid`) VALUES ('82', 'MatrixBlock', '1', '0', '2014-07-22 12:02:55', '2014-08-05 09:15:03', '03bd4b9d-54ad-42f1-98f5-792c077433d5');
INSERT INTO `craft_elements` (`id`, `type`, `enabled`, `archived`, `dateCreated`, `dateUpdated`, `uid`) VALUES ('84', 'MatrixBlock', '1', '0', '2014-07-22 12:02:55', '2014-08-05 09:15:03', '1cf53ce5-9d0e-4325-a729-41d9138e1817');
INSERT INTO `craft_elements` (`id`, `type`, `enabled`, `archived`, `dateCreated`, `dateUpdated`, `uid`) VALUES ('85', 'Asset', '1', '0', '2014-07-22 12:11:41', '2014-08-19 14:28:29', 'dd14a151-9da5-4843-9c46-b5b791698575');
INSERT INTO `craft_elements` (`id`, `type`, `enabled`, `archived`, `dateCreated`, `dateUpdated`, `uid`) VALUES ('86', 'MatrixBlock', '1', '0', '2014-07-22 12:12:27', '2014-08-05 09:15:03', 'ce7be141-f5cc-400d-be9c-3f2bc187f59a');
INSERT INTO `craft_elements` (`id`, `type`, `enabled`, `archived`, `dateCreated`, `dateUpdated`, `uid`) VALUES ('87', 'MatrixBlock', '1', '0', '2014-07-22 12:12:27', '2014-08-05 09:15:03', '91f6311f-e011-4527-b93c-214d935f28c2');
INSERT INTO `craft_elements` (`id`, `type`, `enabled`, `archived`, `dateCreated`, `dateUpdated`, `uid`) VALUES ('88', 'MatrixBlock', '1', '0', '2014-07-22 12:12:27', '2014-08-05 09:15:03', '1169a750-e8d1-4e51-94c1-105e5d1129ac');
INSERT INTO `craft_elements` (`id`, `type`, `enabled`, `archived`, `dateCreated`, `dateUpdated`, `uid`) VALUES ('89', 'MatrixBlock', '1', '0', '2014-07-22 12:12:27', '2014-08-05 09:15:03', 'b02321c1-4fe6-42e0-8e8c-9f23b2880784');
INSERT INTO `craft_elements` (`id`, `type`, `enabled`, `archived`, `dateCreated`, `dateUpdated`, `uid`) VALUES ('90', 'MatrixBlock', '1', '0', '2014-07-22 12:12:27', '2014-08-05 09:15:03', '239a2cdf-8ba7-4e41-9446-76679f45a203');
INSERT INTO `craft_elements` (`id`, `type`, `enabled`, `archived`, `dateCreated`, `dateUpdated`, `uid`) VALUES ('91', 'MatrixBlock', '1', '0', '2014-07-22 12:12:27', '2014-08-05 09:15:03', '941d7fcd-706e-48b5-8b7c-6d40a6d05039');
INSERT INTO `craft_elements` (`id`, `type`, `enabled`, `archived`, `dateCreated`, `dateUpdated`, `uid`) VALUES ('92', 'MatrixBlock', '1', '0', '2014-07-22 12:12:27', '2014-08-05 09:15:03', '5f99d575-f91a-442c-bd7f-f6d0153efafc');
INSERT INTO `craft_elements` (`id`, `type`, `enabled`, `archived`, `dateCreated`, `dateUpdated`, `uid`) VALUES ('93', 'MatrixBlock', '1', '0', '2014-07-22 12:12:27', '2014-08-05 09:15:03', 'c1f1663c-c7fc-4c39-af9b-b87242d18689');
INSERT INTO `craft_elements` (`id`, `type`, `enabled`, `archived`, `dateCreated`, `dateUpdated`, `uid`) VALUES ('94', 'MatrixBlock', '1', '0', '2014-07-22 12:20:26', '2014-08-05 09:15:03', '3d7ef810-a8f3-4b5b-ab77-3a7364445b4e');
INSERT INTO `craft_elements` (`id`, `type`, `enabled`, `archived`, `dateCreated`, `dateUpdated`, `uid`) VALUES ('95', 'Entry', '1', '0', '2014-07-22 12:28:59', '2014-10-13 16:20:07', '904c2297-f2eb-4c22-8f56-d9244278d42a');
INSERT INTO `craft_elements` (`id`, `type`, `enabled`, `archived`, `dateCreated`, `dateUpdated`, `uid`) VALUES ('96', 'MatrixBlock', '1', '0', '2014-07-22 12:28:59', '2014-08-05 09:33:20', 'a935b855-fd4a-46b0-9116-58d5c5ce41bf');
INSERT INTO `craft_elements` (`id`, `type`, `enabled`, `archived`, `dateCreated`, `dateUpdated`, `uid`) VALUES ('97', 'Entry', '1', '0', '2014-07-22 12:33:59', '2014-10-13 16:20:07', '16e8024d-2472-49bf-bf3c-d08070553fa5');
INSERT INTO `craft_elements` (`id`, `type`, `enabled`, `archived`, `dateCreated`, `dateUpdated`, `uid`) VALUES ('98', 'Asset', '1', '0', '2014-07-22 12:42:48', '2014-08-19 14:28:31', 'cf668abd-ba8c-475a-aeb0-63a466c32e5c');
INSERT INTO `craft_elements` (`id`, `type`, `enabled`, `archived`, `dateCreated`, `dateUpdated`, `uid`) VALUES ('99', 'MatrixBlock', '1', '0', '2014-07-22 12:43:35', '2014-08-05 09:18:30', '74394ad0-629d-4b9a-939a-5c160ad5b86d');
INSERT INTO `craft_elements` (`id`, `type`, `enabled`, `archived`, `dateCreated`, `dateUpdated`, `uid`) VALUES ('100', 'MatrixBlock', '1', '0', '2014-07-22 12:43:35', '2014-08-05 09:18:30', '35222839-f759-4e7a-be2d-b4621815656e');
INSERT INTO `craft_elements` (`id`, `type`, `enabled`, `archived`, `dateCreated`, `dateUpdated`, `uid`) VALUES ('101', 'MatrixBlock', '1', '0', '2014-07-22 12:43:35', '2014-08-05 09:18:30', 'b078d36d-7909-44a8-ba09-4798f93c10df');
INSERT INTO `craft_elements` (`id`, `type`, `enabled`, `archived`, `dateCreated`, `dateUpdated`, `uid`) VALUES ('102', 'MatrixBlock', '1', '0', '2014-07-22 12:43:35', '2014-08-05 09:18:30', '274d22d1-f95a-47b1-b6b8-d7ee99e35a87');
INSERT INTO `craft_elements` (`id`, `type`, `enabled`, `archived`, `dateCreated`, `dateUpdated`, `uid`) VALUES ('104', 'Entry', '1', '0', '2014-07-22 13:16:19', '2014-10-13 16:20:07', '56174eba-fcd7-4e70-b466-0766f1798e1b');
INSERT INTO `craft_elements` (`id`, `type`, `enabled`, `archived`, `dateCreated`, `dateUpdated`, `uid`) VALUES ('105', 'MatrixBlock', '1', '0', '2014-07-22 13:21:42', '2014-08-05 09:21:42', '65158c93-e1c0-450b-91c1-c0321bd186ef');
INSERT INTO `craft_elements` (`id`, `type`, `enabled`, `archived`, `dateCreated`, `dateUpdated`, `uid`) VALUES ('106', 'MatrixBlock', '1', '0', '2014-07-22 13:21:42', '2014-08-05 09:21:42', 'd9991fb1-4959-4edf-9d86-6e73dac8f34c');
INSERT INTO `craft_elements` (`id`, `type`, `enabled`, `archived`, `dateCreated`, `dateUpdated`, `uid`) VALUES ('107', 'MatrixBlock', '1', '0', '2014-07-22 13:21:42', '2014-08-05 09:21:42', '958c6736-398f-4a01-b67d-8759a419505e');
INSERT INTO `craft_elements` (`id`, `type`, `enabled`, `archived`, `dateCreated`, `dateUpdated`, `uid`) VALUES ('108', 'MatrixBlock', '1', '0', '2014-07-22 13:21:43', '2014-08-05 09:21:42', 'c9d8f1bd-54b6-4c66-aa53-84e430b3eadc');
INSERT INTO `craft_elements` (`id`, `type`, `enabled`, `archived`, `dateCreated`, `dateUpdated`, `uid`) VALUES ('109', 'MatrixBlock', '1', '0', '2014-07-22 13:21:43', '2014-08-05 09:21:42', 'e6cf0ece-1e06-4850-855c-3dde59e62174');
INSERT INTO `craft_elements` (`id`, `type`, `enabled`, `archived`, `dateCreated`, `dateUpdated`, `uid`) VALUES ('110', 'MatrixBlock', '1', '0', '2014-07-22 13:21:43', '2014-08-05 09:21:42', '56411371-b4a0-4576-bb42-0bc65c21737a');
INSERT INTO `craft_elements` (`id`, `type`, `enabled`, `archived`, `dateCreated`, `dateUpdated`, `uid`) VALUES ('111', 'MatrixBlock', '1', '0', '2014-07-22 13:21:43', '2014-08-05 09:21:42', '86368d71-0dbf-4caa-ac97-c70e7d0cc006');
INSERT INTO `craft_elements` (`id`, `type`, `enabled`, `archived`, `dateCreated`, `dateUpdated`, `uid`) VALUES ('112', 'Asset', '1', '0', '2014-07-22 14:43:10', '2014-08-19 14:28:36', '5fb0357d-beab-438b-a54d-52a67a35d132');
INSERT INTO `craft_elements` (`id`, `type`, `enabled`, `archived`, `dateCreated`, `dateUpdated`, `uid`) VALUES ('115', 'Asset', '1', '0', '2014-07-22 14:44:27', '2014-08-19 14:28:36', 'f44bef55-4235-4ecc-b58d-68b96e3b1b3a');
INSERT INTO `craft_elements` (`id`, `type`, `enabled`, `archived`, `dateCreated`, `dateUpdated`, `uid`) VALUES ('116', 'Entry', '1', '0', '2014-07-22 14:44:39', '2014-10-13 16:56:14', '2a53ee66-e2dc-4264-abd4-68415bd05ca0');
INSERT INTO `craft_elements` (`id`, `type`, `enabled`, `archived`, `dateCreated`, `dateUpdated`, `uid`) VALUES ('118', 'MatrixBlock', '1', '0', '2014-07-22 21:02:00', '2014-10-13 16:56:14', '04ab14d6-2c2e-44ef-81ea-6e1e0e041ee3');
INSERT INTO `craft_elements` (`id`, `type`, `enabled`, `archived`, `dateCreated`, `dateUpdated`, `uid`) VALUES ('120', 'Asset', '1', '0', '2014-07-23 08:10:04', '2014-08-19 14:28:33', 'a96e948c-7ec2-442c-8e2e-df3cf996449b');
INSERT INTO `craft_elements` (`id`, `type`, `enabled`, `archived`, `dateCreated`, `dateUpdated`, `uid`) VALUES ('121', 'Asset', '1', '0', '2014-07-23 08:10:05', '2014-08-19 14:28:34', 'e7008418-bcbb-486a-aa20-9fdb601a2d1b');
INSERT INTO `craft_elements` (`id`, `type`, `enabled`, `archived`, `dateCreated`, `dateUpdated`, `uid`) VALUES ('122', 'Entry', '1', '0', '2014-07-23 08:39:37', '2014-10-13 16:20:07', '68328be6-f897-46bb-8799-ace175007737');
INSERT INTO `craft_elements` (`id`, `type`, `enabled`, `archived`, `dateCreated`, `dateUpdated`, `uid`) VALUES ('126', 'MatrixBlock', '1', '0', '2014-07-23 08:52:44', '2014-08-05 08:38:59', '4fb19512-a67a-4081-bda7-f8841e01e9d6');
INSERT INTO `craft_elements` (`id`, `type`, `enabled`, `archived`, `dateCreated`, `dateUpdated`, `uid`) VALUES ('127', 'MatrixBlock', '1', '0', '2014-07-23 08:52:44', '2014-08-05 08:38:59', '0da32234-2eea-423a-9ccb-243ea448425e');
INSERT INTO `craft_elements` (`id`, `type`, `enabled`, `archived`, `dateCreated`, `dateUpdated`, `uid`) VALUES ('128', 'Entry', '0', '0', '2014-07-23 09:17:24', '2014-10-13 18:13:32', '929993a7-a658-4637-bc26-f230d0cfa437');
INSERT INTO `craft_elements` (`id`, `type`, `enabled`, `archived`, `dateCreated`, `dateUpdated`, `uid`) VALUES ('129', 'MatrixBlock', '1', '0', '2014-07-23 09:17:24', '2014-10-13 18:13:32', '58e6c8b5-96e5-4227-9f43-5839a2095db8');
INSERT INTO `craft_elements` (`id`, `type`, `enabled`, `archived`, `dateCreated`, `dateUpdated`, `uid`) VALUES ('130', 'Asset', '1', '0', '2014-07-23 09:53:19', '2014-08-19 14:28:36', '04f9c161-e394-4b65-ad59-85a91aaea0b3');
INSERT INTO `craft_elements` (`id`, `type`, `enabled`, `archived`, `dateCreated`, `dateUpdated`, `uid`) VALUES ('131', 'Asset', '1', '0', '2014-07-23 09:53:21', '2014-08-19 14:28:37', 'b566612b-51d1-455d-8ea8-16cbc3df8e26');
INSERT INTO `craft_elements` (`id`, `type`, `enabled`, `archived`, `dateCreated`, `dateUpdated`, `uid`) VALUES ('132', 'MatrixBlock', '1', '0', '2014-07-23 18:27:52', '2014-10-13 18:13:32', '5f239c1c-95f0-4830-8e02-4bde3221afad');
INSERT INTO `craft_elements` (`id`, `type`, `enabled`, `archived`, `dateCreated`, `dateUpdated`, `uid`) VALUES ('133', 'Entry', '1', '0', '2014-07-23 18:47:03', '2014-10-13 17:56:30', '6ab1b343-0f41-4331-8dff-30f92552e80f');
INSERT INTO `craft_elements` (`id`, `type`, `enabled`, `archived`, `dateCreated`, `dateUpdated`, `uid`) VALUES ('134', 'MatrixBlock', '1', '0', '2014-07-23 18:50:30', '2014-10-13 17:56:30', '554d8850-2558-4b1a-bfbf-bd1ee73af060');
INSERT INTO `craft_elements` (`id`, `type`, `enabled`, `archived`, `dateCreated`, `dateUpdated`, `uid`) VALUES ('135', 'Asset', '1', '0', '2014-07-23 19:16:03', '2014-08-19 14:28:35', 'a169446e-a74b-48e2-8a4c-c2b3df5a781e');
INSERT INTO `craft_elements` (`id`, `type`, `enabled`, `archived`, `dateCreated`, `dateUpdated`, `uid`) VALUES ('136', 'Asset', '1', '0', '2014-07-23 19:16:05', '2014-08-19 14:28:35', 'dfcce7d2-fb1c-4970-b49e-9c087b87e679');
INSERT INTO `craft_elements` (`id`, `type`, `enabled`, `archived`, `dateCreated`, `dateUpdated`, `uid`) VALUES ('147', 'Entry', '1', '0', '2014-07-24 09:56:59', '2014-10-13 16:20:07', '4ade8c37-bf76-4e0d-bd9b-b394977ddbfa');
INSERT INTO `craft_elements` (`id`, `type`, `enabled`, `archived`, `dateCreated`, `dateUpdated`, `uid`) VALUES ('148', 'MatrixBlock', '1', '0', '2014-07-24 09:56:59', '2014-08-05 08:43:30', '4cc5bc48-38d0-49c6-978f-f16893d91c9f');
INSERT INTO `craft_elements` (`id`, `type`, `enabled`, `archived`, `dateCreated`, `dateUpdated`, `uid`) VALUES ('149', 'Asset', '1', '0', '2014-07-24 10:14:33', '2014-08-19 14:28:30', '9bfd3d43-dd60-4b92-a80d-185530be86b6');
INSERT INTO `craft_elements` (`id`, `type`, `enabled`, `archived`, `dateCreated`, `dateUpdated`, `uid`) VALUES ('150', 'Asset', '1', '0', '2014-07-24 10:14:35', '2014-08-19 14:28:31', 'a5b45fcf-23d0-4fbc-b3bd-a1e8aceb16f4');
INSERT INTO `craft_elements` (`id`, `type`, `enabled`, `archived`, `dateCreated`, `dateUpdated`, `uid`) VALUES ('151', 'Entry', '1', '0', '2014-07-24 12:24:28', '2014-10-13 16:20:07', 'bd2090ba-dd14-40e7-bfbd-f2a8d72dbb95');
INSERT INTO `craft_elements` (`id`, `type`, `enabled`, `archived`, `dateCreated`, `dateUpdated`, `uid`) VALUES ('152', 'MatrixBlock', '1', '0', '2014-07-24 12:24:28', '2014-08-05 08:52:26', 'ea982fcb-166c-4f71-accd-0f077fe86961');
INSERT INTO `craft_elements` (`id`, `type`, `enabled`, `archived`, `dateCreated`, `dateUpdated`, `uid`) VALUES ('153', 'Asset', '1', '0', '2014-07-24 12:55:22', '2014-08-19 14:28:31', '91f89956-09a4-4bc9-a815-d462ce83e102');
INSERT INTO `craft_elements` (`id`, `type`, `enabled`, `archived`, `dateCreated`, `dateUpdated`, `uid`) VALUES ('154', 'Asset', '1', '0', '2014-07-24 12:55:24', '2014-08-19 14:28:32', 'c1bc05eb-05f8-4ee2-a17f-4857965bf9cd');
INSERT INTO `craft_elements` (`id`, `type`, `enabled`, `archived`, `dateCreated`, `dateUpdated`, `uid`) VALUES ('155', 'Entry', '1', '0', '2014-07-24 17:12:45', '2014-10-13 16:20:07', '11d17e5d-89fa-49ff-96c7-71a1245f7d1b');
INSERT INTO `craft_elements` (`id`, `type`, `enabled`, `archived`, `dateCreated`, `dateUpdated`, `uid`) VALUES ('157', 'Asset', '1', '0', '2014-07-24 18:28:00', '2014-08-19 14:28:33', '65b03a3d-fb13-4031-bd76-290de9a26eac');
INSERT INTO `craft_elements` (`id`, `type`, `enabled`, `archived`, `dateCreated`, `dateUpdated`, `uid`) VALUES ('158', 'Asset', '1', '0', '2014-07-24 18:28:01', '2014-08-19 14:28:33', '8fccf1ff-7e3a-44ee-a6f8-ad07f85fabcd');
INSERT INTO `craft_elements` (`id`, `type`, `enabled`, `archived`, `dateCreated`, `dateUpdated`, `uid`) VALUES ('159', 'Entry', '1', '0', '2014-07-24 18:35:13', '2014-10-13 16:20:07', '19d94410-b1c5-4bbe-8b15-1ff19ccf6f8b');
INSERT INTO `craft_elements` (`id`, `type`, `enabled`, `archived`, `dateCreated`, `dateUpdated`, `uid`) VALUES ('160', 'Asset', '1', '0', '2014-07-24 19:03:02', '2014-08-19 14:28:36', '0a90fd6d-0fd1-4c80-bc50-2b007bfa8afd');
INSERT INTO `craft_elements` (`id`, `type`, `enabled`, `archived`, `dateCreated`, `dateUpdated`, `uid`) VALUES ('161', 'Asset', '1', '0', '2014-07-24 19:03:03', '2014-08-19 14:28:36', 'e53509e1-9e86-4e1b-898b-f28492ee5412');
INSERT INTO `craft_elements` (`id`, `type`, `enabled`, `archived`, `dateCreated`, `dateUpdated`, `uid`) VALUES ('162', 'Entry', '1', '0', '2014-07-24 19:07:58', '2014-10-13 16:20:08', '60bf7286-0e7c-4cdb-ac17-5e1ba98b312b');
INSERT INTO `craft_elements` (`id`, `type`, `enabled`, `archived`, `dateCreated`, `dateUpdated`, `uid`) VALUES ('163', 'Asset', '1', '0', '2014-07-24 19:20:33', '2014-08-19 14:28:32', '30482240-bb6c-4a8d-971c-64237fa8ca1f');
INSERT INTO `craft_elements` (`id`, `type`, `enabled`, `archived`, `dateCreated`, `dateUpdated`, `uid`) VALUES ('164', 'Asset', '1', '0', '2014-07-24 19:20:34', '2014-08-19 14:28:32', 'f14bcaaa-bc89-4221-9e6a-b8a0f241d3ff');
INSERT INTO `craft_elements` (`id`, `type`, `enabled`, `archived`, `dateCreated`, `dateUpdated`, `uid`) VALUES ('165', 'Entry', '1', '0', '2014-07-24 19:25:22', '2014-10-13 16:20:08', '709a473e-6e6a-4702-8c36-1f2814632d09');
INSERT INTO `craft_elements` (`id`, `type`, `enabled`, `archived`, `dateCreated`, `dateUpdated`, `uid`) VALUES ('166', 'MatrixBlock', '1', '0', '2014-07-24 19:33:56', '2014-08-05 09:08:35', '25cbc65c-eb41-4f84-a35b-1a5400f32057');
INSERT INTO `craft_elements` (`id`, `type`, `enabled`, `archived`, `dateCreated`, `dateUpdated`, `uid`) VALUES ('167', 'MatrixBlock', '1', '0', '2014-07-24 19:33:56', '2014-08-05 09:08:35', '72ea3767-4dbf-448d-8c13-b65c451be02a');
INSERT INTO `craft_elements` (`id`, `type`, `enabled`, `archived`, `dateCreated`, `dateUpdated`, `uid`) VALUES ('172', 'Asset', '1', '0', '2014-07-25 07:27:17', '2014-08-19 14:28:29', '90d77167-75ed-44c7-9a9e-1175c1e7f05a');
INSERT INTO `craft_elements` (`id`, `type`, `enabled`, `archived`, `dateCreated`, `dateUpdated`, `uid`) VALUES ('173', 'Asset', '1', '0', '2014-07-25 07:27:19', '2014-08-19 14:28:30', '5e1b006f-f70b-48a8-9d0b-814732cd947a');
INSERT INTO `craft_elements` (`id`, `type`, `enabled`, `archived`, `dateCreated`, `dateUpdated`, `uid`) VALUES ('174', 'Entry', '1', '0', '2014-07-25 07:39:13', '2014-10-13 16:20:08', 'd4d6d871-e2a7-4010-9603-8f68d7d6605f');
INSERT INTO `craft_elements` (`id`, `type`, `enabled`, `archived`, `dateCreated`, `dateUpdated`, `uid`) VALUES ('175', 'Asset', '1', '0', '2014-07-25 08:05:47', '2014-08-19 14:28:32', '8d11ca4d-a799-43c7-aef5-e5b60014252d');
INSERT INTO `craft_elements` (`id`, `type`, `enabled`, `archived`, `dateCreated`, `dateUpdated`, `uid`) VALUES ('176', 'Asset', '1', '0', '2014-07-25 08:05:49', '2014-08-19 14:28:33', 'ead90762-71a1-48f7-937d-002a089500f3');
INSERT INTO `craft_elements` (`id`, `type`, `enabled`, `archived`, `dateCreated`, `dateUpdated`, `uid`) VALUES ('177', 'Entry', '1', '0', '2014-07-25 08:19:27', '2014-10-13 16:20:08', '5a17896c-653a-48df-b362-88e0d2a08705');
INSERT INTO `craft_elements` (`id`, `type`, `enabled`, `archived`, `dateCreated`, `dateUpdated`, `uid`) VALUES ('178', 'MatrixBlock', '1', '0', '2014-07-25 08:32:29', '2014-08-05 08:38:22', '415d58d2-902d-4e47-8415-c2d43dbe1c6f');
INSERT INTO `craft_elements` (`id`, `type`, `enabled`, `archived`, `dateCreated`, `dateUpdated`, `uid`) VALUES ('179', 'Asset', '1', '0', '2014-07-25 08:54:46', '2014-08-19 14:28:34', '80043334-3239-4d0b-8758-2054e6775d3b');
INSERT INTO `craft_elements` (`id`, `type`, `enabled`, `archived`, `dateCreated`, `dateUpdated`, `uid`) VALUES ('180', 'Asset', '1', '0', '2014-07-25 08:54:49', '2014-08-19 14:28:34', '3442cc77-e446-4654-b20b-eeffc6cf9e33');
INSERT INTO `craft_elements` (`id`, `type`, `enabled`, `archived`, `dateCreated`, `dateUpdated`, `uid`) VALUES ('182', 'MatrixBlock', '1', '0', '2014-08-04 16:48:59', '2014-08-05 09:21:42', '48470801-a65c-4eeb-a111-b17bf9dcd413');
INSERT INTO `craft_elements` (`id`, `type`, `enabled`, `archived`, `dateCreated`, `dateUpdated`, `uid`) VALUES ('183', 'MatrixBlock', '1', '0', '2014-08-04 16:48:59', '2014-08-05 09:21:42', 'f6e4ad57-5383-4048-a980-1f04393e00d8');
INSERT INTO `craft_elements` (`id`, `type`, `enabled`, `archived`, `dateCreated`, `dateUpdated`, `uid`) VALUES ('184', 'MatrixBlock', '1', '0', '2014-08-04 16:48:59', '2014-08-05 09:21:42', 'a2b7dd50-e798-4d41-af4b-d525032ab1cd');
INSERT INTO `craft_elements` (`id`, `type`, `enabled`, `archived`, `dateCreated`, `dateUpdated`, `uid`) VALUES ('199', 'MatrixBlock', '1', '0', '2014-08-05 09:32:50', '2014-08-05 09:33:20', 'abf1df08-5177-47e2-8526-08359848119f');
INSERT INTO `craft_elements` (`id`, `type`, `enabled`, `archived`, `dateCreated`, `dateUpdated`, `uid`) VALUES ('200', 'MatrixBlock', '1', '0', '2014-08-05 09:32:50', '2014-08-05 09:33:20', '9d29ec40-333f-4ad6-9db2-0f67b93c5271');
INSERT INTO `craft_elements` (`id`, `type`, `enabled`, `archived`, `dateCreated`, `dateUpdated`, `uid`) VALUES ('201', 'MatrixBlock', '1', '0', '2014-08-05 09:32:50', '2014-08-05 09:33:20', '78e3a261-3218-40f8-899c-7c2930580e60');
INSERT INTO `craft_elements` (`id`, `type`, `enabled`, `archived`, `dateCreated`, `dateUpdated`, `uid`) VALUES ('202', 'MatrixBlock', '1', '0', '2014-10-13 15:53:40', '2014-10-14 12:35:41', '5226f9b6-d916-4816-9cb8-8625775ec292');
INSERT INTO `craft_elements` (`id`, `type`, `enabled`, `archived`, `dateCreated`, `dateUpdated`, `uid`) VALUES ('203', 'MatrixBlock', '1', '0', '2014-10-13 17:30:52', '2014-10-13 17:49:11', 'e69be8c0-4bb0-4ddf-b246-733c7c4502bc');



--
-- Schema for table `craft_elements_i18n`
--

DROP TABLE IF EXISTS `craft_elements_i18n`;

CREATE TABLE `craft_elements_i18n` (
  `id` int(11) NOT NULL AUTO_INCREMENT,
  `elementId` int(11) NOT NULL,
  `locale` char(12) COLLATE utf8_unicode_ci NOT NULL,
  `slug` varchar(255) COLLATE utf8_unicode_ci DEFAULT NULL,
  `uri` varchar(255) COLLATE utf8_unicode_ci DEFAULT NULL,
  `enabled` tinyint(1) unsigned NOT NULL DEFAULT '1',
  `dateCreated` datetime NOT NULL,
  `dateUpdated` datetime NOT NULL,
  `uid` char(36) COLLATE utf8_unicode_ci NOT NULL DEFAULT '0',
  PRIMARY KEY (`id`),
  UNIQUE KEY `craft_elements_i18n_elementId_locale_unq_idx` (`elementId`,`locale`),
  UNIQUE KEY `craft_elements_i18n_uri_locale_unq_idx` (`uri`,`locale`),
  KEY `craft_elements_i18n_slug_locale_idx` (`slug`,`locale`),
  KEY `craft_elements_i18n_enabled_idx` (`enabled`),
  KEY `craft_elements_i18n_locale_fk` (`locale`)
) ENGINE=InnoDB AUTO_INCREMENT=212 DEFAULT CHARSET=utf8 COLLATE=utf8_unicode_ci;

--
-- Data for table `craft_elements_i18n`
--

INSERT INTO `craft_elements_i18n` (`id`, `elementId`, `locale`, `slug`, `uri`, `enabled`, `dateCreated`, `dateUpdated`, `uid`) VALUES ('1', '1', 'en', '', NULL, '1', '2014-05-12 11:05:28', '2014-06-25 12:23:58', '7231f926-8f01-4e38-8af9-34b55f6797b5');
INSERT INTO `craft_elements_i18n` (`id`, `elementId`, `locale`, `slug`, `uri`, `enabled`, `dateCreated`, `dateUpdated`, `uid`) VALUES ('2', '2', 'en', 'home', '__home__', '1', '2014-05-12 11:05:30', '2014-10-14 13:42:56', 'bd62cdc8-5689-4d98-8a7a-befd9f10a3c8');
INSERT INTO `craft_elements_i18n` (`id`, `elementId`, `locale`, `slug`, `uri`, `enabled`, `dateCreated`, `dateUpdated`, `uid`) VALUES ('5', '4', 'en', 'notes', 'notes', '1', '2014-05-26 14:56:43', '2014-10-13 18:13:12', 'f9b8645c-01fc-4602-9a96-1a132cb6c0bf');
INSERT INTO `craft_elements_i18n` (`id`, `elementId`, `locale`, `slug`, `uri`, `enabled`, `dateCreated`, `dateUpdated`, `uid`) VALUES ('6', '5', 'en', 'about', 'about', '1', '2014-05-26 15:03:37', '2014-10-14 12:53:04', 'ceb58a54-d505-457b-a8d1-3dfbddd1e6de');
INSERT INTO `craft_elements_i18n` (`id`, `elementId`, `locale`, `slug`, `uri`, `enabled`, `dateCreated`, `dateUpdated`, `uid`) VALUES ('8', '7', 'en', 'projects', 'projects', '1', '2014-05-26 15:06:11', '2014-10-14 12:35:41', 'ce2b5025-f12b-46f3-8500-2141347541ba');
INSERT INTO `craft_elements_i18n` (`id`, `elementId`, `locale`, `slug`, `uri`, `enabled`, `dateCreated`, `dateUpdated`, `uid`) VALUES ('9', '8', 'en', '', NULL, '1', '2014-05-26 15:11:47', '2014-10-14 13:42:56', 'b5ce6934-c61a-4317-9dad-16ae0d8c57ee');
INSERT INTO `craft_elements_i18n` (`id`, `elementId`, `locale`, `slug`, `uri`, `enabled`, `dateCreated`, `dateUpdated`, `uid`) VALUES ('26', '25', 'en', '', NULL, '1', '2014-05-26 19:32:19', '2014-10-14 12:53:04', '8774bc59-6e81-485a-9a5a-81b19b333d99');
INSERT INTO `craft_elements_i18n` (`id`, `elementId`, `locale`, `slug`, `uri`, `enabled`, `dateCreated`, `dateUpdated`, `uid`) VALUES ('27', '26', 'en', '', NULL, '1', '2014-05-26 19:32:19', '2014-10-14 12:53:04', 'c3babafe-24cc-4787-87f6-cc7fbbb940af');
INSERT INTO `craft_elements_i18n` (`id`, `elementId`, `locale`, `slug`, `uri`, `enabled`, `dateCreated`, `dateUpdated`, `uid`) VALUES ('28', '27', 'en', '', NULL, '1', '2014-05-26 19:32:19', '2014-10-14 12:53:04', '5123d36e-570e-4fc8-94cc-d8b0ef970635');
INSERT INTO `craft_elements_i18n` (`id`, `elementId`, `locale`, `slug`, `uri`, `enabled`, `dateCreated`, `dateUpdated`, `uid`) VALUES ('29', '28', 'en', '', NULL, '1', '2014-05-26 19:32:19', '2014-10-14 12:53:04', '57a284e5-97f3-410f-abf8-1f83b7c9d187');
INSERT INTO `craft_elements_i18n` (`id`, `elementId`, `locale`, `slug`, `uri`, `enabled`, `dateCreated`, `dateUpdated`, `uid`) VALUES ('30', '29', 'en', '', NULL, '1', '2014-05-26 19:35:01', '2014-10-13 17:23:11', '3c23feec-ba1d-4107-b32d-fd5e805e8ac7');
INSERT INTO `craft_elements_i18n` (`id`, `elementId`, `locale`, `slug`, `uri`, `enabled`, `dateCreated`, `dateUpdated`, `uid`) VALUES ('31', '30', 'en', '', NULL, '1', '2014-05-26 19:39:51', '2014-08-05 09:34:36', '43103e03-f8de-4d4c-ae65-3a20957ff03f');
INSERT INTO `craft_elements_i18n` (`id`, `elementId`, `locale`, `slug`, `uri`, `enabled`, `dateCreated`, `dateUpdated`, `uid`) VALUES ('35', '33', 'en', '', NULL, '1', '2014-05-26 20:47:34', '2014-10-14 12:53:04', 'cf96f052-9dcd-4087-a207-30ca9e61984d');
INSERT INTO `craft_elements_i18n` (`id`, `elementId`, `locale`, `slug`, `uri`, `enabled`, `dateCreated`, `dateUpdated`, `uid`) VALUES ('36', '34', 'en', '', NULL, '1', '2014-05-26 20:47:34', '2014-10-14 12:53:04', '775c86c5-9a70-4822-b9ab-702d171df0a4');
INSERT INTO `craft_elements_i18n` (`id`, `elementId`, `locale`, `slug`, `uri`, `enabled`, `dateCreated`, `dateUpdated`, `uid`) VALUES ('38', '36', 'en', '', NULL, '1', '2014-05-26 21:01:51', '2014-10-13 16:50:00', '93c65fc3-3004-44c4-a7e9-6d8cbd6563ec');
INSERT INTO `craft_elements_i18n` (`id`, `elementId`, `locale`, `slug`, `uri`, `enabled`, `dateCreated`, `dateUpdated`, `uid`) VALUES ('41', '39', 'en', '', NULL, '1', '2014-06-25 14:53:45', '2014-07-17 06:41:26', 'b0e2dff8-82a3-4202-80c9-5288075995ce');
INSERT INTO `craft_elements_i18n` (`id`, `elementId`, `locale`, `slug`, `uri`, `enabled`, `dateCreated`, `dateUpdated`, `uid`) VALUES ('42', '40', 'en', 'sustainable-food-city', 'projects/sustainable-food-city', '1', '2014-06-26 08:48:19', '2014-10-13 22:10:20', '6d8488a6-71a2-4e55-8024-44b763f5e714');
INSERT INTO `craft_elements_i18n` (`id`, `elementId`, `locale`, `slug`, `uri`, `enabled`, `dateCreated`, `dateUpdated`, `uid`) VALUES ('43', '41', 'en', 'sfc-thumb', NULL, '1', '2014-06-26 08:52:23', '2014-08-19 14:28:35', '10876ab2-b589-4a34-87cb-494b3745f77d');
INSERT INTO `craft_elements_i18n` (`id`, `elementId`, `locale`, `slug`, `uri`, `enabled`, `dateCreated`, `dateUpdated`, `uid`) VALUES ('48', '46', 'en', 'sfc-main-1', NULL, '1', '2014-06-26 08:57:24', '2014-10-14 13:05:14', '3a52aed5-c27a-4d41-a751-cf4b12c16647');
INSERT INTO `craft_elements_i18n` (`id`, `elementId`, `locale`, `slug`, `uri`, `enabled`, `dateCreated`, `dateUpdated`, `uid`) VALUES ('51', '49', 'en', '', NULL, '1', '2014-06-26 09:18:51', '2014-10-13 22:10:20', 'd1528c95-7777-493b-a5db-9dd9b1ed1bba');
INSERT INTO `craft_elements_i18n` (`id`, `elementId`, `locale`, `slug`, `uri`, `enabled`, `dateCreated`, `dateUpdated`, `uid`) VALUES ('52', '50', 'en', '', NULL, '1', '2014-07-17 06:41:26', '2014-07-17 06:41:26', '42e42d46-d2c2-4f0c-8b4c-792bef5669ab');
INSERT INTO `craft_elements_i18n` (`id`, `elementId`, `locale`, `slug`, `uri`, `enabled`, `dateCreated`, `dateUpdated`, `uid`) VALUES ('53', '51', 'en', '', NULL, '1', '2014-07-17 06:41:26', '2014-07-17 06:41:26', '75d2f736-b351-44c6-bb7a-43a6dfa79190');
INSERT INTO `craft_elements_i18n` (`id`, `elementId`, `locale`, `slug`, `uri`, `enabled`, `dateCreated`, `dateUpdated`, `uid`) VALUES ('54', '52', 'en', '', NULL, '1', '2014-07-17 06:41:26', '2014-07-17 06:41:26', '308a6882-8184-49d7-94e1-59e219242c12');
INSERT INTO `craft_elements_i18n` (`id`, `elementId`, `locale`, `slug`, `uri`, `enabled`, `dateCreated`, `dateUpdated`, `uid`) VALUES ('55', '53', 'en', '', NULL, '1', '2014-07-17 06:41:26', '2014-07-17 06:41:26', 'fbe46775-9ff6-4566-9680-e3456c89d17f');
INSERT INTO `craft_elements_i18n` (`id`, `elementId`, `locale`, `slug`, `uri`, `enabled`, `dateCreated`, `dateUpdated`, `uid`) VALUES ('56', '54', 'en', '', NULL, '1', '2014-07-17 06:41:26', '2014-07-17 06:41:26', '52d06ac0-a0c4-470f-b6ec-09209336ba5d');
INSERT INTO `craft_elements_i18n` (`id`, `elementId`, `locale`, `slug`, `uri`, `enabled`, `dateCreated`, `dateUpdated`, `uid`) VALUES ('57', '55', 'en', '', NULL, '1', '2014-07-17 06:41:26', '2014-07-17 06:41:26', '5010ff7d-65fe-4468-b16f-c38a9f0b8ae1');
INSERT INTO `craft_elements_i18n` (`id`, `elementId`, `locale`, `slug`, `uri`, `enabled`, `dateCreated`, `dateUpdated`, `uid`) VALUES ('61', '59', 'en', '', NULL, '1', '2014-07-22 10:06:22', '2014-10-13 15:53:40', '3b7e2267-17c3-4a99-bc39-b7c7c1616793');
INSERT INTO `craft_elements_i18n` (`id`, `elementId`, `locale`, `slug`, `uri`, `enabled`, `dateCreated`, `dateUpdated`, `uid`) VALUES ('62', '60', 'en', 'back-to-basics', 'notes/back-to-basics', '1', '2014-07-22 10:44:29', '2014-10-13 16:20:07', '63243c6f-2ab3-42fb-b754-d2b6b6de3edb');
INSERT INTO `craft_elements_i18n` (`id`, `elementId`, `locale`, `slug`, `uri`, `enabled`, `dateCreated`, `dateUpdated`, `uid`) VALUES ('63', '61', 'en', '', NULL, '1', '2014-07-22 10:45:07', '2014-07-22 12:21:12', '7809de02-4a64-488a-b27e-8609911806a6');
INSERT INTO `craft_elements_i18n` (`id`, `elementId`, `locale`, `slug`, `uri`, `enabled`, `dateCreated`, `dateUpdated`, `uid`) VALUES ('65', '63', 'en', '', NULL, '1', '2014-07-22 11:03:03', '2014-07-22 12:21:12', '73e39668-fa6f-4c54-ab38-875bfdd1e540');
INSERT INTO `craft_elements_i18n` (`id`, `elementId`, `locale`, `slug`, `uri`, `enabled`, `dateCreated`, `dateUpdated`, `uid`) VALUES ('66', '64', 'en', 'core-model-example', NULL, '1', '2014-07-22 11:05:37', '2014-08-19 14:28:30', 'cf3c9c8f-0ae4-4eb2-9b3c-847defdd8f48');
INSERT INTO `craft_elements_i18n` (`id`, `elementId`, `locale`, `slug`, `uri`, `enabled`, `dateCreated`, `dateUpdated`, `uid`) VALUES ('68', '66', 'en', '', NULL, '1', '2014-07-22 11:06:39', '2014-07-22 12:21:12', '25aa1e22-ee3a-482d-b058-427924e3fe3a');
INSERT INTO `craft_elements_i18n` (`id`, `elementId`, `locale`, `slug`, `uri`, `enabled`, `dateCreated`, `dateUpdated`, `uid`) VALUES ('69', '67', 'en', '', NULL, '1', '2014-07-22 11:06:39', '2014-07-22 12:21:12', 'a568420f-e088-40f0-becd-2dda8c3f85f6');
INSERT INTO `craft_elements_i18n` (`id`, `elementId`, `locale`, `slug`, `uri`, `enabled`, `dateCreated`, `dateUpdated`, `uid`) VALUES ('70', '68', 'en', '', NULL, '1', '2014-07-22 11:07:36', '2014-07-22 12:21:12', '6c3ff46b-2175-4bd7-af6d-e7165cfc0d6c');
INSERT INTO `craft_elements_i18n` (`id`, `elementId`, `locale`, `slug`, `uri`, `enabled`, `dateCreated`, `dateUpdated`, `uid`) VALUES ('71', '69', 'en', '', NULL, '1', '2014-07-22 11:07:48', '2014-07-22 12:21:12', '42d5dcee-77e2-4b93-8406-2f987a232105');
INSERT INTO `craft_elements_i18n` (`id`, `elementId`, `locale`, `slug`, `uri`, `enabled`, `dateCreated`, `dateUpdated`, `uid`) VALUES ('72', '70', 'en', '', NULL, '1', '2014-07-22 11:09:00', '2014-07-22 12:21:12', '6e2260bf-49d4-4150-8cb2-87464f199dcf');
INSERT INTO `craft_elements_i18n` (`id`, `elementId`, `locale`, `slug`, `uri`, `enabled`, `dateCreated`, `dateUpdated`, `uid`) VALUES ('73', '71', 'en', '', NULL, '1', '2014-07-22 11:09:00', '2014-07-22 12:21:12', '4391dec3-6d81-4772-9edd-d285763fd8e0');
INSERT INTO `craft_elements_i18n` (`id`, `elementId`, `locale`, `slug`, `uri`, `enabled`, `dateCreated`, `dateUpdated`, `uid`) VALUES ('74', '72', 'en', '', NULL, '1', '2014-07-22 11:11:01', '2014-07-22 12:21:12', 'd5380874-c18c-4670-9934-908c0e6a9e7f');
INSERT INTO `craft_elements_i18n` (`id`, `elementId`, `locale`, `slug`, `uri`, `enabled`, `dateCreated`, `dateUpdated`, `uid`) VALUES ('75', '73', 'en', '', NULL, '1', '2014-07-22 11:11:01', '2014-07-22 12:21:12', 'f7d3feb1-f69d-48f6-acf9-9561998a63e1');
INSERT INTO `craft_elements_i18n` (`id`, `elementId`, `locale`, `slug`, `uri`, `enabled`, `dateCreated`, `dateUpdated`, `uid`) VALUES ('76', '74', 'en', '', NULL, '1', '2014-07-22 11:11:01', '2014-07-22 12:21:12', '144b34ec-fa20-4f80-9829-2d1e75f9ef0c');
INSERT INTO `craft_elements_i18n` (`id`, `elementId`, `locale`, `slug`, `uri`, `enabled`, `dateCreated`, `dateUpdated`, `uid`) VALUES ('77', '75', 'en', '', NULL, '1', '2014-07-22 11:11:01', '2014-07-22 12:21:12', '250abf73-a06e-4818-9271-7c60c864ad64');
INSERT INTO `craft_elements_i18n` (`id`, `elementId`, `locale`, `slug`, `uri`, `enabled`, `dateCreated`, `dateUpdated`, `uid`) VALUES ('78', '76', 'en', '', NULL, '1', '2014-07-22 11:11:01', '2014-07-22 12:21:12', 'fa6c9356-32fd-45ba-85df-51f42c9d4923');
INSERT INTO `craft_elements_i18n` (`id`, `elementId`, `locale`, `slug`, `uri`, `enabled`, `dateCreated`, `dateUpdated`, `uid`) VALUES ('79', '77', 'en', 'a-bottom-fixed-menu-for-mobiles', 'notes/a-bottom-fixed-menu-for-mobiles', '1', '2014-07-22 11:58:15', '2014-10-13 16:20:07', 'dadcd215-5cfc-4c57-8fc2-e8119de253f9');
INSERT INTO `craft_elements_i18n` (`id`, `elementId`, `locale`, `slug`, `uri`, `enabled`, `dateCreated`, `dateUpdated`, `uid`) VALUES ('80', '78', 'en', 'twitter-app', NULL, '1', '2014-07-22 12:00:45', '2014-08-19 14:28:31', 'df95745b-984c-4bd4-a20a-0a07de0e60a0');
INSERT INTO `craft_elements_i18n` (`id`, `elementId`, `locale`, `slug`, `uri`, `enabled`, `dateCreated`, `dateUpdated`, `uid`) VALUES ('81', '79', 'en', '', NULL, '1', '2014-07-22 12:02:55', '2014-08-05 09:15:03', 'eb11cc64-8e44-419f-963a-d99858e95d15');
INSERT INTO `craft_elements_i18n` (`id`, `elementId`, `locale`, `slug`, `uri`, `enabled`, `dateCreated`, `dateUpdated`, `uid`) VALUES ('82', '80', 'en', '', NULL, '1', '2014-07-22 12:02:55', '2014-08-05 09:15:03', '566e966f-ac6d-45bb-b3c0-8fc4734c3012');
INSERT INTO `craft_elements_i18n` (`id`, `elementId`, `locale`, `slug`, `uri`, `enabled`, `dateCreated`, `dateUpdated`, `uid`) VALUES ('83', '81', 'en', '', NULL, '1', '2014-07-22 12:02:55', '2014-08-05 09:15:03', 'da7a6aae-d484-42e9-bfd6-847684392b99');
INSERT INTO `craft_elements_i18n` (`id`, `elementId`, `locale`, `slug`, `uri`, `enabled`, `dateCreated`, `dateUpdated`, `uid`) VALUES ('84', '82', 'en', '', NULL, '1', '2014-07-22 12:02:55', '2014-08-05 09:15:03', '0f70b659-7f2e-4c3b-9676-291cdc568a5d');
INSERT INTO `craft_elements_i18n` (`id`, `elementId`, `locale`, `slug`, `uri`, `enabled`, `dateCreated`, `dateUpdated`, `uid`) VALUES ('86', '84', 'en', '', NULL, '1', '2014-07-22 12:02:55', '2014-08-05 09:15:03', 'dcce2a49-0f87-4200-892d-7bd80921233b');
INSERT INTO `craft_elements_i18n` (`id`, `elementId`, `locale`, `slug`, `uri`, `enabled`, `dateCreated`, `dateUpdated`, `uid`) VALUES ('87', '85', 'en', 'bottom-fixed-menu', NULL, '1', '2014-07-22 12:11:41', '2014-08-19 14:28:29', '6e2fddbc-eb61-400a-a11b-f5e826af6e6b');
INSERT INTO `craft_elements_i18n` (`id`, `elementId`, `locale`, `slug`, `uri`, `enabled`, `dateCreated`, `dateUpdated`, `uid`) VALUES ('88', '86', 'en', '', NULL, '1', '2014-07-22 12:12:27', '2014-08-05 09:15:03', '595926a9-f01e-4d37-849b-e2e75ea8fcaf');
INSERT INTO `craft_elements_i18n` (`id`, `elementId`, `locale`, `slug`, `uri`, `enabled`, `dateCreated`, `dateUpdated`, `uid`) VALUES ('89', '87', 'en', '', NULL, '1', '2014-07-22 12:12:27', '2014-08-05 09:15:03', '76403342-0c5c-43d8-a341-e1aca7608377');
INSERT INTO `craft_elements_i18n` (`id`, `elementId`, `locale`, `slug`, `uri`, `enabled`, `dateCreated`, `dateUpdated`, `uid`) VALUES ('90', '88', 'en', '', NULL, '1', '2014-07-22 12:12:27', '2014-08-05 09:15:03', '04e95f1b-f545-4ae6-a3db-d73e8305bc8a');
INSERT INTO `craft_elements_i18n` (`id`, `elementId`, `locale`, `slug`, `uri`, `enabled`, `dateCreated`, `dateUpdated`, `uid`) VALUES ('91', '89', 'en', '', NULL, '1', '2014-07-22 12:12:27', '2014-08-05 09:15:03', 'a6b2efa2-e4f2-4d58-88b1-c7dff9266f9a');
INSERT INTO `craft_elements_i18n` (`id`, `elementId`, `locale`, `slug`, `uri`, `enabled`, `dateCreated`, `dateUpdated`, `uid`) VALUES ('92', '90', 'en', '', NULL, '1', '2014-07-22 12:12:27', '2014-08-05 09:15:03', '76677baf-092c-427d-b95c-205d99bc0a0a');
INSERT INTO `craft_elements_i18n` (`id`, `elementId`, `locale`, `slug`, `uri`, `enabled`, `dateCreated`, `dateUpdated`, `uid`) VALUES ('93', '91', 'en', '', NULL, '1', '2014-07-22 12:12:27', '2014-08-05 09:15:03', 'f43c831b-0ee8-4195-8d30-c8356bb0decb');
INSERT INTO `craft_elements_i18n` (`id`, `elementId`, `locale`, `slug`, `uri`, `enabled`, `dateCreated`, `dateUpdated`, `uid`) VALUES ('94', '92', 'en', '', NULL, '1', '2014-07-22 12:12:27', '2014-08-05 09:15:03', '657c55e6-3417-4f5f-86fc-32939e865bf6');
INSERT INTO `craft_elements_i18n` (`id`, `elementId`, `locale`, `slug`, `uri`, `enabled`, `dateCreated`, `dateUpdated`, `uid`) VALUES ('95', '93', 'en', '', NULL, '1', '2014-07-22 12:12:27', '2014-08-05 09:15:03', 'ec4b0607-bb19-4c7f-8081-78208b18c433');
INSERT INTO `craft_elements_i18n` (`id`, `elementId`, `locale`, `slug`, `uri`, `enabled`, `dateCreated`, `dateUpdated`, `uid`) VALUES ('96', '94', 'en', '', NULL, '1', '2014-07-22 12:20:26', '2014-08-05 09:15:03', 'b4c0c2d4-4740-43a2-bcbc-96cb95acef4a');
INSERT INTO `craft_elements_i18n` (`id`, `elementId`, `locale`, `slug`, `uri`, `enabled`, `dateCreated`, `dateUpdated`, `uid`) VALUES ('97', '95', 'en', 'coding-is-a-craft', 'notes/coding-is-a-craft', '1', '2014-07-22 12:28:59', '2014-10-13 16:20:07', 'af67187e-c8c0-465f-87d1-5d9f47452dfa');
INSERT INTO `craft_elements_i18n` (`id`, `elementId`, `locale`, `slug`, `uri`, `enabled`, `dateCreated`, `dateUpdated`, `uid`) VALUES ('98', '96', 'en', '', NULL, '1', '2014-07-22 12:28:59', '2014-08-05 09:33:20', '25b236ee-25c0-4e82-b0c7-8e0e68e949ac');
INSERT INTO `craft_elements_i18n` (`id`, `elementId`, `locale`, `slug`, `uri`, `enabled`, `dateCreated`, `dateUpdated`, `uid`) VALUES ('99', '97', 'en', 'i-aint-no-multi-line-girl', 'notes/i-aint-no-multi-line-girl', '1', '2014-07-22 12:33:59', '2014-10-13 16:20:07', '425a94a1-8a3d-473e-ba6e-45e0bf9f53a9');
INSERT INTO `craft_elements_i18n` (`id`, `elementId`, `locale`, `slug`, `uri`, `enabled`, `dateCreated`, `dateUpdated`, `uid`) VALUES ('100', '98', 'en', 'single-line-css', NULL, '1', '2014-07-22 12:42:48', '2014-08-19 14:28:31', '8ad3ea65-081b-4ffe-b14b-7f4e113e6a79');
INSERT INTO `craft_elements_i18n` (`id`, `elementId`, `locale`, `slug`, `uri`, `enabled`, `dateCreated`, `dateUpdated`, `uid`) VALUES ('101', '99', 'en', '', NULL, '1', '2014-07-22 12:43:35', '2014-08-05 09:18:30', '06587ac1-2c13-4a93-81ca-1db8f046778c');
INSERT INTO `craft_elements_i18n` (`id`, `elementId`, `locale`, `slug`, `uri`, `enabled`, `dateCreated`, `dateUpdated`, `uid`) VALUES ('102', '100', 'en', '', NULL, '1', '2014-07-22 12:43:35', '2014-08-05 09:18:30', '361c82b0-a10e-45d2-9e92-ab999570b6c6');
INSERT INTO `craft_elements_i18n` (`id`, `elementId`, `locale`, `slug`, `uri`, `enabled`, `dateCreated`, `dateUpdated`, `uid`) VALUES ('103', '101', 'en', '', NULL, '1', '2014-07-22 12:43:35', '2014-08-05 09:18:30', 'cdd29f16-c84d-4a5a-91c6-fb84f86d1c08');
INSERT INTO `craft_elements_i18n` (`id`, `elementId`, `locale`, `slug`, `uri`, `enabled`, `dateCreated`, `dateUpdated`, `uid`) VALUES ('104', '102', 'en', '', NULL, '1', '2014-07-22 12:43:35', '2014-08-05 09:18:30', 'b503f525-3561-4cd4-87d2-a36630378270');
INSERT INTO `craft_elements_i18n` (`id`, `elementId`, `locale`, `slug`, `uri`, `enabled`, `dateCreated`, `dateUpdated`, `uid`) VALUES ('106', '104', 'en', 'roll-to-your-own-base', 'notes/roll-to-your-own-base', '1', '2014-07-22 13:16:19', '2014-10-13 16:20:07', 'dfa41359-d5ca-4706-b71e-2319bd952274');
INSERT INTO `craft_elements_i18n` (`id`, `elementId`, `locale`, `slug`, `uri`, `enabled`, `dateCreated`, `dateUpdated`, `uid`) VALUES ('107', '105', 'en', '', NULL, '1', '2014-07-22 13:21:42', '2014-08-05 09:21:42', '1a383ed5-577b-4ebe-b2c5-d0142c43f93e');
INSERT INTO `craft_elements_i18n` (`id`, `elementId`, `locale`, `slug`, `uri`, `enabled`, `dateCreated`, `dateUpdated`, `uid`) VALUES ('108', '106', 'en', '', NULL, '1', '2014-07-22 13:21:42', '2014-08-05 09:21:42', 'eb2738f9-dd90-4fd0-99b4-024d042bd6cc');
INSERT INTO `craft_elements_i18n` (`id`, `elementId`, `locale`, `slug`, `uri`, `enabled`, `dateCreated`, `dateUpdated`, `uid`) VALUES ('109', '107', 'en', '', NULL, '1', '2014-07-22 13:21:42', '2014-08-05 09:21:42', '32cfb76a-c642-49fa-a364-d8c48546c019');
INSERT INTO `craft_elements_i18n` (`id`, `elementId`, `locale`, `slug`, `uri`, `enabled`, `dateCreated`, `dateUpdated`, `uid`) VALUES ('110', '108', 'en', '', NULL, '1', '2014-07-22 13:21:43', '2014-08-05 09:21:42', '8466f139-31e7-4a33-993c-0ea00d2a0e6c');
INSERT INTO `craft_elements_i18n` (`id`, `elementId`, `locale`, `slug`, `uri`, `enabled`, `dateCreated`, `dateUpdated`, `uid`) VALUES ('111', '109', 'en', '', NULL, '1', '2014-07-22 13:21:43', '2014-08-05 09:21:42', '6324e6a5-9eb6-4d23-bd8a-b85da5290963');
INSERT INTO `craft_elements_i18n` (`id`, `elementId`, `locale`, `slug`, `uri`, `enabled`, `dateCreated`, `dateUpdated`, `uid`) VALUES ('112', '110', 'en', '', NULL, '1', '2014-07-22 13:21:43', '2014-08-05 09:21:42', 'abc69c6d-e57b-493e-9c1f-32fa89ab1760');
INSERT INTO `craft_elements_i18n` (`id`, `elementId`, `locale`, `slug`, `uri`, `enabled`, `dateCreated`, `dateUpdated`, `uid`) VALUES ('113', '111', 'en', '', NULL, '1', '2014-07-22 13:21:43', '2014-08-05 09:21:42', 'aa08898e-4de2-4a28-bb53-99365a8b2b7c');
INSERT INTO `craft_elements_i18n` (`id`, `elementId`, `locale`, `slug`, `uri`, `enabled`, `dateCreated`, `dateUpdated`, `uid`) VALUES ('114', '112', 'en', 'tt-thumb', NULL, '1', '2014-07-22 14:43:10', '2014-08-19 14:28:36', 'b0a6f4e1-ab2b-481d-b2f5-61ced1293a4c');
INSERT INTO `craft_elements_i18n` (`id`, `elementId`, `locale`, `slug`, `uri`, `enabled`, `dateCreated`, `dateUpdated`, `uid`) VALUES ('117', '115', 'en', 'tt-main', NULL, '1', '2014-07-22 14:44:27', '2014-08-19 14:28:36', 'e3731c9c-11b6-4ac1-ad70-5b27fc71a774');
INSERT INTO `craft_elements_i18n` (`id`, `elementId`, `locale`, `slug`, `uri`, `enabled`, `dateCreated`, `dateUpdated`, `uid`) VALUES ('118', '116', 'en', 'totally-thames', 'projects/totally-thames', '1', '2014-07-22 14:44:39', '2014-10-13 16:56:14', '591f801a-5ea2-4a88-b543-2f975c805f80');
INSERT INTO `craft_elements_i18n` (`id`, `elementId`, `locale`, `slug`, `uri`, `enabled`, `dateCreated`, `dateUpdated`, `uid`) VALUES ('120', '118', 'en', '', NULL, '1', '2014-07-22 21:02:00', '2014-10-13 16:56:14', 'e4b98265-76db-4dbb-bc6e-714dc806c422');
INSERT INTO `craft_elements_i18n` (`id`, `elementId`, `locale`, `slug`, `uri`, `enabled`, `dateCreated`, `dateUpdated`, `uid`) VALUES ('122', '120', 'en', 'hvo-main', NULL, '1', '2014-07-23 08:10:04', '2014-08-19 14:28:33', '56dc13da-90b6-4a74-b305-5f8231a32788');
INSERT INTO `craft_elements_i18n` (`id`, `elementId`, `locale`, `slug`, `uri`, `enabled`, `dateCreated`, `dateUpdated`, `uid`) VALUES ('123', '121', 'en', 'hvo-thumb', NULL, '1', '2014-07-23 08:10:05', '2014-08-19 14:28:34', 'e6a4e219-fbd5-49fc-b26f-e7b567b99372');
INSERT INTO `craft_elements_i18n` (`id`, `elementId`, `locale`, `slug`, `uri`, `enabled`, `dateCreated`, `dateUpdated`, `uid`) VALUES ('124', '122', 'en', 'hvo-search', 'projects/hvo-search', '1', '2014-07-23 08:39:37', '2014-10-13 16:20:07', '2a47c128-4f7c-4eff-8bca-c8f714d35caf');
INSERT INTO `craft_elements_i18n` (`id`, `elementId`, `locale`, `slug`, `uri`, `enabled`, `dateCreated`, `dateUpdated`, `uid`) VALUES ('128', '126', 'en', '', NULL, '1', '2014-07-23 08:52:44', '2014-08-05 08:38:59', '81d6a84a-b7cb-4e51-91bd-7de257bdaa83');
INSERT INTO `craft_elements_i18n` (`id`, `elementId`, `locale`, `slug`, `uri`, `enabled`, `dateCreated`, `dateUpdated`, `uid`) VALUES ('129', '127', 'en', '', NULL, '1', '2014-07-23 08:52:44', '2014-08-05 08:38:59', 'b6ff5823-3988-46e3-8e03-2a38fed4ee46');
INSERT INTO `craft_elements_i18n` (`id`, `elementId`, `locale`, `slug`, `uri`, `enabled`, `dateCreated`, `dateUpdated`, `uid`) VALUES ('130', '128', 'en', 'urban-classic', 'projects/urban-classic', '1', '2014-07-23 09:17:24', '2014-10-13 18:13:32', '17b803ab-05b6-4fbe-8f14-48494ca7fd0d');
INSERT INTO `craft_elements_i18n` (`id`, `elementId`, `locale`, `slug`, `uri`, `enabled`, `dateCreated`, `dateUpdated`, `uid`) VALUES ('131', '129', 'en', '', NULL, '1', '2014-07-23 09:17:24', '2014-10-13 18:13:32', 'dd2ac887-0803-4d56-ae49-489460b44b67');
INSERT INTO `craft_elements_i18n` (`id`, `elementId`, `locale`, `slug`, `uri`, `enabled`, `dateCreated`, `dateUpdated`, `uid`) VALUES ('132', '130', 'en', 'urban-classic-main', NULL, '1', '2014-07-23 09:53:19', '2014-08-19 14:28:36', 'b9a2ad9c-dcf6-46bc-af62-de045b37f252');
INSERT INTO `craft_elements_i18n` (`id`, `elementId`, `locale`, `slug`, `uri`, `enabled`, `dateCreated`, `dateUpdated`, `uid`) VALUES ('133', '131', 'en', 'urban-classic-thumb', NULL, '1', '2014-07-23 09:53:21', '2014-08-19 14:28:37', '746de27e-6c88-4723-a5be-fca0a7cbc5c5');
INSERT INTO `craft_elements_i18n` (`id`, `elementId`, `locale`, `slug`, `uri`, `enabled`, `dateCreated`, `dateUpdated`, `uid`) VALUES ('134', '132', 'en', '', NULL, '1', '2014-07-23 18:27:52', '2014-10-13 18:13:32', '29fdd09c-cdf7-43da-91e0-ac11bfa3b602');
INSERT INTO `craft_elements_i18n` (`id`, `elementId`, `locale`, `slug`, `uri`, `enabled`, `dateCreated`, `dateUpdated`, `uid`) VALUES ('135', '133', 'en', 'shoreditch-town-hall', 'projects/shoreditch-town-hall', '1', '2014-07-23 18:47:03', '2014-10-13 17:56:30', '1890938a-9b08-44d1-8f09-f11b82fd0439');
INSERT INTO `craft_elements_i18n` (`id`, `elementId`, `locale`, `slug`, `uri`, `enabled`, `dateCreated`, `dateUpdated`, `uid`) VALUES ('136', '134', 'en', '', NULL, '1', '2014-07-23 18:50:30', '2014-10-13 17:56:30', '61a0f6bc-482d-421b-8496-e529a6339669');
INSERT INTO `craft_elements_i18n` (`id`, `elementId`, `locale`, `slug`, `uri`, `enabled`, `dateCreated`, `dateUpdated`, `uid`) VALUES ('137', '135', 'en', 'sth-main', NULL, '1', '2014-07-23 19:16:03', '2014-08-19 14:28:35', '6bc6b317-545d-4c26-b309-4e114c4da30f');
INSERT INTO `craft_elements_i18n` (`id`, `elementId`, `locale`, `slug`, `uri`, `enabled`, `dateCreated`, `dateUpdated`, `uid`) VALUES ('138', '136', 'en', 'sth-thumb', NULL, '1', '2014-07-23 19:16:05', '2014-08-19 14:28:35', '92a31369-df7d-4e83-86a8-81b4d62c7462');
INSERT INTO `craft_elements_i18n` (`id`, `elementId`, `locale`, `slug`, `uri`, `enabled`, `dateCreated`, `dateUpdated`, `uid`) VALUES ('149', '147', 'en', 'anything-gift', 'projects/anything-gift', '1', '2014-07-24 09:56:59', '2014-10-13 16:20:07', '32007d22-32cc-461c-82d5-51f762e1c08c');
INSERT INTO `craft_elements_i18n` (`id`, `elementId`, `locale`, `slug`, `uri`, `enabled`, `dateCreated`, `dateUpdated`, `uid`) VALUES ('150', '148', 'en', '', NULL, '1', '2014-07-24 09:56:59', '2014-08-05 08:43:30', 'd93fd35e-2568-4dac-b88a-b4ad36fdc37d');
INSERT INTO `craft_elements_i18n` (`id`, `elementId`, `locale`, `slug`, `uri`, `enabled`, `dateCreated`, `dateUpdated`, `uid`) VALUES ('151', '149', 'en', 'anything-gift-main', NULL, '1', '2014-07-24 10:14:33', '2014-08-19 14:28:30', '467ab5f6-1632-43b1-adbb-32d1b2534c19');
INSERT INTO `craft_elements_i18n` (`id`, `elementId`, `locale`, `slug`, `uri`, `enabled`, `dateCreated`, `dateUpdated`, `uid`) VALUES ('152', '150', 'en', 'anything-gift-thumb', NULL, '1', '2014-07-24 10:14:35', '2014-08-19 14:28:31', 'e378ce7b-8674-4bea-99b1-84916d1dc9d7');
INSERT INTO `craft_elements_i18n` (`id`, `elementId`, `locale`, `slug`, `uri`, `enabled`, `dateCreated`, `dateUpdated`, `uid`) VALUES ('153', '151', 'en', 'arboreal-architecture', 'projects/arboreal-architecture', '1', '2014-07-24 12:24:28', '2014-10-13 16:20:07', 'b1235fab-cd77-4269-ae4e-687cfd8e14a8');
INSERT INTO `craft_elements_i18n` (`id`, `elementId`, `locale`, `slug`, `uri`, `enabled`, `dateCreated`, `dateUpdated`, `uid`) VALUES ('154', '152', 'en', '', NULL, '1', '2014-07-24 12:24:28', '2014-08-05 08:52:26', '4be15b62-c4ab-410e-a550-97a1ae9bedd4');
INSERT INTO `craft_elements_i18n` (`id`, `elementId`, `locale`, `slug`, `uri`, `enabled`, `dateCreated`, `dateUpdated`, `uid`) VALUES ('155', '153', 'en', 'arboral-main', NULL, '1', '2014-07-24 12:55:22', '2014-08-19 14:28:31', 'f67ef5ad-d94d-4fc3-9f42-b8fbfbafcfe1');
INSERT INTO `craft_elements_i18n` (`id`, `elementId`, `locale`, `slug`, `uri`, `enabled`, `dateCreated`, `dateUpdated`, `uid`) VALUES ('156', '154', 'en', 'arboral-thumb', NULL, '1', '2014-07-24 12:55:24', '2014-08-19 14:28:32', 'a5f15e07-2063-4409-aaca-55059fe98f1f');
INSERT INTO `craft_elements_i18n` (`id`, `elementId`, `locale`, `slug`, `uri`, `enabled`, `dateCreated`, `dateUpdated`, `uid`) VALUES ('157', '155', 'en', 'editorialist', 'projects/editorialist', '1', '2014-07-24 17:12:45', '2014-10-13 16:20:07', 'e6ca33aa-855d-410c-b4cb-d44b5f318f41');
INSERT INTO `craft_elements_i18n` (`id`, `elementId`, `locale`, `slug`, `uri`, `enabled`, `dateCreated`, `dateUpdated`, `uid`) VALUES ('159', '157', 'en', 'editorialist-main', NULL, '1', '2014-07-24 18:28:00', '2014-08-19 14:28:33', '74012fb4-098a-476c-9e3a-7f712f93039a');
INSERT INTO `craft_elements_i18n` (`id`, `elementId`, `locale`, `slug`, `uri`, `enabled`, `dateCreated`, `dateUpdated`, `uid`) VALUES ('160', '158', 'en', 'editorialist-thumb', NULL, '1', '2014-07-24 18:28:01', '2014-08-19 14:28:33', '5f147d40-6419-4e10-bb41-81f957d0b202');
INSERT INTO `craft_elements_i18n` (`id`, `elementId`, `locale`, `slug`, `uri`, `enabled`, `dateCreated`, `dateUpdated`, `uid`) VALUES ('161', '159', 'en', 'unbiased', 'projects/unbiased', '1', '2014-07-24 18:35:13', '2014-10-13 16:20:08', 'fb3ec1bc-17c5-4556-b811-e0e7181be5b3');
INSERT INTO `craft_elements_i18n` (`id`, `elementId`, `locale`, `slug`, `uri`, `enabled`, `dateCreated`, `dateUpdated`, `uid`) VALUES ('162', '160', 'en', 'unbiased-main', NULL, '1', '2014-07-24 19:03:02', '2014-08-19 14:28:36', '9f475a76-fe56-490a-9002-57b1ea04d9ec');
INSERT INTO `craft_elements_i18n` (`id`, `elementId`, `locale`, `slug`, `uri`, `enabled`, `dateCreated`, `dateUpdated`, `uid`) VALUES ('163', '161', 'en', 'unbiased-thumb', NULL, '1', '2014-07-24 19:03:03', '2014-08-19 14:28:36', '17bbd505-8aeb-439f-975e-50e188bda19e');
INSERT INTO `craft_elements_i18n` (`id`, `elementId`, `locale`, `slug`, `uri`, `enabled`, `dateCreated`, `dateUpdated`, `uid`) VALUES ('164', '162', 'en', 'artichoke', 'projects/artichoke', '1', '2014-07-24 19:07:58', '2014-10-13 16:20:08', '0bf61751-e2bc-4313-9814-bd1527b330aa');
INSERT INTO `craft_elements_i18n` (`id`, `elementId`, `locale`, `slug`, `uri`, `enabled`, `dateCreated`, `dateUpdated`, `uid`) VALUES ('165', '163', 'en', 'artichoke-main', NULL, '1', '2014-07-24 19:20:33', '2014-08-19 14:28:32', '17128a6a-fc32-40a2-875a-10001ebfdfa4');
INSERT INTO `craft_elements_i18n` (`id`, `elementId`, `locale`, `slug`, `uri`, `enabled`, `dateCreated`, `dateUpdated`, `uid`) VALUES ('166', '164', 'en', 'artichoke-thumb', NULL, '1', '2014-07-24 19:20:34', '2014-08-19 14:28:32', 'ab14ed82-6340-4d4f-8033-71803f57ff16');
INSERT INTO `craft_elements_i18n` (`id`, `elementId`, `locale`, `slug`, `uri`, `enabled`, `dateCreated`, `dateUpdated`, `uid`) VALUES ('167', '165', 'en', 'aware', 'projects/aware', '1', '2014-07-24 19:25:23', '2014-10-13 16:20:08', 'ff5261f3-5843-4ffc-8586-f3a06cbc0acc');
INSERT INTO `craft_elements_i18n` (`id`, `elementId`, `locale`, `slug`, `uri`, `enabled`, `dateCreated`, `dateUpdated`, `uid`) VALUES ('168', '166', 'en', '', NULL, '1', '2014-07-24 19:33:56', '2014-08-05 09:08:35', '93bbf896-120a-4adc-86a0-6719f6249c50');
INSERT INTO `craft_elements_i18n` (`id`, `elementId`, `locale`, `slug`, `uri`, `enabled`, `dateCreated`, `dateUpdated`, `uid`) VALUES ('169', '167', 'en', '', NULL, '1', '2014-07-24 19:33:56', '2014-08-05 09:08:35', '71fcba90-e939-4120-8b02-f74124861de7');
INSERT INTO `craft_elements_i18n` (`id`, `elementId`, `locale`, `slug`, `uri`, `enabled`, `dateCreated`, `dateUpdated`, `uid`) VALUES ('174', '172', 'en', 'aware-main', NULL, '1', '2014-07-25 07:27:17', '2014-08-19 14:28:29', 'acbf9226-52fd-48d2-bd18-6819da66c12b');
INSERT INTO `craft_elements_i18n` (`id`, `elementId`, `locale`, `slug`, `uri`, `enabled`, `dateCreated`, `dateUpdated`, `uid`) VALUES ('175', '173', 'en', 'aware-thumb', NULL, '1', '2014-07-25 07:27:19', '2014-08-19 14:28:30', '720d2432-ea48-468b-b002-8a17a77e9801');
INSERT INTO `craft_elements_i18n` (`id`, `elementId`, `locale`, `slug`, `uri`, `enabled`, `dateCreated`, `dateUpdated`, `uid`) VALUES ('176', '174', 'en', 'eason', 'projects/eason', '1', '2014-07-25 07:39:13', '2014-10-13 16:20:08', 'dff12b16-f881-4d4a-b556-0e21fd19bdbc');
INSERT INTO `craft_elements_i18n` (`id`, `elementId`, `locale`, `slug`, `uri`, `enabled`, `dateCreated`, `dateUpdated`, `uid`) VALUES ('177', '175', 'en', 'easons-main', NULL, '1', '2014-07-25 08:05:47', '2014-08-19 14:28:32', 'aa5a2ffc-a77d-43a4-b78d-d23fd5ae7c31');
INSERT INTO `craft_elements_i18n` (`id`, `elementId`, `locale`, `slug`, `uri`, `enabled`, `dateCreated`, `dateUpdated`, `uid`) VALUES ('178', '176', 'en', 'easons-thumb', NULL, '1', '2014-07-25 08:05:49', '2014-08-19 14:28:33', '56743820-9e1e-4693-8b22-367904f6a0ca');
INSERT INTO `craft_elements_i18n` (`id`, `elementId`, `locale`, `slug`, `uri`, `enabled`, `dateCreated`, `dateUpdated`, `uid`) VALUES ('179', '177', 'en', 'the-red-rose-foundation', 'projects/the-red-rose-foundation', '1', '2014-07-25 08:19:27', '2014-10-13 16:20:08', 'e6eff432-bf2f-4e9b-bbfb-adcdf7be3648');
INSERT INTO `craft_elements_i18n` (`id`, `elementId`, `locale`, `slug`, `uri`, `enabled`, `dateCreated`, `dateUpdated`, `uid`) VALUES ('180', '178', 'en', '', NULL, '1', '2014-07-25 08:32:29', '2014-08-05 08:38:22', 'e161c579-18b3-4b0d-b398-876a660babeb');
INSERT INTO `craft_elements_i18n` (`id`, `elementId`, `locale`, `slug`, `uri`, `enabled`, `dateCreated`, `dateUpdated`, `uid`) VALUES ('181', '179', 'en', 'rrf-main', NULL, '1', '2014-07-25 08:54:46', '2014-08-19 14:28:34', '61abaf0a-404b-499c-ad1a-0fb6f42e3c94');
INSERT INTO `craft_elements_i18n` (`id`, `elementId`, `locale`, `slug`, `uri`, `enabled`, `dateCreated`, `dateUpdated`, `uid`) VALUES ('182', '180', 'en', 'rrf-thumb', NULL, '1', '2014-07-25 08:54:49', '2014-08-19 14:28:34', 'c1691acb-9c25-4c2e-9d13-1d324828c02a');
INSERT INTO `craft_elements_i18n` (`id`, `elementId`, `locale`, `slug`, `uri`, `enabled`, `dateCreated`, `dateUpdated`, `uid`) VALUES ('184', '182', 'en', '', NULL, '1', '2014-08-04 16:48:59', '2014-08-05 09:21:42', '0528093f-164f-4eaa-8353-1525a2326493');
INSERT INTO `craft_elements_i18n` (`id`, `elementId`, `locale`, `slug`, `uri`, `enabled`, `dateCreated`, `dateUpdated`, `uid`) VALUES ('185', '183', 'en', '', NULL, '1', '2014-08-04 16:48:59', '2014-08-05 09:21:42', 'e2aaf917-420e-4084-a2c1-231aa256237f');
INSERT INTO `craft_elements_i18n` (`id`, `elementId`, `locale`, `slug`, `uri`, `enabled`, `dateCreated`, `dateUpdated`, `uid`) VALUES ('186', '184', 'en', '', NULL, '1', '2014-08-04 16:48:59', '2014-08-05 09:21:42', 'e395b4ae-0c81-413f-835a-cc4c694a9546');
INSERT INTO `craft_elements_i18n` (`id`, `elementId`, `locale`, `slug`, `uri`, `enabled`, `dateCreated`, `dateUpdated`, `uid`) VALUES ('201', '199', 'en', '', NULL, '1', '2014-08-05 09:32:50', '2014-08-05 09:33:20', '119b131a-6add-4923-a335-50f4e88e6ced');
INSERT INTO `craft_elements_i18n` (`id`, `elementId`, `locale`, `slug`, `uri`, `enabled`, `dateCreated`, `dateUpdated`, `uid`) VALUES ('202', '200', 'en', '', NULL, '1', '2014-08-05 09:32:50', '2014-08-05 09:33:20', '2aa96562-10cf-46c2-ad1e-246a24b940a5');
INSERT INTO `craft_elements_i18n` (`id`, `elementId`, `locale`, `slug`, `uri`, `enabled`, `dateCreated`, `dateUpdated`, `uid`) VALUES ('203', '201', 'en', '', NULL, '1', '2014-08-05 09:32:50', '2014-08-05 09:33:20', 'a2229890-dbc9-4add-aaa0-b77ebfc369f5');
INSERT INTO `craft_elements_i18n` (`id`, `elementId`, `locale`, `slug`, `uri`, `enabled`, `dateCreated`, `dateUpdated`, `uid`) VALUES ('207', '202', 'en', '', NULL, '1', '2014-10-13 15:53:40', '2014-10-14 12:35:41', '723d8ab8-3d97-4270-9f56-b9663a5a1701');
INSERT INTO `craft_elements_i18n` (`id`, `elementId`, `locale`, `slug`, `uri`, `enabled`, `dateCreated`, `dateUpdated`, `uid`) VALUES ('210', '203', 'en', '', NULL, '1', '2014-10-13 17:30:52', '2014-10-13 17:49:11', '664fb102-c764-4724-b2a6-8fd9fd166ff6');



--
-- Schema for table `craft_emailmessages`
--

DROP TABLE IF EXISTS `craft_emailmessages`;

CREATE TABLE `craft_emailmessages` (
  `id` int(11) NOT NULL AUTO_INCREMENT,
  `key` char(150) COLLATE utf8_unicode_ci NOT NULL,
  `locale` char(12) COLLATE utf8_unicode_ci NOT NULL,
  `subject` varchar(1000) COLLATE utf8_unicode_ci NOT NULL,
  `body` text COLLATE utf8_unicode_ci NOT NULL,
  `dateCreated` datetime NOT NULL,
  `dateUpdated` datetime NOT NULL,
  `uid` char(36) COLLATE utf8_unicode_ci NOT NULL DEFAULT '0',
  PRIMARY KEY (`id`),
  UNIQUE KEY `craft_emailmessages_key_locale_unq_idx` (`key`,`locale`),
  KEY `craft_emailmessages_locale_fk` (`locale`)
) ENGINE=InnoDB DEFAULT CHARSET=utf8 COLLATE=utf8_unicode_ci;

--
-- Schema for table `craft_entries`
--

DROP TABLE IF EXISTS `craft_entries`;

CREATE TABLE `craft_entries` (
  `id` int(11) NOT NULL,
  `sectionId` int(11) NOT NULL,
  `typeId` int(11) DEFAULT NULL,
  `authorId` int(11) DEFAULT NULL,
  `postDate` datetime DEFAULT NULL,
  `expiryDate` datetime DEFAULT NULL,
  `dateCreated` datetime NOT NULL,
  `dateUpdated` datetime NOT NULL,
  `uid` char(36) COLLATE utf8_unicode_ci NOT NULL DEFAULT '0',
  PRIMARY KEY (`id`),
  KEY `craft_entries_sectionId_idx` (`sectionId`),
  KEY `craft_entries_typeId_idx` (`typeId`),
  KEY `craft_entries_postDate_idx` (`postDate`),
  KEY `craft_entries_expiryDate_idx` (`expiryDate`),
  KEY `craft_entries_authorId_fk` (`authorId`)
) ENGINE=InnoDB DEFAULT CHARSET=utf8 COLLATE=utf8_unicode_ci;

--
-- Data for table `craft_entries`
--

INSERT INTO `craft_entries` (`id`, `sectionId`, `typeId`, `authorId`, `postDate`, `expiryDate`, `dateCreated`, `dateUpdated`, `uid`) VALUES ('2', '1', '1', NULL, '2014-10-13 12:51:16', NULL, '2014-05-12 11:05:30', '2014-10-14 13:42:56', '28e374b9-633c-46ce-bf76-8f7d1dcd0a05');
INSERT INTO `craft_entries` (`id`, `sectionId`, `typeId`, `authorId`, `postDate`, `expiryDate`, `dateCreated`, `dateUpdated`, `uid`) VALUES ('4', '3', '3', NULL, '2014-10-13 17:28:12', NULL, '2014-05-26 14:56:43', '2014-10-13 18:13:12', 'cf0ea34f-7580-40a7-b34b-e3e34fb852a8');
INSERT INTO `craft_entries` (`id`, `sectionId`, `typeId`, `authorId`, `postDate`, `expiryDate`, `dateCreated`, `dateUpdated`, `uid`) VALUES ('5', '4', '5', NULL, '2014-10-13 17:21:24', NULL, '2014-05-26 15:03:37', '2014-10-14 12:53:04', '051d9f1c-1e8c-4834-8b16-e85634f3b913');
INSERT INTO `craft_entries` (`id`, `sectionId`, `typeId`, `authorId`, `postDate`, `expiryDate`, `dateCreated`, `dateUpdated`, `uid`) VALUES ('7', '6', '7', NULL, '2014-10-13 15:51:58', NULL, '2014-05-26 15:06:11', '2014-10-14 12:35:41', 'cf21a25f-e83d-43c7-ae06-65efd249e75a');
INSERT INTO `craft_entries` (`id`, `sectionId`, `typeId`, `authorId`, `postDate`, `expiryDate`, `dateCreated`, `dateUpdated`, `uid`) VALUES ('40', '2', '2', '1', '2014-06-26 08:48:00', NULL, '2014-06-26 08:48:19', '2014-10-13 22:10:20', 'a85048b8-9d1a-4cff-ab11-ff9e6ac9a35f');
INSERT INTO `craft_entries` (`id`, `sectionId`, `typeId`, `authorId`, `postDate`, `expiryDate`, `dateCreated`, `dateUpdated`, `uid`) VALUES ('60', '2', '4', '1', '2014-07-02 00:00:00', NULL, '2014-07-22 10:44:29', '2014-07-22 12:21:12', 'aed61032-66a8-4d59-aad0-1e95d269ada6');
INSERT INTO `craft_entries` (`id`, `sectionId`, `typeId`, `authorId`, `postDate`, `expiryDate`, `dateCreated`, `dateUpdated`, `uid`) VALUES ('77', '2', '4', '1', '2013-04-22 00:00:00', NULL, '2014-07-22 11:58:15', '2014-08-05 09:15:03', '80ca7d96-05fd-4a5b-b460-b1bd2a0387d3');
INSERT INTO `craft_entries` (`id`, `sectionId`, `typeId`, `authorId`, `postDate`, `expiryDate`, `dateCreated`, `dateUpdated`, `uid`) VALUES ('95', '2', '4', '1', '2013-02-18 00:00:00', NULL, '2014-07-22 12:28:59', '2014-08-05 09:33:20', '3c410d1e-c527-4b63-b081-f06c89195761');
INSERT INTO `craft_entries` (`id`, `sectionId`, `typeId`, `authorId`, `postDate`, `expiryDate`, `dateCreated`, `dateUpdated`, `uid`) VALUES ('97', '2', '4', '1', '2012-11-19 12:33:00', NULL, '2014-07-22 12:33:59', '2014-08-05 09:18:30', 'a50cbdf3-c431-492a-a098-aea84dcfc23f');
INSERT INTO `craft_entries` (`id`, `sectionId`, `typeId`, `authorId`, `postDate`, `expiryDate`, `dateCreated`, `dateUpdated`, `uid`) VALUES ('104', '2', '4', '1', '2012-11-12 00:00:00', NULL, '2014-07-22 13:16:19', '2014-08-05 09:21:42', '0dfdf475-fb7b-435b-8c34-0689caa96535');
INSERT INTO `craft_entries` (`id`, `sectionId`, `typeId`, `authorId`, `postDate`, `expiryDate`, `dateCreated`, `dateUpdated`, `uid`) VALUES ('116', '2', '2', '1', '2014-04-15 14:44:00', NULL, '2014-07-22 14:44:39', '2014-10-13 16:56:14', 'eb111a4e-26d2-4c5e-8952-417bf283045b');
INSERT INTO `craft_entries` (`id`, `sectionId`, `typeId`, `authorId`, `postDate`, `expiryDate`, `dateCreated`, `dateUpdated`, `uid`) VALUES ('122', '2', '2', '1', '2013-09-25 08:39:00', NULL, '2014-07-23 08:39:38', '2014-08-05 08:38:59', 'aea78ff6-307c-44c5-8e99-d7fa6b939bdc');
INSERT INTO `craft_entries` (`id`, `sectionId`, `typeId`, `authorId`, `postDate`, `expiryDate`, `dateCreated`, `dateUpdated`, `uid`) VALUES ('128', '2', '2', '1', '2013-08-07 00:00:00', NULL, '2014-07-23 09:17:24', '2014-10-13 18:13:32', '49423e1a-d0a3-4acc-95ba-621a3eb25595');
INSERT INTO `craft_entries` (`id`, `sectionId`, `typeId`, `authorId`, `postDate`, `expiryDate`, `dateCreated`, `dateUpdated`, `uid`) VALUES ('133', '2', '2', '1', '2013-06-18 02:00:00', NULL, '2014-07-23 18:47:03', '2014-10-13 17:56:30', '1ec5c068-cac3-4a67-a76c-c0089f8cc581');
INSERT INTO `craft_entries` (`id`, `sectionId`, `typeId`, `authorId`, `postDate`, `expiryDate`, `dateCreated`, `dateUpdated`, `uid`) VALUES ('147', '2', '2', '1', '2013-08-05 00:00:00', NULL, '2014-07-24 09:56:59', '2014-08-05 08:43:30', '98c7e91a-28c3-4c42-91f0-df669428df0c');
INSERT INTO `craft_entries` (`id`, `sectionId`, `typeId`, `authorId`, `postDate`, `expiryDate`, `dateCreated`, `dateUpdated`, `uid`) VALUES ('151', '2', '2', '1', '2013-03-07 12:24:00', NULL, '2014-07-24 12:24:28', '2014-08-05 08:52:26', '97cb3edb-cb01-4848-8456-d6c0937d216c');
INSERT INTO `craft_entries` (`id`, `sectionId`, `typeId`, `authorId`, `postDate`, `expiryDate`, `dateCreated`, `dateUpdated`, `uid`) VALUES ('155', '2', '2', '1', '2013-03-15 17:12:00', NULL, '2014-07-24 17:12:45', '2014-08-05 08:50:23', 'fa3d1266-3c06-4469-afab-861f6b00cbce');
INSERT INTO `craft_entries` (`id`, `sectionId`, `typeId`, `authorId`, `postDate`, `expiryDate`, `dateCreated`, `dateUpdated`, `uid`) VALUES ('159', '2', '2', '1', '2012-11-02 18:35:00', NULL, '2014-07-24 18:35:14', '2014-08-04 14:54:42', '983b18a7-a564-4f4b-8c6b-c0e3b8cc45c7');
INSERT INTO `craft_entries` (`id`, `sectionId`, `typeId`, `authorId`, `postDate`, `expiryDate`, `dateCreated`, `dateUpdated`, `uid`) VALUES ('162', '2', '2', '1', '2010-05-01 00:00:00', NULL, '2014-07-24 19:07:58', '2014-08-05 08:55:12', '34573cc0-9b74-4339-a3f9-da0623b9184a');
INSERT INTO `craft_entries` (`id`, `sectionId`, `typeId`, `authorId`, `postDate`, `expiryDate`, `dateCreated`, `dateUpdated`, `uid`) VALUES ('165', '2', '2', '1', '2009-08-01 00:00:00', NULL, '2014-07-24 19:25:23', '2014-08-05 09:08:35', 'd24deeb9-945a-4d6f-a9dc-abc618cd3720');
INSERT INTO `craft_entries` (`id`, `sectionId`, `typeId`, `authorId`, `postDate`, `expiryDate`, `dateCreated`, `dateUpdated`, `uid`) VALUES ('174', '2', '2', '1', '2012-06-09 00:00:00', NULL, '2014-07-25 07:39:13', '2014-07-25 08:18:25', '78554748-531c-4b97-8b4c-117ab5b872d6');
INSERT INTO `craft_entries` (`id`, `sectionId`, `typeId`, `authorId`, `postDate`, `expiryDate`, `dateCreated`, `dateUpdated`, `uid`) VALUES ('177', '2', '2', '1', '2014-04-01 00:00:00', NULL, '2014-07-25 08:19:27', '2014-08-05 08:38:22', '9e322a94-499c-4993-9a98-9b4e4a945c74');



--
-- Schema for table `craft_entrydrafts`
--

DROP TABLE IF EXISTS `craft_entrydrafts`;

CREATE TABLE `craft_entrydrafts` (
  `id` int(11) NOT NULL AUTO_INCREMENT,
  `entryId` int(11) NOT NULL,
  `sectionId` int(11) NOT NULL,
  `creatorId` int(11) NOT NULL,
  `locale` char(12) COLLATE utf8_unicode_ci NOT NULL,
  `name` varchar(255) COLLATE utf8_unicode_ci NOT NULL,
  `notes` tinytext COLLATE utf8_unicode_ci,
  `data` mediumtext COLLATE utf8_unicode_ci NOT NULL,
  `dateCreated` datetime NOT NULL,
  `dateUpdated` datetime NOT NULL,
  `uid` char(36) COLLATE utf8_unicode_ci NOT NULL DEFAULT '0',
  PRIMARY KEY (`id`),
  KEY `craft_entrydrafts_entryId_locale_idx` (`entryId`,`locale`),
  KEY `craft_entrydrafts_sectionId_fk` (`sectionId`),
  KEY `craft_entrydrafts_creatorId_fk` (`creatorId`),
  KEY `craft_entrydrafts_locale_fk` (`locale`)
) ENGINE=InnoDB DEFAULT CHARSET=utf8 COLLATE=utf8_unicode_ci;

--
-- Schema for table `craft_entrytypes`
--

DROP TABLE IF EXISTS `craft_entrytypes`;

CREATE TABLE `craft_entrytypes` (
  `id` int(11) NOT NULL AUTO_INCREMENT,
  `sectionId` int(11) NOT NULL,
  `fieldLayoutId` int(11) DEFAULT NULL,
  `name` varchar(255) COLLATE utf8_unicode_ci NOT NULL,
  `handle` varchar(255) COLLATE utf8_unicode_ci NOT NULL,
  `hasTitleField` tinyint(1) unsigned NOT NULL DEFAULT '1',
  `titleLabel` varchar(255) COLLATE utf8_unicode_ci DEFAULT 'Title',
  `titleFormat` varchar(255) COLLATE utf8_unicode_ci DEFAULT NULL,
  `sortOrder` tinyint(4) DEFAULT NULL,
  `dateCreated` datetime NOT NULL,
  `dateUpdated` datetime NOT NULL,
  `uid` char(36) COLLATE utf8_unicode_ci NOT NULL DEFAULT '0',
  PRIMARY KEY (`id`),
  UNIQUE KEY `craft_entrytypes_name_sectionId_unq_idx` (`name`,`sectionId`),
  UNIQUE KEY `craft_entrytypes_handle_sectionId_unq_idx` (`handle`,`sectionId`),
  KEY `craft_entrytypes_sectionId_fk` (`sectionId`),
  KEY `craft_entrytypes_fieldLayoutId_fk` (`fieldLayoutId`)
) ENGINE=InnoDB AUTO_INCREMENT=8 DEFAULT CHARSET=utf8 COLLATE=utf8_unicode_ci;

--
-- Data for table `craft_entrytypes`
--

INSERT INTO `craft_entrytypes` (`id`, `sectionId`, `fieldLayoutId`, `name`, `handle`, `hasTitleField`, `titleLabel`, `titleFormat`, `sortOrder`, `dateCreated`, `dateUpdated`, `uid`) VALUES ('1', '1', '49', 'Homepage', 'homepage', '1', NULL, NULL, NULL, '2014-05-12 11:05:30', '2014-06-25 14:57:49', '3831c746-4e3c-49a4-b7ff-26143dda9e9d');
INSERT INTO `craft_entrytypes` (`id`, `sectionId`, `fieldLayoutId`, `name`, `handle`, `hasTitleField`, `titleLabel`, `titleFormat`, `sortOrder`, `dateCreated`, `dateUpdated`, `uid`) VALUES ('2', '2', '86', 'Projects', 'projects', '1', 'Title', NULL, NULL, '2014-05-12 11:05:30', '2014-07-22 20:59:57', '695afe18-f6c6-4978-b4b3-07a4ed1a9a00');
INSERT INTO `craft_entrytypes` (`id`, `sectionId`, `fieldLayoutId`, `name`, `handle`, `hasTitleField`, `titleLabel`, `titleFormat`, `sortOrder`, `dateCreated`, `dateUpdated`, `uid`) VALUES ('3', '3', '117', 'What I Do', 'whatIDo', '1', NULL, NULL, NULL, '2014-05-26 14:56:43', '2014-10-13 17:29:32', 'd293ac50-7e57-4f61-b5af-14f2bd2ef304');
INSERT INTO `craft_entrytypes` (`id`, `sectionId`, `fieldLayoutId`, `name`, `handle`, `hasTitleField`, `titleLabel`, `titleFormat`, `sortOrder`, `dateCreated`, `dateUpdated`, `uid`) VALUES ('4', '2', '73', 'Notes', 'notes', '1', 'Title', NULL, NULL, '2014-05-26 15:02:09', '2014-07-22 10:40:35', 'ba63f480-096d-475a-93e5-bf50bf0d9a2d');
INSERT INTO `craft_entrytypes` (`id`, `sectionId`, `fieldLayoutId`, `name`, `handle`, `hasTitleField`, `titleLabel`, `titleFormat`, `sortOrder`, `dateCreated`, `dateUpdated`, `uid`) VALUES ('5', '4', '33', 'About', 'about', '1', NULL, NULL, NULL, '2014-05-26 15:03:37', '2014-05-26 15:04:18', '384be075-e84c-482e-9198-01a4b3f1e026');
INSERT INTO `craft_entrytypes` (`id`, `sectionId`, `fieldLayoutId`, `name`, `handle`, `hasTitleField`, `titleLabel`, `titleFormat`, `sortOrder`, `dateCreated`, `dateUpdated`, `uid`) VALUES ('7', '6', '116', 'Projects', 'projects', '1', NULL, NULL, NULL, '2014-05-26 15:06:11', '2014-10-13 15:53:25', '5d98538a-00da-46b1-8466-66fe280bec10');



--
-- Schema for table `craft_entryversions`
--

DROP TABLE IF EXISTS `craft_entryversions`;

CREATE TABLE `craft_entryversions` (
  `id` int(11) NOT NULL AUTO_INCREMENT,
  `entryId` int(11) NOT NULL,
  `sectionId` int(11) NOT NULL,
  `creatorId` int(11) DEFAULT NULL,
  `locale` char(12) COLLATE utf8_unicode_ci NOT NULL,
  `num` smallint(6) unsigned NOT NULL,
  `notes` tinytext COLLATE utf8_unicode_ci,
  `data` mediumtext COLLATE utf8_unicode_ci NOT NULL,
  `dateCreated` datetime NOT NULL,
  `dateUpdated` datetime NOT NULL,
  `uid` char(36) COLLATE utf8_unicode_ci NOT NULL DEFAULT '0',
  PRIMARY KEY (`id`),
  KEY `craft_entryversions_entryId_locale_idx` (`entryId`,`locale`),
  KEY `craft_entryversions_sectionId_fk` (`sectionId`),
  KEY `craft_entryversions_creatorId_fk` (`creatorId`),
  KEY `craft_entryversions_locale_fk` (`locale`)
) ENGINE=InnoDB DEFAULT CHARSET=utf8 COLLATE=utf8_unicode_ci;

--
-- Schema for table `craft_fieldgroups`
--

DROP TABLE IF EXISTS `craft_fieldgroups`;

CREATE TABLE `craft_fieldgroups` (
  `id` int(11) NOT NULL AUTO_INCREMENT,
  `name` varchar(255) COLLATE utf8_unicode_ci NOT NULL,
  `dateCreated` datetime NOT NULL,
  `dateUpdated` datetime NOT NULL,
  `uid` char(36) COLLATE utf8_unicode_ci NOT NULL DEFAULT '0',
  PRIMARY KEY (`id`),
  UNIQUE KEY `craft_fieldgroups_name_unq_idx` (`name`)
) ENGINE=InnoDB AUTO_INCREMENT=3 DEFAULT CHARSET=utf8 COLLATE=utf8_unicode_ci;

--
-- Data for table `craft_fieldgroups`
--

INSERT INTO `craft_fieldgroups` (`id`, `name`, `dateCreated`, `dateUpdated`, `uid`) VALUES ('1', 'Default', '2014-05-12 11:05:30', '2014-05-26 14:52:48', '7dfd0993-28c0-44fe-b3d3-7b3852cb6537');
INSERT INTO `craft_fieldgroups` (`id`, `name`, `dateCreated`, `dateUpdated`, `uid`) VALUES ('2', 'Project', '2014-05-26 14:39:58', '2014-05-26 14:39:58', 'd2f981f9-acb8-4622-bfb3-e8838db47c92');



--
-- Schema for table `craft_fieldlayoutfields`
--

DROP TABLE IF EXISTS `craft_fieldlayoutfields`;

CREATE TABLE `craft_fieldlayoutfields` (
  `id` int(11) NOT NULL AUTO_INCREMENT,
  `layoutId` int(11) NOT NULL,
  `tabId` int(11) DEFAULT NULL,
  `fieldId` int(11) NOT NULL,
  `required` tinyint(1) unsigned NOT NULL DEFAULT '0',
  `sortOrder` tinyint(4) DEFAULT NULL,
  `dateCreated` datetime NOT NULL,
  `dateUpdated` datetime NOT NULL,
  `uid` char(36) COLLATE utf8_unicode_ci NOT NULL DEFAULT '0',
  PRIMARY KEY (`id`),
  UNIQUE KEY `craft_fieldlayoutfields_layoutId_fieldId_unq_idx` (`layoutId`,`fieldId`),
  KEY `craft_fieldlayoutfields_sortOrder_idx` (`sortOrder`),
  KEY `craft_fieldlayoutfields_tabId_fk` (`tabId`),
  KEY `craft_fieldlayoutfields_fieldId_fk` (`fieldId`)
) ENGINE=InnoDB AUTO_INCREMENT=208 DEFAULT CHARSET=utf8 COLLATE=utf8_unicode_ci;

--
-- Data for table `craft_fieldlayoutfields`
--

INSERT INTO `craft_fieldlayoutfields` (`id`, `layoutId`, `tabId`, `fieldId`, `required`, `sortOrder`, `dateCreated`, `dateUpdated`, `uid`) VALUES ('46', '33', '8', '4', '0', '1', '2014-05-26 15:04:18', '2014-05-26 15:04:18', '367e09ef-942f-456b-ad71-3188744403a9');
INSERT INTO `craft_fieldlayoutfields` (`id`, `layoutId`, `tabId`, `fieldId`, `required`, `sortOrder`, `dateCreated`, `dateUpdated`, `uid`) VALUES ('47', '33', '8', '2', '0', '2', '2014-05-26 15:04:18', '2014-05-26 15:04:18', '62589d78-2b78-472a-9ede-d7d211a3f238');
INSERT INTO `craft_fieldlayoutfields` (`id`, `layoutId`, `tabId`, `fieldId`, `required`, `sortOrder`, `dateCreated`, `dateUpdated`, `uid`) VALUES ('48', '33', '8', '22', '0', '3', '2014-05-26 15:04:18', '2014-05-26 15:04:18', '1aaef33b-b139-4cc4-9a6c-c9a7f216d3a4');
INSERT INTO `craft_fieldlayoutfields` (`id`, `layoutId`, `tabId`, `fieldId`, `required`, `sortOrder`, `dateCreated`, `dateUpdated`, `uid`) VALUES ('58', '42', '10', '2', '0', '1', '2014-05-26 19:35:52', '2014-05-26 19:35:52', '4c9f2350-20fc-4420-9eb0-6ed5a449e1a7');
INSERT INTO `craft_fieldlayoutfields` (`id`, `layoutId`, `tabId`, `fieldId`, `required`, `sortOrder`, `dateCreated`, `dateUpdated`, `uid`) VALUES ('73', '48', NULL, '27', '0', '1', '2014-06-25 14:57:01', '2014-06-25 14:57:01', 'd5e21d60-64cb-4d31-9f86-0bd29cd5908f');
INSERT INTO `craft_fieldlayoutfields` (`id`, `layoutId`, `tabId`, `fieldId`, `required`, `sortOrder`, `dateCreated`, `dateUpdated`, `uid`) VALUES ('74', '49', '14', '4', '0', '1', '2014-06-25 14:57:49', '2014-06-25 14:57:49', '0ce7756d-51b1-4f18-9a1e-6a068c3a6bb1');
INSERT INTO `craft_fieldlayoutfields` (`id`, `layoutId`, `tabId`, `fieldId`, `required`, `sortOrder`, `dateCreated`, `dateUpdated`, `uid`) VALUES ('75', '49', '14', '2', '1', '2', '2014-06-25 14:57:49', '2014-06-25 14:57:49', '29de0935-25fe-4dbe-957e-e6e5d2e2018d');
INSERT INTO `craft_fieldlayoutfields` (`id`, `layoutId`, `tabId`, `fieldId`, `required`, `sortOrder`, `dateCreated`, `dateUpdated`, `uid`) VALUES ('76', '49', '14', '22', '0', '3', '2014-06-25 14:57:49', '2014-06-25 14:57:49', '1b5f1ad2-bf43-4863-85ed-cf9e8b404232');
INSERT INTO `craft_fieldlayoutfields` (`id`, `layoutId`, `tabId`, `fieldId`, `required`, `sortOrder`, `dateCreated`, `dateUpdated`, `uid`) VALUES ('96', '60', NULL, '31', '0', '1', '2014-07-17 06:40:42', '2014-07-17 06:40:42', '7826cc66-aa03-4fdc-9fb0-4295cc92250a');
INSERT INTO `craft_fieldlayoutfields` (`id`, `layoutId`, `tabId`, `fieldId`, `required`, `sortOrder`, `dateCreated`, `dateUpdated`, `uid`) VALUES ('97', '61', NULL, '32', '0', '1', '2014-07-17 06:40:42', '2014-07-17 06:40:42', 'b2c95dfa-1e9e-4488-b24a-bb7059d080dd');
INSERT INTO `craft_fieldlayoutfields` (`id`, `layoutId`, `tabId`, `fieldId`, `required`, `sortOrder`, `dateCreated`, `dateUpdated`, `uid`) VALUES ('102', '64', NULL, '15', '0', '1', '2014-07-21 20:39:01', '2014-07-21 20:39:01', '646455ab-1031-4af7-a1a7-954dfab1325e');
INSERT INTO `craft_fieldlayoutfields` (`id`, `layoutId`, `tabId`, `fieldId`, `required`, `sortOrder`, `dateCreated`, `dateUpdated`, `uid`) VALUES ('103', '64', NULL, '16', '0', '2', '2014-07-21 20:39:01', '2014-07-21 20:39:01', '2238cfeb-349f-4226-a311-1d3d53289c0c');
INSERT INTO `craft_fieldlayoutfields` (`id`, `layoutId`, `tabId`, `fieldId`, `required`, `sortOrder`, `dateCreated`, `dateUpdated`, `uid`) VALUES ('117', '73', '15', '4', '0', '1', '2014-07-22 10:40:35', '2014-07-22 10:40:35', 'dcb429b9-b99b-41c4-82de-066ba72906c7');
INSERT INTO `craft_fieldlayoutfields` (`id`, `layoutId`, `tabId`, `fieldId`, `required`, `sortOrder`, `dateCreated`, `dateUpdated`, `uid`) VALUES ('118', '73', '15', '2', '0', '2', '2014-07-22 10:40:35', '2014-07-22 10:40:35', '8804194b-13e4-493b-a7ad-b5e7ac972d8d');
INSERT INTO `craft_fieldlayoutfields` (`id`, `layoutId`, `tabId`, `fieldId`, `required`, `sortOrder`, `dateCreated`, `dateUpdated`, `uid`) VALUES ('119', '73', '15', '3', '0', '3', '2014-07-22 10:40:35', '2014-07-22 10:40:35', 'f3c582f8-48c3-4442-bacf-417061c48836');
INSERT INTO `craft_fieldlayoutfields` (`id`, `layoutId`, `tabId`, `fieldId`, `required`, `sortOrder`, `dateCreated`, `dateUpdated`, `uid`) VALUES ('144', '86', '16', '11', '0', '1', '2014-07-22 20:59:57', '2014-07-22 20:59:57', '295cee9c-914b-4bcb-9f84-c7980a651851');
INSERT INTO `craft_fieldlayoutfields` (`id`, `layoutId`, `tabId`, `fieldId`, `required`, `sortOrder`, `dateCreated`, `dateUpdated`, `uid`) VALUES ('145', '86', '16', '12', '0', '2', '2014-07-22 20:59:57', '2014-07-22 20:59:57', '61c4b05f-c3ff-40f8-b67a-23f3b7dd4ce2');
INSERT INTO `craft_fieldlayoutfields` (`id`, `layoutId`, `tabId`, `fieldId`, `required`, `sortOrder`, `dateCreated`, `dateUpdated`, `uid`) VALUES ('146', '86', '16', '13', '0', '3', '2014-07-22 20:59:57', '2014-07-22 20:59:57', 'd557ac32-9f96-4094-8e03-8d3be88d8604');
INSERT INTO `craft_fieldlayoutfields` (`id`, `layoutId`, `tabId`, `fieldId`, `required`, `sortOrder`, `dateCreated`, `dateUpdated`, `uid`) VALUES ('147', '86', '16', '14', '0', '4', '2014-07-22 20:59:57', '2014-07-22 20:59:57', 'f7b36e37-cc9f-47d3-99e0-e315ebac84b5');
INSERT INTO `craft_fieldlayoutfields` (`id`, `layoutId`, `tabId`, `fieldId`, `required`, `sortOrder`, `dateCreated`, `dateUpdated`, `uid`) VALUES ('148', '86', '16', '5', '0', '5', '2014-07-22 20:59:57', '2014-07-22 20:59:57', '9ff1c070-9fbe-4e40-afee-65204b304159');
INSERT INTO `craft_fieldlayoutfields` (`id`, `layoutId`, `tabId`, `fieldId`, `required`, `sortOrder`, `dateCreated`, `dateUpdated`, `uid`) VALUES ('149', '86', '16', '17', '0', '6', '2014-07-22 20:59:57', '2014-07-22 20:59:57', '1ede83be-b753-417e-ba4b-d981a251fc58');
INSERT INTO `craft_fieldlayoutfields` (`id`, `layoutId`, `tabId`, `fieldId`, `required`, `sortOrder`, `dateCreated`, `dateUpdated`, `uid`) VALUES ('150', '87', NULL, '28', '0', '1', '2014-07-28 18:26:26', '2014-07-28 18:26:26', '439f7b09-63a3-4067-ac67-d10640d74014');
INSERT INTO `craft_fieldlayoutfields` (`id`, `layoutId`, `tabId`, `fieldId`, `required`, `sortOrder`, `dateCreated`, `dateUpdated`, `uid`) VALUES ('151', '87', NULL, '29', '0', '2', '2014-07-28 18:26:26', '2014-07-28 18:26:26', 'ecc5b150-7090-4a7b-97ff-62425d56f8e9');
INSERT INTO `craft_fieldlayoutfields` (`id`, `layoutId`, `tabId`, `fieldId`, `required`, `sortOrder`, `dateCreated`, `dateUpdated`, `uid`) VALUES ('152', '87', NULL, '30', '0', '3', '2014-07-28 18:26:26', '2014-07-28 18:26:26', 'bc99336f-2e9a-46a1-9445-946064262098');
INSERT INTO `craft_fieldlayoutfields` (`id`, `layoutId`, `tabId`, `fieldId`, `required`, `sortOrder`, `dateCreated`, `dateUpdated`, `uid`) VALUES ('191', '107', NULL, '19', '0', '1', '2014-08-04 16:59:11', '2014-08-04 16:59:11', 'e7ea6287-bc43-42e7-b20b-491a1b2f8a01');
INSERT INTO `craft_fieldlayoutfields` (`id`, `layoutId`, `tabId`, `fieldId`, `required`, `sortOrder`, `dateCreated`, `dateUpdated`, `uid`) VALUES ('192', '108', NULL, '18', '0', '1', '2014-08-04 16:59:11', '2014-08-04 16:59:11', 'ecc447ad-d819-4539-8b1b-5c829a9a4fa6');
INSERT INTO `craft_fieldlayoutfields` (`id`, `layoutId`, `tabId`, `fieldId`, `required`, `sortOrder`, `dateCreated`, `dateUpdated`, `uid`) VALUES ('193', '109', NULL, '21', '0', '1', '2014-08-04 16:59:11', '2014-08-04 16:59:11', '8e4f3c47-9a50-4168-94a9-7804f0ee2d6f');
INSERT INTO `craft_fieldlayoutfields` (`id`, `layoutId`, `tabId`, `fieldId`, `required`, `sortOrder`, `dateCreated`, `dateUpdated`, `uid`) VALUES ('194', '109', NULL, '35', '0', '2', '2014-08-04 16:59:11', '2014-08-04 16:59:11', '9f7adc7d-6e5d-4425-93a7-2ae95a34f697');
INSERT INTO `craft_fieldlayoutfields` (`id`, `layoutId`, `tabId`, `fieldId`, `required`, `sortOrder`, `dateCreated`, `dateUpdated`, `uid`) VALUES ('195', '109', NULL, '33', '0', '3', '2014-08-04 16:59:11', '2014-08-04 16:59:11', '463db639-46db-47ee-acf0-7ba693e7c106');
INSERT INTO `craft_fieldlayoutfields` (`id`, `layoutId`, `tabId`, `fieldId`, `required`, `sortOrder`, `dateCreated`, `dateUpdated`, `uid`) VALUES ('196', '109', NULL, '24', '0', '4', '2014-08-04 16:59:11', '2014-08-04 16:59:11', 'ee0cb7e8-c5c7-4ba7-aaf5-f5de00a35621');
INSERT INTO `craft_fieldlayoutfields` (`id`, `layoutId`, `tabId`, `fieldId`, `required`, `sortOrder`, `dateCreated`, `dateUpdated`, `uid`) VALUES ('197', '110', NULL, '23', '0', '1', '2014-08-04 16:59:11', '2014-08-04 16:59:11', 'a6609eea-e566-4617-b69f-33c843c37a89');
INSERT INTO `craft_fieldlayoutfields` (`id`, `layoutId`, `tabId`, `fieldId`, `required`, `sortOrder`, `dateCreated`, `dateUpdated`, `uid`) VALUES ('198', '110', NULL, '34', '0', '2', '2014-08-04 16:59:11', '2014-08-04 16:59:11', '0e914cee-a7a1-4d37-82e5-096ad71406e3');
INSERT INTO `craft_fieldlayoutfields` (`id`, `layoutId`, `tabId`, `fieldId`, `required`, `sortOrder`, `dateCreated`, `dateUpdated`, `uid`) VALUES ('199', '111', NULL, '36', '0', '1', '2014-08-04 16:59:11', '2014-08-04 16:59:11', 'c8b8cb8c-8c76-470d-8a11-51abf2952751');
INSERT INTO `craft_fieldlayoutfields` (`id`, `layoutId`, `tabId`, `fieldId`, `required`, `sortOrder`, `dateCreated`, `dateUpdated`, `uid`) VALUES ('200', '111', NULL, '37', '0', '2', '2014-08-04 16:59:11', '2014-08-04 16:59:11', '62b80941-1595-4d5b-936f-f61abb2eaffc');
INSERT INTO `craft_fieldlayoutfields` (`id`, `layoutId`, `tabId`, `fieldId`, `required`, `sortOrder`, `dateCreated`, `dateUpdated`, `uid`) VALUES ('201', '115', NULL, '25', '0', '1', '2014-10-13 15:52:24', '2014-10-13 15:52:24', '05c572aa-2b2c-4aa2-90cd-1ecb619beabd');
INSERT INTO `craft_fieldlayoutfields` (`id`, `layoutId`, `tabId`, `fieldId`, `required`, `sortOrder`, `dateCreated`, `dateUpdated`, `uid`) VALUES ('202', '116', '17', '4', '0', '1', '2014-10-13 15:53:25', '2014-10-13 15:53:25', '3e47bb6a-5239-467e-86eb-c17edf198f7b');
INSERT INTO `craft_fieldlayoutfields` (`id`, `layoutId`, `tabId`, `fieldId`, `required`, `sortOrder`, `dateCreated`, `dateUpdated`, `uid`) VALUES ('203', '116', '17', '2', '0', '2', '2014-10-13 15:53:25', '2014-10-13 15:53:25', '8c8cdbf5-3c2e-4082-8183-94655edaa5d0');
INSERT INTO `craft_fieldlayoutfields` (`id`, `layoutId`, `tabId`, `fieldId`, `required`, `sortOrder`, `dateCreated`, `dateUpdated`, `uid`) VALUES ('204', '116', '17', '22', '0', '3', '2014-10-13 15:53:25', '2014-10-13 15:53:25', '03bd7b6f-a84b-4e66-afa0-fcf082f07b55');
INSERT INTO `craft_fieldlayoutfields` (`id`, `layoutId`, `tabId`, `fieldId`, `required`, `sortOrder`, `dateCreated`, `dateUpdated`, `uid`) VALUES ('205', '117', '18', '4', '0', '1', '2014-10-13 17:29:32', '2014-10-13 17:29:32', '5265a6e6-9738-4165-a9a3-24d33e9b2aec');
INSERT INTO `craft_fieldlayoutfields` (`id`, `layoutId`, `tabId`, `fieldId`, `required`, `sortOrder`, `dateCreated`, `dateUpdated`, `uid`) VALUES ('206', '117', '18', '2', '0', '2', '2014-10-13 17:29:32', '2014-10-13 17:29:32', '78737a20-2d74-463a-a87b-f0d2898999b5');
INSERT INTO `craft_fieldlayoutfields` (`id`, `layoutId`, `tabId`, `fieldId`, `required`, `sortOrder`, `dateCreated`, `dateUpdated`, `uid`) VALUES ('207', '117', '18', '22', '0', '3', '2014-10-13 17:29:32', '2014-10-13 17:29:32', 'e83ba0cc-015b-4542-984d-bbe063d1a21b');



--
-- Schema for table `craft_fieldlayouts`
--

DROP TABLE IF EXISTS `craft_fieldlayouts`;

CREATE TABLE `craft_fieldlayouts` (
  `id` int(11) NOT NULL AUTO_INCREMENT,
  `type` varchar(150) COLLATE utf8_unicode_ci NOT NULL,
  `dateCreated` datetime NOT NULL,
  `dateUpdated` datetime NOT NULL,
  `uid` char(36) COLLATE utf8_unicode_ci NOT NULL DEFAULT '0',
  PRIMARY KEY (`id`),
  KEY `craft_fieldlayouts_type_idx` (`type`)
) ENGINE=InnoDB AUTO_INCREMENT=118 DEFAULT CHARSET=utf8 COLLATE=utf8_unicode_ci;

--
-- Data for table `craft_fieldlayouts`
--

INSERT INTO `craft_fieldlayouts` (`id`, `type`, `dateCreated`, `dateUpdated`, `uid`) VALUES ('1', 'Tag', '2014-05-12 11:05:30', '2014-05-12 11:05:30', '07db32f7-f0c4-4cfc-be01-59346ac4e0b0');
INSERT INTO `craft_fieldlayouts` (`id`, `type`, `dateCreated`, `dateUpdated`, `uid`) VALUES ('33', 'Entry', '2014-05-26 15:04:18', '2014-05-26 15:04:18', '5f712acd-5a0e-4418-9642-144efbf96223');
INSERT INTO `craft_fieldlayouts` (`id`, `type`, `dateCreated`, `dateUpdated`, `uid`) VALUES ('42', 'Entry', '2014-05-26 19:35:52', '2014-05-26 19:35:52', '38315728-a3c4-40f2-9c2b-d17e755fe6f5');
INSERT INTO `craft_fieldlayouts` (`id`, `type`, `dateCreated`, `dateUpdated`, `uid`) VALUES ('48', 'GlobalSet', '2014-06-25 14:57:01', '2014-06-25 14:57:01', 'e624a16c-46f6-4d4b-a904-21913a2cd722');
INSERT INTO `craft_fieldlayouts` (`id`, `type`, `dateCreated`, `dateUpdated`, `uid`) VALUES ('49', 'Entry', '2014-06-25 14:57:49', '2014-06-25 14:57:49', 'bfa4e25d-c650-41ac-840f-2e7f891a32d4');
INSERT INTO `craft_fieldlayouts` (`id`, `type`, `dateCreated`, `dateUpdated`, `uid`) VALUES ('60', 'MatrixBlock', '2014-07-17 06:40:42', '2014-07-17 06:40:42', 'f70cdf79-4327-4cab-a040-7eaf0b2ae80c');
INSERT INTO `craft_fieldlayouts` (`id`, `type`, `dateCreated`, `dateUpdated`, `uid`) VALUES ('61', 'MatrixBlock', '2014-07-17 06:40:42', '2014-07-17 06:40:42', '5ea3831e-d71a-4c10-8c6b-6a6b55a194d7');
INSERT INTO `craft_fieldlayouts` (`id`, `type`, `dateCreated`, `dateUpdated`, `uid`) VALUES ('64', 'MatrixBlock', '2014-07-21 20:39:01', '2014-07-21 20:39:01', 'ca0203cb-c394-4cbc-81c7-040bf2ef27e7');
INSERT INTO `craft_fieldlayouts` (`id`, `type`, `dateCreated`, `dateUpdated`, `uid`) VALUES ('73', 'Entry', '2014-07-22 10:40:35', '2014-07-22 10:40:35', '2d1747ad-b714-4d4b-af84-264193bdde6c');
INSERT INTO `craft_fieldlayouts` (`id`, `type`, `dateCreated`, `dateUpdated`, `uid`) VALUES ('86', 'Entry', '2014-07-22 20:59:57', '2014-07-22 20:59:57', 'b6b457d1-871d-447d-bca9-eab3a43704e8');
INSERT INTO `craft_fieldlayouts` (`id`, `type`, `dateCreated`, `dateUpdated`, `uid`) VALUES ('87', 'MatrixBlock', '2014-07-28 18:26:26', '2014-07-28 18:26:26', 'f9f787e7-bf9d-4793-a61e-f4a31b401446');
INSERT INTO `craft_fieldlayouts` (`id`, `type`, `dateCreated`, `dateUpdated`, `uid`) VALUES ('107', 'MatrixBlock', '2014-08-04 16:59:11', '2014-08-04 16:59:11', '0ec043d1-0abd-432a-92ce-92399fb1153c');
INSERT INTO `craft_fieldlayouts` (`id`, `type`, `dateCreated`, `dateUpdated`, `uid`) VALUES ('108', 'MatrixBlock', '2014-08-04 16:59:11', '2014-08-04 16:59:11', '053553af-5495-454a-926f-abea03c6457d');
INSERT INTO `craft_fieldlayouts` (`id`, `type`, `dateCreated`, `dateUpdated`, `uid`) VALUES ('109', 'MatrixBlock', '2014-08-04 16:59:11', '2014-08-04 16:59:11', 'd903525c-2693-406b-a023-009f52318e16');
INSERT INTO `craft_fieldlayouts` (`id`, `type`, `dateCreated`, `dateUpdated`, `uid`) VALUES ('110', 'MatrixBlock', '2014-08-04 16:59:11', '2014-08-04 16:59:11', '2af66763-a317-49b3-880d-aad0729bc007');
INSERT INTO `craft_fieldlayouts` (`id`, `type`, `dateCreated`, `dateUpdated`, `uid`) VALUES ('111', 'MatrixBlock', '2014-08-04 16:59:11', '2014-08-04 16:59:11', '5489f4d0-d164-4dc2-9bed-2b568d1894fa');
INSERT INTO `craft_fieldlayouts` (`id`, `type`, `dateCreated`, `dateUpdated`, `uid`) VALUES ('112', 'Asset', '2014-08-19 14:29:06', '2014-08-19 14:29:06', 'ffa2625d-020e-4258-be2c-82740cda1c18');
INSERT INTO `craft_fieldlayouts` (`id`, `type`, `dateCreated`, `dateUpdated`, `uid`) VALUES ('113', 'Asset', '2014-08-19 14:29:12', '2014-08-19 14:29:12', '5628b37e-2b77-4af8-8cd8-0bb8f8a51ac3');
INSERT INTO `craft_fieldlayouts` (`id`, `type`, `dateCreated`, `dateUpdated`, `uid`) VALUES ('114', 'Asset', '2014-08-19 14:29:19', '2014-08-19 14:29:19', '09e8dd68-f312-4a8c-9221-a4d562a3a0c9');
INSERT INTO `craft_fieldlayouts` (`id`, `type`, `dateCreated`, `dateUpdated`, `uid`) VALUES ('115', 'MatrixBlock', '2014-10-13 15:52:24', '2014-10-13 15:52:24', 'ff8f15a3-8e1b-419c-8245-8efed144aa6d');
INSERT INTO `craft_fieldlayouts` (`id`, `type`, `dateCreated`, `dateUpdated`, `uid`) VALUES ('116', 'Entry', '2014-10-13 15:53:25', '2014-10-13 15:53:25', '23d24f9f-8d67-4df3-9787-50e11ddc1959');
INSERT INTO `craft_fieldlayouts` (`id`, `type`, `dateCreated`, `dateUpdated`, `uid`) VALUES ('117', 'Entry', '2014-10-13 17:29:32', '2014-10-13 17:29:32', '012e9a4d-df22-4016-9837-447e14eab96d');



--
-- Schema for table `craft_fieldlayouttabs`
--

DROP TABLE IF EXISTS `craft_fieldlayouttabs`;

CREATE TABLE `craft_fieldlayouttabs` (
  `id` int(11) NOT NULL AUTO_INCREMENT,
  `layoutId` int(11) NOT NULL,
  `name` varchar(255) COLLATE utf8_unicode_ci NOT NULL,
  `sortOrder` tinyint(4) DEFAULT NULL,
  `dateCreated` datetime NOT NULL,
  `dateUpdated` datetime NOT NULL,
  `uid` char(36) COLLATE utf8_unicode_ci NOT NULL DEFAULT '0',
  PRIMARY KEY (`id`),
  KEY `craft_fieldlayouttabs_sortOrder_idx` (`sortOrder`),
  KEY `craft_fieldlayouttabs_layoutId_fk` (`layoutId`)
) ENGINE=InnoDB AUTO_INCREMENT=19 DEFAULT CHARSET=utf8 COLLATE=utf8_unicode_ci;

--
-- Data for table `craft_fieldlayouttabs`
--

INSERT INTO `craft_fieldlayouttabs` (`id`, `layoutId`, `name`, `sortOrder`, `dateCreated`, `dateUpdated`, `uid`) VALUES ('8', '33', 'Default', '1', '2014-05-26 15:04:18', '2014-05-26 15:04:18', '34b4e574-3499-4cec-b754-fd6e4dcb7919');
INSERT INTO `craft_fieldlayouttabs` (`id`, `layoutId`, `name`, `sortOrder`, `dateCreated`, `dateUpdated`, `uid`) VALUES ('10', '42', 'Default', '1', '2014-05-26 19:35:52', '2014-05-26 19:35:52', '4e219e25-7d7b-4bff-8fda-575c7b684321');
INSERT INTO `craft_fieldlayouttabs` (`id`, `layoutId`, `name`, `sortOrder`, `dateCreated`, `dateUpdated`, `uid`) VALUES ('14', '49', 'Content', '1', '2014-06-25 14:57:49', '2014-06-25 14:57:49', 'fd4a48dd-ce92-41af-bf96-6a68ae77a26a');
INSERT INTO `craft_fieldlayouttabs` (`id`, `layoutId`, `name`, `sortOrder`, `dateCreated`, `dateUpdated`, `uid`) VALUES ('15', '73', 'Note', '1', '2014-07-22 10:40:35', '2014-07-22 10:40:35', '04032fef-2afd-4fd0-a5fb-329c63ed6622');
INSERT INTO `craft_fieldlayouttabs` (`id`, `layoutId`, `name`, `sortOrder`, `dateCreated`, `dateUpdated`, `uid`) VALUES ('16', '86', 'Project', '1', '2014-07-22 20:59:57', '2014-07-22 20:59:57', '9dff78f0-fada-4284-92b8-4a51514194f8');
INSERT INTO `craft_fieldlayouttabs` (`id`, `layoutId`, `name`, `sortOrder`, `dateCreated`, `dateUpdated`, `uid`) VALUES ('17', '116', 'Page', '1', '2014-10-13 15:53:25', '2014-10-13 15:53:25', '4d5e33ec-2e43-4eeb-86a3-5dd9dee77772');
INSERT INTO `craft_fieldlayouttabs` (`id`, `layoutId`, `name`, `sortOrder`, `dateCreated`, `dateUpdated`, `uid`) VALUES ('18', '117', 'Content', '1', '2014-10-13 17:29:32', '2014-10-13 17:29:32', '3c5d553c-1929-485a-a274-5634b01ae38e');



--
-- Schema for table `craft_fields`
--

DROP TABLE IF EXISTS `craft_fields`;

CREATE TABLE `craft_fields` (
  `id` int(11) NOT NULL AUTO_INCREMENT,
  `groupId` int(11) DEFAULT NULL,
  `name` varchar(255) COLLATE utf8_unicode_ci NOT NULL,
  `handle` varchar(58) COLLATE utf8_unicode_ci NOT NULL,
  `context` varchar(255) COLLATE utf8_unicode_ci NOT NULL DEFAULT 'global',
  `instructions` text COLLATE utf8_unicode_ci,
  `translatable` tinyint(1) unsigned NOT NULL DEFAULT '0',
  `type` varchar(150) COLLATE utf8_unicode_ci NOT NULL,
  `settings` text COLLATE utf8_unicode_ci,
  `dateCreated` datetime NOT NULL,
  `dateUpdated` datetime NOT NULL,
  `uid` char(36) COLLATE utf8_unicode_ci NOT NULL DEFAULT '0',
  PRIMARY KEY (`id`),
  UNIQUE KEY `craft_fields_handle_context_unq_idx` (`handle`,`context`),
  KEY `craft_fields_context_idx` (`context`),
  KEY `craft_fields_groupId_fk` (`groupId`)
) ENGINE=InnoDB AUTO_INCREMENT=38 DEFAULT CHARSET=utf8 COLLATE=utf8_unicode_ci;

--
-- Data for table `craft_fields`
--

INSERT INTO `craft_fields` (`id`, `groupId`, `name`, `handle`, `context`, `instructions`, `translatable`, `type`, `settings`, `dateCreated`, `dateUpdated`, `uid`) VALUES ('2', '1', 'Page Content Sections', 'pageContentSections', 'global', '', '0', 'Matrix', '{\"maxBlocks\":null}', '2014-05-12 11:05:30', '2014-08-04 16:59:11', 'ff2d86dd-d35a-4a18-8b42-3a0fd90aa9ed');
INSERT INTO `craft_fields` (`id`, `groupId`, `name`, `handle`, `context`, `instructions`, `translatable`, `type`, `settings`, `dateCreated`, `dateUpdated`, `uid`) VALUES ('3', '1', 'Tags', 'tags', 'global', NULL, '0', 'Tags', '{\"source\":\"taggroup:1\"}', '2014-05-12 11:05:30', '2014-05-12 11:05:30', '7797d2be-a778-4f25-8da8-dfec3c21d530');
INSERT INTO `craft_fields` (`id`, `groupId`, `name`, `handle`, `context`, `instructions`, `translatable`, `type`, `settings`, `dateCreated`, `dateUpdated`, `uid`) VALUES ('4', '1', 'Page Intro', 'pageIntro', 'global', '', '0', 'RichText', '{\"configFile\":\"Standard.json\",\"cleanupHtml\":\"1\"}', '2014-05-26 14:19:29', '2014-05-26 15:12:10', '523b6706-3f39-4828-af00-e3ad8dfbf482');
INSERT INTO `craft_fields` (`id`, `groupId`, `name`, `handle`, `context`, `instructions`, `translatable`, `type`, `settings`, `dateCreated`, `dateUpdated`, `uid`) VALUES ('5', '2', 'Quote', 'quote', 'global', '', '0', 'Matrix', '{\"maxBlocks\":\"1\"}', '2014-05-26 14:23:02', '2014-07-28 18:26:26', '4ad57d24-c338-4405-855b-76a3ba30e929');
INSERT INTO `craft_fields` (`id`, `groupId`, `name`, `handle`, `context`, `instructions`, `translatable`, `type`, `settings`, `dateCreated`, `dateUpdated`, `uid`) VALUES ('11', '2', 'Listing Image', 'listingImage', 'global', '', '0', 'Assets', '{\"useSingleFolder\":\"1\",\"sources\":[\"folder:2\"],\"defaultUploadLocationSource\":\"2\",\"defaultUploadLocationSubpath\":\"\",\"singleUploadLocationSource\":\"2\",\"singleUploadLocationSubpath\":\"\",\"restrictFiles\":\"\",\"limit\":\"1\"}', '2014-05-26 14:40:50', '2014-06-25 12:24:30', '1ae022a3-e7a4-4abe-8bbf-c0d0ea117100');
INSERT INTO `craft_fields` (`id`, `groupId`, `name`, `handle`, `context`, `instructions`, `translatable`, `type`, `settings`, `dateCreated`, `dateUpdated`, `uid`) VALUES ('12', '2', 'Main Image', 'mainImage', 'global', '', '0', 'Assets', '{\"useSingleFolder\":\"1\",\"sources\":\"*\",\"defaultUploadLocationSource\":\"1\",\"defaultUploadLocationSubpath\":\"\",\"singleUploadLocationSource\":\"2\",\"singleUploadLocationSubpath\":\"\",\"restrictFiles\":\"\",\"limit\":\"1\"}', '2014-05-26 14:41:19', '2014-05-26 14:41:19', '0fa197ab-33db-44d7-844d-2f01a1cb47e0');
INSERT INTO `craft_fields` (`id`, `groupId`, `name`, `handle`, `context`, `instructions`, `translatable`, `type`, `settings`, `dateCreated`, `dateUpdated`, `uid`) VALUES ('13', '2', 'Main copy', 'mainCopy', 'global', '', '0', 'RichText', '{\"configFile\":\"\",\"cleanupHtml\":\"1\"}', '2014-05-26 14:41:44', '2014-05-26 14:41:44', '3afb1444-7907-4026-b570-fc5ed5f1fab9');
INSERT INTO `craft_fields` (`id`, `groupId`, `name`, `handle`, `context`, `instructions`, `translatable`, `type`, `settings`, `dateCreated`, `dateUpdated`, `uid`) VALUES ('14', '2', 'Project info', 'projectInfo', 'global', '', '0', 'Matrix', '{\"maxBlocks\":null}', '2014-05-26 14:42:48', '2014-07-21 20:39:01', '2012fc5c-3073-43e6-bb51-296eb1c955d4');
INSERT INTO `craft_fields` (`id`, `groupId`, `name`, `handle`, `context`, `instructions`, `translatable`, `type`, `settings`, `dateCreated`, `dateUpdated`, `uid`) VALUES ('15', NULL, 'Section Title', 'sectionTitle', 'matrixBlockType:2', NULL, '0', 'PlainText', '{\"placeholder\":\"\",\"maxLength\":\"\",\"multiline\":\"\",\"initialRows\":\"4\"}', '2014-05-26 14:42:48', '2014-07-21 20:39:01', '904baf2e-09b2-42b5-9fed-120ccd8cf7eb');
INSERT INTO `craft_fields` (`id`, `groupId`, `name`, `handle`, `context`, `instructions`, `translatable`, `type`, `settings`, `dateCreated`, `dateUpdated`, `uid`) VALUES ('16', NULL, 'Section Content', 'sectionContent', 'matrixBlockType:2', NULL, '0', 'RichText', '{\"configFile\":\"\",\"cleanupHtml\":\"1\"}', '2014-05-26 14:42:48', '2014-07-21 20:39:01', '1d970186-1fcf-4aec-834e-451ba7479b4a');
INSERT INTO `craft_fields` (`id`, `groupId`, `name`, `handle`, `context`, `instructions`, `translatable`, `type`, `settings`, `dateCreated`, `dateUpdated`, `uid`) VALUES ('17', '2', 'Project URL', 'projectUrl', 'global', '', '0', 'PlainText', '{\"placeholder\":\"\",\"maxLength\":\"\",\"multiline\":\"\",\"initialRows\":\"4\"}', '2014-05-26 14:44:06', '2014-05-26 14:44:06', '48ec718b-dfde-4c5a-8475-78ababe19223');
INSERT INTO `craft_fields` (`id`, `groupId`, `name`, `handle`, `context`, `instructions`, `translatable`, `type`, `settings`, `dateCreated`, `dateUpdated`, `uid`) VALUES ('18', NULL, 'Text', 'text', 'matrixBlockType:3', NULL, '0', 'RichText', '{\"configFile\":\"Standard.json\",\"cleanupHtml\":\"1\"}', '2014-05-26 14:47:45', '2014-08-04 16:59:11', 'b474ad62-2b29-4d35-b1ec-6773ed7b1737');
INSERT INTO `craft_fields` (`id`, `groupId`, `name`, `handle`, `context`, `instructions`, `translatable`, `type`, `settings`, `dateCreated`, `dateUpdated`, `uid`) VALUES ('19', NULL, 'Section Title', 'sectionTitle', 'matrixBlockType:4', NULL, '0', 'PlainText', '{\"placeholder\":\"\",\"maxLength\":\"\",\"multiline\":\"\",\"initialRows\":\"4\"}', '2014-05-26 14:47:45', '2014-08-04 16:59:11', 'c432aa37-a033-408e-801f-deeabdeb6b0d');
INSERT INTO `craft_fields` (`id`, `groupId`, `name`, `handle`, `context`, `instructions`, `translatable`, `type`, `settings`, `dateCreated`, `dateUpdated`, `uid`) VALUES ('21', NULL, 'Image', 'image', 'matrixBlockType:5', NULL, '0', 'Assets', '{\"useSingleFolder\":\"\",\"sources\":\"*\",\"defaultUploadLocationSource\":\"1\",\"defaultUploadLocationSubpath\":\"\",\"singleUploadLocationSource\":\"1\",\"singleUploadLocationSubpath\":\"\",\"restrictFiles\":\"\",\"limit\":\"1\"}', '2014-05-26 14:50:45', '2014-08-04 16:59:11', '58715c92-aaf6-426a-9a3a-115ff2dec50a');
INSERT INTO `craft_fields` (`id`, `groupId`, `name`, `handle`, `context`, `instructions`, `translatable`, `type`, `settings`, `dateCreated`, `dateUpdated`, `uid`) VALUES ('22', '1', 'Page Call Out', 'pageCallOut', 'global', '', '0', 'RichText', '{\"configFile\":\"\",\"cleanupHtml\":\"1\"}', '2014-05-26 14:51:22', '2014-10-13 18:01:19', '0903f250-05ac-4be2-9450-836248650533');
INSERT INTO `craft_fields` (`id`, `groupId`, `name`, `handle`, `context`, `instructions`, `translatable`, `type`, `settings`, `dateCreated`, `dateUpdated`, `uid`) VALUES ('23', NULL, 'Code Snippet', 'codeSnippet', 'matrixBlockType:6', NULL, '0', 'PlainText', '{\"placeholder\":\"\",\"maxLength\":\"\",\"multiline\":\"1\",\"initialRows\":\"4\"}', '2014-05-26 14:53:57', '2014-08-04 16:59:11', 'fe2998ec-2a32-4a45-9970-2f3018198339');
INSERT INTO `craft_fields` (`id`, `groupId`, `name`, `handle`, `context`, `instructions`, `translatable`, `type`, `settings`, `dateCreated`, `dateUpdated`, `uid`) VALUES ('24', NULL, 'Image Caption', 'imageCaption', 'matrixBlockType:5', NULL, '0', 'RichText', '{\"configFile\":\"\",\"cleanupHtml\":\"1\"}', '2014-05-26 14:54:18', '2014-08-04 16:59:11', '26025aea-c17b-4e71-9f90-20675ed128e0');
INSERT INTO `craft_fields` (`id`, `groupId`, `name`, `handle`, `context`, `instructions`, `translatable`, `type`, `settings`, `dateCreated`, `dateUpdated`, `uid`) VALUES ('25', NULL, 'Text', 'text', 'matrixBlockType:7', NULL, '0', 'RichText', '{\"configFile\":\"Simple.json\",\"cleanupHtml\":\"1\"}', '2014-05-26 19:34:30', '2014-10-13 15:52:24', '1c28f81f-02ab-4309-b9ca-8bb8fed9c6dd');
INSERT INTO `craft_fields` (`id`, `groupId`, `name`, `handle`, `context`, `instructions`, `translatable`, `type`, `settings`, `dateCreated`, `dateUpdated`, `uid`) VALUES ('27', '1', 'Nav Items', 'navItems', 'global', '', '0', 'Matrix', '{\"maxBlocks\":null}', '2014-06-25 13:20:16', '2014-07-17 06:40:41', 'c2e02863-d9f9-47ae-a64a-b338740dd64a');
INSERT INTO `craft_fields` (`id`, `groupId`, `name`, `handle`, `context`, `instructions`, `translatable`, `type`, `settings`, `dateCreated`, `dateUpdated`, `uid`) VALUES ('28', NULL, 'Text', 'text', 'matrixBlockType:8', NULL, '0', 'RichText', '{\"configFile\":\"Simple.json\",\"cleanupHtml\":\"1\"}', '2014-06-26 09:04:56', '2014-07-28 18:26:26', 'bebb1677-f3da-4c67-b1c8-6b86734bece5');
INSERT INTO `craft_fields` (`id`, `groupId`, `name`, `handle`, `context`, `instructions`, `translatable`, `type`, `settings`, `dateCreated`, `dateUpdated`, `uid`) VALUES ('29', NULL, 'Name', 'sourceName', 'matrixBlockType:8', NULL, '0', 'PlainText', '{\"placeholder\":\"\",\"maxLength\":\"\",\"multiline\":\"\",\"initialRows\":\"4\"}', '2014-06-26 09:04:56', '2014-07-28 18:26:26', '781d0ed3-53ea-460e-9342-de07137a00a0');
INSERT INTO `craft_fields` (`id`, `groupId`, `name`, `handle`, `context`, `instructions`, `translatable`, `type`, `settings`, `dateCreated`, `dateUpdated`, `uid`) VALUES ('30', NULL, 'Company', 'sourceCompany', 'matrixBlockType:8', NULL, '0', 'PlainText', '{\"placeholder\":\"\",\"maxLength\":\"\",\"multiline\":\"\",\"initialRows\":\"4\"}', '2014-07-08 09:49:52', '2014-07-28 18:26:26', 'fae0d718-ec9f-4534-8296-c077cb1448a7');
INSERT INTO `craft_fields` (`id`, `groupId`, `name`, `handle`, `context`, `instructions`, `translatable`, `type`, `settings`, `dateCreated`, `dateUpdated`, `uid`) VALUES ('31', NULL, 'Entry', 'entry', 'matrixBlockType:9', NULL, '0', 'Entries', '{\"sources\":[\"singles\"],\"limit\":\"1\"}', '2014-07-17 06:40:42', '2014-07-17 06:40:42', '33e372be-9c4d-4fd9-9d39-19e498110dde');
INSERT INTO `craft_fields` (`id`, `groupId`, `name`, `handle`, `context`, `instructions`, `translatable`, `type`, `settings`, `dateCreated`, `dateUpdated`, `uid`) VALUES ('32', NULL, 'URL', 'navUrl', 'matrixBlockType:10', NULL, '0', 'PlainText', '{\"placeholder\":\"\",\"maxLength\":\"\",\"multiline\":\"\",\"initialRows\":\"4\"}', '2014-07-17 06:40:42', '2014-07-17 06:40:42', '729dd40a-b2cb-49ff-a7cc-5ab2f1649866');
INSERT INTO `craft_fields` (`id`, `groupId`, `name`, `handle`, `context`, `instructions`, `translatable`, `type`, `settings`, `dateCreated`, `dateUpdated`, `uid`) VALUES ('33', NULL, 'Alt', 'imageAlt', 'matrixBlockType:5', NULL, '0', 'PlainText', '{\"placeholder\":\"\",\"maxLength\":\"\",\"multiline\":\"\",\"initialRows\":\"4\"}', '2014-07-22 09:45:32', '2014-08-04 16:59:11', '47d4c11a-34fd-45f1-ac3d-dacfbb97b1e7');
INSERT INTO `craft_fields` (`id`, `groupId`, `name`, `handle`, `context`, `instructions`, `translatable`, `type`, `settings`, `dateCreated`, `dateUpdated`, `uid`) VALUES ('34', NULL, 'Code Type', 'codeType', 'matrixBlockType:6', NULL, '0', 'RadioButtons', '{\"options\":[{\"label\":\"HTML\",\"value\":\"language-markup\",\"default\":\"\"},{\"label\":\"CSS\",\"value\":\"language-css\",\"default\":\"\"},{\"label\":\"JS\",\"value\":\"language-javascript\",\"default\":\"\"}]}', '2014-07-22 09:51:53', '2014-08-04 16:59:11', '79c407a2-acbf-47f6-b04f-00b5de45d909');
INSERT INTO `craft_fields` (`id`, `groupId`, `name`, `handle`, `context`, `instructions`, `translatable`, `type`, `settings`, `dateCreated`, `dateUpdated`, `uid`) VALUES ('35', NULL, 'Remote Image', 'remoteImage', 'matrixBlockType:5', NULL, '0', 'PlainText', '{\"placeholder\":\"\",\"maxLength\":\"\",\"multiline\":\"\",\"initialRows\":\"4\"}', '2014-07-22 10:45:59', '2014-08-04 16:59:11', '1907ac5c-572d-4aa2-bb4a-810d57852494');
INSERT INTO `craft_fields` (`id`, `groupId`, `name`, `handle`, `context`, `instructions`, `translatable`, `type`, `settings`, `dateCreated`, `dateUpdated`, `uid`) VALUES ('36', NULL, 'Quote Text', 'quoteText', 'matrixBlockType:11', NULL, '0', 'RichText', '{\"configFile\":\"Simple.json\",\"cleanupHtml\":\"1\"}', '2014-08-04 16:45:48', '2014-08-04 16:59:11', '636825f0-6168-4260-9d27-fe2d7848e347');
INSERT INTO `craft_fields` (`id`, `groupId`, `name`, `handle`, `context`, `instructions`, `translatable`, `type`, `settings`, `dateCreated`, `dateUpdated`, `uid`) VALUES ('37', NULL, 'Quote Source', 'quoteSource', 'matrixBlockType:11', NULL, '0', 'RichText', '{\"configFile\":\"Simple.json\",\"cleanupHtml\":\"1\"}', '2014-08-04 16:45:48', '2014-08-04 16:59:11', '31f9178a-3618-4e79-a611-0fa9be354aaf');



--
-- Schema for table `craft_globalsets`
--

DROP TABLE IF EXISTS `craft_globalsets`;

CREATE TABLE `craft_globalsets` (
  `id` int(11) NOT NULL,
  `name` varchar(255) COLLATE utf8_unicode_ci NOT NULL,
  `handle` varchar(255) COLLATE utf8_unicode_ci NOT NULL,
  `fieldLayoutId` int(10) DEFAULT NULL,
  `dateCreated` datetime NOT NULL,
  `dateUpdated` datetime NOT NULL,
  `uid` char(36) COLLATE utf8_unicode_ci NOT NULL DEFAULT '0',
  PRIMARY KEY (`id`),
  UNIQUE KEY `craft_globalsets_name_unq_idx` (`name`),
  UNIQUE KEY `craft_globalsets_handle_unq_idx` (`handle`),
  KEY `craft_globalsets_fieldLayoutId_fk` (`fieldLayoutId`)
) ENGINE=InnoDB DEFAULT CHARSET=utf8 COLLATE=utf8_unicode_ci;

--
-- Data for table `craft_globalsets`
--

INSERT INTO `craft_globalsets` (`id`, `name`, `handle`, `fieldLayoutId`, `dateCreated`, `dateUpdated`, `uid`) VALUES ('39', 'Nav', 'nav', '48', '2014-06-25 14:53:45', '2014-06-25 14:57:01', '47d21161-3f2b-4532-afb8-9b6101312fe3');



--
-- Schema for table `craft_info`
--

DROP TABLE IF EXISTS `craft_info`;

CREATE TABLE `craft_info` (
  `id` int(11) NOT NULL AUTO_INCREMENT,
  `version` varchar(15) COLLATE utf8_unicode_ci NOT NULL,
  `build` int(11) unsigned NOT NULL,
  `schemaVersion` varchar(15) COLLATE utf8_unicode_ci NOT NULL,
  `releaseDate` datetime NOT NULL,
  `edition` tinyint(1) unsigned NOT NULL DEFAULT '0',
  `siteName` varchar(100) COLLATE utf8_unicode_ci NOT NULL,
  `siteUrl` varchar(255) COLLATE utf8_unicode_ci NOT NULL,
  `timezone` varchar(30) COLLATE utf8_unicode_ci DEFAULT NULL,
  `on` tinyint(1) unsigned NOT NULL DEFAULT '0',
  `maintenance` tinyint(1) unsigned NOT NULL DEFAULT '0',
  `track` varchar(40) COLLATE utf8_unicode_ci NOT NULL,
  `dateCreated` datetime NOT NULL,
  `dateUpdated` datetime NOT NULL,
  `uid` char(36) COLLATE utf8_unicode_ci NOT NULL DEFAULT '0',
  PRIMARY KEY (`id`)
) ENGINE=InnoDB AUTO_INCREMENT=2 DEFAULT CHARSET=utf8 COLLATE=utf8_unicode_ci;

--
-- Data for table `craft_info`
--

INSERT INTO `craft_info` (`id`, `version`, `build`, `schemaVersion`, `releaseDate`, `edition`, `siteName`, `siteUrl`, `timezone`, `on`, `maintenance`, `track`, `dateCreated`, `dateUpdated`, `uid`) VALUES ('1', '2.1', '2566', '2.1.1', '2014-07-23 20:05:17', '0', 'Katrin Kerber', 'http://katrinkerber.dev', 'UTC', '1', '0', 'stable', '2014-05-12 11:05:25', '2014-08-19 14:28:16', '7e16c0ea-5eca-4713-8f0e-9b3a9feba343');



--
-- Schema for table `craft_locales`
--

DROP TABLE IF EXISTS `craft_locales`;

CREATE TABLE `craft_locales` (
  `locale` char(12) COLLATE utf8_unicode_ci NOT NULL,
  `sortOrder` tinyint(4) DEFAULT NULL,
  `dateCreated` datetime NOT NULL,
  `dateUpdated` datetime NOT NULL,
  `uid` char(36) COLLATE utf8_unicode_ci NOT NULL DEFAULT '0',
  PRIMARY KEY (`locale`),
  KEY `craft_locales_sortOrder_idx` (`sortOrder`)
) ENGINE=InnoDB DEFAULT CHARSET=utf8 COLLATE=utf8_unicode_ci;

--
-- Data for table `craft_locales`
--

INSERT INTO `craft_locales` (`locale`, `sortOrder`, `dateCreated`, `dateUpdated`, `uid`) VALUES ('en', '1', '2014-05-12 11:05:25', '2014-05-12 11:05:25', 'f3832118-ce66-4724-bb47-c6638b573ced');



--
-- Schema for table `craft_matrixblocks`
--

DROP TABLE IF EXISTS `craft_matrixblocks`;

CREATE TABLE `craft_matrixblocks` (
  `id` int(11) NOT NULL,
  `ownerId` int(11) NOT NULL,
  `fieldId` int(11) NOT NULL,
  `typeId` int(11) DEFAULT NULL,
  `ownerLocale` char(12) COLLATE utf8_unicode_ci DEFAULT NULL,
  `sortOrder` tinyint(4) DEFAULT NULL,
  `dateCreated` datetime NOT NULL,
  `dateUpdated` datetime NOT NULL,
  `uid` char(36) COLLATE utf8_unicode_ci NOT NULL DEFAULT '0',
  PRIMARY KEY (`id`),
  KEY `craft_matrixblocks_ownerId_idx` (`ownerId`),
  KEY `craft_matrixblocks_fieldId_idx` (`fieldId`),
  KEY `craft_matrixblocks_typeId_idx` (`typeId`),
  KEY `craft_matrixblocks_sortOrder_idx` (`sortOrder`),
  KEY `craft_matrixblocks_ownerLocale_fk` (`ownerLocale`)
) ENGINE=InnoDB DEFAULT CHARSET=utf8 COLLATE=utf8_unicode_ci;

--
-- Data for table `craft_matrixblocks`
--

INSERT INTO `craft_matrixblocks` (`id`, `ownerId`, `fieldId`, `typeId`, `ownerLocale`, `sortOrder`, `dateCreated`, `dateUpdated`, `uid`) VALUES ('8', '2', '2', '3', NULL, '1', '2014-05-26 15:11:47', '2014-10-14 13:42:56', '77438ede-7f8e-4962-bfe1-65eb67eb5029');
INSERT INTO `craft_matrixblocks` (`id`, `ownerId`, `fieldId`, `typeId`, `ownerLocale`, `sortOrder`, `dateCreated`, `dateUpdated`, `uid`) VALUES ('25', '5', '2', '4', NULL, '1', '2014-05-26 19:32:19', '2014-10-14 12:53:04', 'ad253de9-b0a8-4e1d-9759-d79ca6fa181e');
INSERT INTO `craft_matrixblocks` (`id`, `ownerId`, `fieldId`, `typeId`, `ownerLocale`, `sortOrder`, `dateCreated`, `dateUpdated`, `uid`) VALUES ('26', '5', '2', '3', NULL, '2', '2014-05-26 19:32:19', '2014-10-14 12:53:04', 'f29c481f-6560-4e1d-b7a9-394b510e0d4f');
INSERT INTO `craft_matrixblocks` (`id`, `ownerId`, `fieldId`, `typeId`, `ownerLocale`, `sortOrder`, `dateCreated`, `dateUpdated`, `uid`) VALUES ('27', '5', '2', '4', NULL, '3', '2014-05-26 19:32:19', '2014-10-14 12:53:04', 'bf25091a-c27c-4568-9cbe-1375d3b64825');
INSERT INTO `craft_matrixblocks` (`id`, `ownerId`, `fieldId`, `typeId`, `ownerLocale`, `sortOrder`, `dateCreated`, `dateUpdated`, `uid`) VALUES ('28', '5', '2', '3', NULL, '4', '2014-05-26 19:32:19', '2014-10-14 12:53:04', '78362299-997f-4416-9175-8882ba9ba7aa');
INSERT INTO `craft_matrixblocks` (`id`, `ownerId`, `fieldId`, `typeId`, `ownerLocale`, `sortOrder`, `dateCreated`, `dateUpdated`, `uid`) VALUES ('29', '5', '22', '7', NULL, '1', '2014-05-26 19:35:01', '2014-10-13 17:23:11', '57d3e340-0cfa-425c-8092-da776a34fa55');
INSERT INTO `craft_matrixblocks` (`id`, `ownerId`, `fieldId`, `typeId`, `ownerLocale`, `sortOrder`, `dateCreated`, `dateUpdated`, `uid`) VALUES ('33', '5', '2', '4', NULL, '5', '2014-05-26 20:47:34', '2014-10-14 12:53:04', '24a71aa6-9fef-4f65-8e68-51799aa4018a');
INSERT INTO `craft_matrixblocks` (`id`, `ownerId`, `fieldId`, `typeId`, `ownerLocale`, `sortOrder`, `dateCreated`, `dateUpdated`, `uid`) VALUES ('34', '5', '2', '3', NULL, '6', '2014-05-26 20:47:34', '2014-10-14 12:53:04', 'a21b062a-c250-4090-a215-acd1d589460a');
INSERT INTO `craft_matrixblocks` (`id`, `ownerId`, `fieldId`, `typeId`, `ownerLocale`, `sortOrder`, `dateCreated`, `dateUpdated`, `uid`) VALUES ('36', '2', '22', '7', NULL, '1', '2014-05-26 21:01:51', '2014-10-13 16:50:00', 'f75218cb-5837-43dc-9092-b06ddf5a882e');
INSERT INTO `craft_matrixblocks` (`id`, `ownerId`, `fieldId`, `typeId`, `ownerLocale`, `sortOrder`, `dateCreated`, `dateUpdated`, `uid`) VALUES ('49', '40', '5', '8', NULL, '1', '2014-06-26 09:18:51', '2014-10-13 22:10:20', '46b89061-77fb-4f5c-af36-b4238166bb0b');
INSERT INTO `craft_matrixblocks` (`id`, `ownerId`, `fieldId`, `typeId`, `ownerLocale`, `sortOrder`, `dateCreated`, `dateUpdated`, `uid`) VALUES ('50', '39', '27', '9', NULL, '1', '2014-07-17 06:41:26', '2014-07-17 06:41:26', '9b12f7e1-726b-4c20-8445-9a514923519e');
INSERT INTO `craft_matrixblocks` (`id`, `ownerId`, `fieldId`, `typeId`, `ownerLocale`, `sortOrder`, `dateCreated`, `dateUpdated`, `uid`) VALUES ('51', '39', '27', '10', NULL, '2', '2014-07-17 06:41:26', '2014-07-17 06:41:26', 'df8c8417-57ce-4e18-8462-babe4d9f4899');
INSERT INTO `craft_matrixblocks` (`id`, `ownerId`, `fieldId`, `typeId`, `ownerLocale`, `sortOrder`, `dateCreated`, `dateUpdated`, `uid`) VALUES ('52', '39', '27', '9', NULL, '3', '2014-07-17 06:41:26', '2014-07-17 06:41:26', '7ca95034-8997-4a37-99f0-158f9a93e466');
INSERT INTO `craft_matrixblocks` (`id`, `ownerId`, `fieldId`, `typeId`, `ownerLocale`, `sortOrder`, `dateCreated`, `dateUpdated`, `uid`) VALUES ('53', '39', '27', '9', NULL, '4', '2014-07-17 06:41:26', '2014-07-17 06:41:26', 'c179e964-f6b6-4488-bd2a-b9dbc7ed8711');
INSERT INTO `craft_matrixblocks` (`id`, `ownerId`, `fieldId`, `typeId`, `ownerLocale`, `sortOrder`, `dateCreated`, `dateUpdated`, `uid`) VALUES ('54', '39', '27', '9', NULL, '5', '2014-07-17 06:41:26', '2014-07-17 06:41:26', 'c6a5444a-d187-4068-9959-41dc7456b441');
INSERT INTO `craft_matrixblocks` (`id`, `ownerId`, `fieldId`, `typeId`, `ownerLocale`, `sortOrder`, `dateCreated`, `dateUpdated`, `uid`) VALUES ('55', '39', '27', '9', NULL, '6', '2014-07-17 06:41:26', '2014-07-17 06:41:26', 'e51135f2-63a6-420d-b564-acd4f9779acb');
INSERT INTO `craft_matrixblocks` (`id`, `ownerId`, `fieldId`, `typeId`, `ownerLocale`, `sortOrder`, `dateCreated`, `dateUpdated`, `uid`) VALUES ('59', '7', '22', '7', NULL, '1', '2014-07-22 10:06:22', '2014-10-13 15:53:40', '3a439272-c6d8-4862-84d4-81d7ec39b1a5');
INSERT INTO `craft_matrixblocks` (`id`, `ownerId`, `fieldId`, `typeId`, `ownerLocale`, `sortOrder`, `dateCreated`, `dateUpdated`, `uid`) VALUES ('61', '60', '2', '3', NULL, '1', '2014-07-22 10:45:07', '2014-07-22 12:21:12', '570dc4c0-397c-47eb-b50c-69d51e8ebb0c');
INSERT INTO `craft_matrixblocks` (`id`, `ownerId`, `fieldId`, `typeId`, `ownerLocale`, `sortOrder`, `dateCreated`, `dateUpdated`, `uid`) VALUES ('63', '60', '2', '3', NULL, '3', '2014-07-22 11:03:03', '2014-07-22 12:21:12', '44e15704-ce73-4c6a-98ff-181ea2e35a23');
INSERT INTO `craft_matrixblocks` (`id`, `ownerId`, `fieldId`, `typeId`, `ownerLocale`, `sortOrder`, `dateCreated`, `dateUpdated`, `uid`) VALUES ('66', '60', '2', '4', NULL, '4', '2014-07-22 11:06:39', '2014-07-22 12:21:12', 'd4caf325-70d5-476a-bd7f-5f5aadcb70dc');
INSERT INTO `craft_matrixblocks` (`id`, `ownerId`, `fieldId`, `typeId`, `ownerLocale`, `sortOrder`, `dateCreated`, `dateUpdated`, `uid`) VALUES ('67', '60', '2', '3', NULL, '5', '2014-07-22 11:06:39', '2014-07-22 12:21:12', '5c54a5ee-2c93-4b22-ab67-d6a428ecca8f');
INSERT INTO `craft_matrixblocks` (`id`, `ownerId`, `fieldId`, `typeId`, `ownerLocale`, `sortOrder`, `dateCreated`, `dateUpdated`, `uid`) VALUES ('68', '60', '2', '5', NULL, '2', '2014-07-22 11:07:36', '2014-07-22 12:21:12', '0001842b-6ad6-45b5-a5a6-3d6f4d976c9e');
INSERT INTO `craft_matrixblocks` (`id`, `ownerId`, `fieldId`, `typeId`, `ownerLocale`, `sortOrder`, `dateCreated`, `dateUpdated`, `uid`) VALUES ('69', '60', '2', '5', NULL, '6', '2014-07-22 11:07:48', '2014-07-22 12:21:12', '562d403e-a5b7-47ba-a550-c61a5650407b');
INSERT INTO `craft_matrixblocks` (`id`, `ownerId`, `fieldId`, `typeId`, `ownerLocale`, `sortOrder`, `dateCreated`, `dateUpdated`, `uid`) VALUES ('70', '60', '2', '3', NULL, '7', '2014-07-22 11:09:00', '2014-07-22 12:21:12', 'ed2552cd-d621-4eee-afb7-3e0df33b0974');
INSERT INTO `craft_matrixblocks` (`id`, `ownerId`, `fieldId`, `typeId`, `ownerLocale`, `sortOrder`, `dateCreated`, `dateUpdated`, `uid`) VALUES ('71', '60', '2', '4', NULL, '8', '2014-07-22 11:09:00', '2014-07-22 12:21:12', 'f73a18d3-2207-4c0c-a554-ba834c878564');
INSERT INTO `craft_matrixblocks` (`id`, `ownerId`, `fieldId`, `typeId`, `ownerLocale`, `sortOrder`, `dateCreated`, `dateUpdated`, `uid`) VALUES ('72', '60', '2', '3', NULL, '9', '2014-07-22 11:11:01', '2014-07-22 12:21:12', 'f95837e3-061b-4824-b413-627258843433');
INSERT INTO `craft_matrixblocks` (`id`, `ownerId`, `fieldId`, `typeId`, `ownerLocale`, `sortOrder`, `dateCreated`, `dateUpdated`, `uid`) VALUES ('73', '60', '2', '4', NULL, '10', '2014-07-22 11:11:01', '2014-07-22 12:21:12', '5c63fc56-d781-4b3c-ba05-a75bb376bb90');
INSERT INTO `craft_matrixblocks` (`id`, `ownerId`, `fieldId`, `typeId`, `ownerLocale`, `sortOrder`, `dateCreated`, `dateUpdated`, `uid`) VALUES ('74', '60', '2', '3', NULL, '11', '2014-07-22 11:11:01', '2014-07-22 12:21:12', '13fcacb1-ba3a-4cb1-82ed-d72354db58a2');
INSERT INTO `craft_matrixblocks` (`id`, `ownerId`, `fieldId`, `typeId`, `ownerLocale`, `sortOrder`, `dateCreated`, `dateUpdated`, `uid`) VALUES ('75', '60', '2', '4', NULL, '12', '2014-07-22 11:11:01', '2014-07-22 12:21:12', '197fc3f1-d9d7-45bb-9b24-21bd9fd4c6d1');
INSERT INTO `craft_matrixblocks` (`id`, `ownerId`, `fieldId`, `typeId`, `ownerLocale`, `sortOrder`, `dateCreated`, `dateUpdated`, `uid`) VALUES ('76', '60', '2', '3', NULL, '13', '2014-07-22 11:11:01', '2014-07-22 12:21:12', 'f073b2d8-be73-4ee6-9b15-231dee99b251');
INSERT INTO `craft_matrixblocks` (`id`, `ownerId`, `fieldId`, `typeId`, `ownerLocale`, `sortOrder`, `dateCreated`, `dateUpdated`, `uid`) VALUES ('79', '77', '2', '3', NULL, '1', '2014-07-22 12:02:55', '2014-08-05 09:15:03', '38fc0736-68f6-4180-b529-240e1f6544bc');
INSERT INTO `craft_matrixblocks` (`id`, `ownerId`, `fieldId`, `typeId`, `ownerLocale`, `sortOrder`, `dateCreated`, `dateUpdated`, `uid`) VALUES ('80', '77', '2', '5', NULL, '2', '2014-07-22 12:02:55', '2014-08-05 09:15:03', '7e70e10a-8fcb-4983-9aca-3ccb2222ec52');
INSERT INTO `craft_matrixblocks` (`id`, `ownerId`, `fieldId`, `typeId`, `ownerLocale`, `sortOrder`, `dateCreated`, `dateUpdated`, `uid`) VALUES ('81', '77', '2', '4', NULL, '3', '2014-07-22 12:02:55', '2014-08-05 09:15:03', 'fcc1f889-0505-42b0-8314-20d1d2af73a0');
INSERT INTO `craft_matrixblocks` (`id`, `ownerId`, `fieldId`, `typeId`, `ownerLocale`, `sortOrder`, `dateCreated`, `dateUpdated`, `uid`) VALUES ('82', '77', '2', '3', NULL, '4', '2014-07-22 12:02:55', '2014-08-05 09:15:03', '321b8d75-a62b-48dd-8d36-e3797446856e');
INSERT INTO `craft_matrixblocks` (`id`, `ownerId`, `fieldId`, `typeId`, `ownerLocale`, `sortOrder`, `dateCreated`, `dateUpdated`, `uid`) VALUES ('84', '77', '2', '3', NULL, '6', '2014-07-22 12:02:55', '2014-08-05 09:15:03', '86468fe3-b487-4acc-876c-143404934294');
INSERT INTO `craft_matrixblocks` (`id`, `ownerId`, `fieldId`, `typeId`, `ownerLocale`, `sortOrder`, `dateCreated`, `dateUpdated`, `uid`) VALUES ('86', '77', '2', '6', NULL, '7', '2014-07-22 12:12:27', '2014-08-05 09:15:03', 'ecd8bc7d-9494-4636-956c-7e743f0636fc');
INSERT INTO `craft_matrixblocks` (`id`, `ownerId`, `fieldId`, `typeId`, `ownerLocale`, `sortOrder`, `dateCreated`, `dateUpdated`, `uid`) VALUES ('87', '77', '2', '3', NULL, '8', '2014-07-22 12:12:27', '2014-08-05 09:15:03', 'cb6fd300-59ae-47cd-91e4-6e044c80aa05');
INSERT INTO `craft_matrixblocks` (`id`, `ownerId`, `fieldId`, `typeId`, `ownerLocale`, `sortOrder`, `dateCreated`, `dateUpdated`, `uid`) VALUES ('88', '77', '2', '4', NULL, '9', '2014-07-22 12:12:27', '2014-08-05 09:15:03', '5dd96d1d-fd53-4edb-98a8-302e7eb55671');
INSERT INTO `craft_matrixblocks` (`id`, `ownerId`, `fieldId`, `typeId`, `ownerLocale`, `sortOrder`, `dateCreated`, `dateUpdated`, `uid`) VALUES ('89', '77', '2', '3', NULL, '10', '2014-07-22 12:12:27', '2014-08-05 09:15:03', '100c36c9-c113-46f3-ad1f-dddfa67f2850');
INSERT INTO `craft_matrixblocks` (`id`, `ownerId`, `fieldId`, `typeId`, `ownerLocale`, `sortOrder`, `dateCreated`, `dateUpdated`, `uid`) VALUES ('90', '77', '2', '6', NULL, '11', '2014-07-22 12:12:27', '2014-08-05 09:15:03', '6b2a54f0-ae9f-4e19-b050-aceb307223cd');
INSERT INTO `craft_matrixblocks` (`id`, `ownerId`, `fieldId`, `typeId`, `ownerLocale`, `sortOrder`, `dateCreated`, `dateUpdated`, `uid`) VALUES ('91', '77', '2', '4', NULL, '12', '2014-07-22 12:12:27', '2014-08-05 09:15:03', '829b651d-ae5c-4b39-9b7e-22fe9881d64a');
INSERT INTO `craft_matrixblocks` (`id`, `ownerId`, `fieldId`, `typeId`, `ownerLocale`, `sortOrder`, `dateCreated`, `dateUpdated`, `uid`) VALUES ('92', '77', '2', '5', NULL, '13', '2014-07-22 12:12:27', '2014-08-05 09:15:03', '8a8193c2-98e6-4ccc-bc23-d7ee08991b2a');
INSERT INTO `craft_matrixblocks` (`id`, `ownerId`, `fieldId`, `typeId`, `ownerLocale`, `sortOrder`, `dateCreated`, `dateUpdated`, `uid`) VALUES ('93', '77', '2', '3', NULL, '14', '2014-07-22 12:12:27', '2014-08-05 09:15:03', '4c433ff9-09f9-49a2-a2af-4f8daa37d70d');
INSERT INTO `craft_matrixblocks` (`id`, `ownerId`, `fieldId`, `typeId`, `ownerLocale`, `sortOrder`, `dateCreated`, `dateUpdated`, `uid`) VALUES ('94', '77', '2', '4', NULL, '5', '2014-07-22 12:20:26', '2014-08-05 09:15:03', 'ad3ab0a1-3a05-447b-bf61-109631880d3a');
INSERT INTO `craft_matrixblocks` (`id`, `ownerId`, `fieldId`, `typeId`, `ownerLocale`, `sortOrder`, `dateCreated`, `dateUpdated`, `uid`) VALUES ('96', '95', '2', '3', NULL, '1', '2014-07-22 12:28:59', '2014-08-05 09:33:20', 'e757e7a0-d1cf-466d-8fd4-02185b78af6b');
INSERT INTO `craft_matrixblocks` (`id`, `ownerId`, `fieldId`, `typeId`, `ownerLocale`, `sortOrder`, `dateCreated`, `dateUpdated`, `uid`) VALUES ('99', '97', '2', '4', NULL, '3', '2014-07-22 12:43:35', '2014-08-05 09:18:30', '262280d8-0b12-4d7e-a47c-3fd56b7ba50f');
INSERT INTO `craft_matrixblocks` (`id`, `ownerId`, `fieldId`, `typeId`, `ownerLocale`, `sortOrder`, `dateCreated`, `dateUpdated`, `uid`) VALUES ('100', '97', '2', '3', NULL, '4', '2014-07-22 12:43:35', '2014-08-05 09:18:30', '9d0203c7-6b6a-4592-a626-81c7b3f52d34');
INSERT INTO `craft_matrixblocks` (`id`, `ownerId`, `fieldId`, `typeId`, `ownerLocale`, `sortOrder`, `dateCreated`, `dateUpdated`, `uid`) VALUES ('101', '97', '2', '3', NULL, '1', '2014-07-22 12:43:35', '2014-08-05 09:18:30', 'a5ed4e6f-e536-45ce-ae73-313ed6500e24');
INSERT INTO `craft_matrixblocks` (`id`, `ownerId`, `fieldId`, `typeId`, `ownerLocale`, `sortOrder`, `dateCreated`, `dateUpdated`, `uid`) VALUES ('102', '97', '2', '5', NULL, '2', '2014-07-22 12:43:35', '2014-08-05 09:18:30', '5cdaaac1-c2a9-4340-b93f-06b2d092d4c1');
INSERT INTO `craft_matrixblocks` (`id`, `ownerId`, `fieldId`, `typeId`, `ownerLocale`, `sortOrder`, `dateCreated`, `dateUpdated`, `uid`) VALUES ('105', '104', '2', '3', NULL, '1', '2014-07-22 13:21:42', '2014-08-05 09:21:42', '9b76d074-62c2-4558-9242-429bcf967fad');
INSERT INTO `craft_matrixblocks` (`id`, `ownerId`, `fieldId`, `typeId`, `ownerLocale`, `sortOrder`, `dateCreated`, `dateUpdated`, `uid`) VALUES ('106', '104', '2', '4', NULL, '2', '2014-07-22 13:21:42', '2014-08-05 09:21:42', 'b0f7f365-40da-4bf4-9eb5-6d600d96262a');
INSERT INTO `craft_matrixblocks` (`id`, `ownerId`, `fieldId`, `typeId`, `ownerLocale`, `sortOrder`, `dateCreated`, `dateUpdated`, `uid`) VALUES ('107', '104', '2', '3', NULL, '3', '2014-07-22 13:21:43', '2014-08-05 09:21:42', '44db0103-74cf-4136-9ae2-2612d56a5f8e');
INSERT INTO `craft_matrixblocks` (`id`, `ownerId`, `fieldId`, `typeId`, `ownerLocale`, `sortOrder`, `dateCreated`, `dateUpdated`, `uid`) VALUES ('108', '104', '2', '4', NULL, '5', '2014-07-22 13:21:43', '2014-08-05 09:21:42', '8ec42c75-4d03-46bc-b34e-8503d82ccd04');
INSERT INTO `craft_matrixblocks` (`id`, `ownerId`, `fieldId`, `typeId`, `ownerLocale`, `sortOrder`, `dateCreated`, `dateUpdated`, `uid`) VALUES ('109', '104', '2', '3', NULL, '6', '2014-07-22 13:21:43', '2014-08-05 09:21:42', '8710ea42-c963-4a24-8f4f-50d073e941c7');
INSERT INTO `craft_matrixblocks` (`id`, `ownerId`, `fieldId`, `typeId`, `ownerLocale`, `sortOrder`, `dateCreated`, `dateUpdated`, `uid`) VALUES ('110', '104', '2', '4', NULL, '9', '2014-07-22 13:21:43', '2014-08-05 09:21:42', '63757569-0fe2-45a9-a3be-59652605d77d');
INSERT INTO `craft_matrixblocks` (`id`, `ownerId`, `fieldId`, `typeId`, `ownerLocale`, `sortOrder`, `dateCreated`, `dateUpdated`, `uid`) VALUES ('111', '104', '2', '3', NULL, '10', '2014-07-22 13:21:43', '2014-08-05 09:21:42', '44cf4601-969d-4e9a-8cd5-caa0f67fad4a');
INSERT INTO `craft_matrixblocks` (`id`, `ownerId`, `fieldId`, `typeId`, `ownerLocale`, `sortOrder`, `dateCreated`, `dateUpdated`, `uid`) VALUES ('118', '116', '14', '2', NULL, '1', '2014-07-22 21:02:00', '2014-10-13 16:56:14', '1b24a871-396a-4c9f-a1dd-b53d8944b3ce');
INSERT INTO `craft_matrixblocks` (`id`, `ownerId`, `fieldId`, `typeId`, `ownerLocale`, `sortOrder`, `dateCreated`, `dateUpdated`, `uid`) VALUES ('126', '122', '14', '2', NULL, '1', '2014-07-23 08:52:44', '2014-08-05 08:38:59', 'b043e6aa-54c7-4e48-80c2-1fa4a69e1944');
INSERT INTO `craft_matrixblocks` (`id`, `ownerId`, `fieldId`, `typeId`, `ownerLocale`, `sortOrder`, `dateCreated`, `dateUpdated`, `uid`) VALUES ('127', '122', '5', '8', NULL, '1', '2014-07-23 08:52:44', '2014-08-05 08:38:59', '198ebd56-a904-499d-9ab2-12c5f4e77b31');
INSERT INTO `craft_matrixblocks` (`id`, `ownerId`, `fieldId`, `typeId`, `ownerLocale`, `sortOrder`, `dateCreated`, `dateUpdated`, `uid`) VALUES ('129', '128', '14', '2', NULL, '1', '2014-07-23 09:17:24', '2014-10-13 18:13:32', '49086d6f-5d94-40d6-b5b7-1bec2452b225');
INSERT INTO `craft_matrixblocks` (`id`, `ownerId`, `fieldId`, `typeId`, `ownerLocale`, `sortOrder`, `dateCreated`, `dateUpdated`, `uid`) VALUES ('132', '128', '14', '2', NULL, '2', '2014-07-23 18:27:52', '2014-10-13 18:13:32', 'd814db18-c34f-458a-853a-3353fc2bcb94');
INSERT INTO `craft_matrixblocks` (`id`, `ownerId`, `fieldId`, `typeId`, `ownerLocale`, `sortOrder`, `dateCreated`, `dateUpdated`, `uid`) VALUES ('134', '133', '14', '2', NULL, '1', '2014-07-23 18:50:30', '2014-10-13 17:56:30', '884ff838-f0db-47ae-bcc2-9bbca5e97f48');
INSERT INTO `craft_matrixblocks` (`id`, `ownerId`, `fieldId`, `typeId`, `ownerLocale`, `sortOrder`, `dateCreated`, `dateUpdated`, `uid`) VALUES ('148', '147', '14', '2', NULL, '1', '2014-07-24 09:56:59', '2014-08-05 08:43:30', '74b61059-51a7-47a5-a763-ef3f2507f160');
INSERT INTO `craft_matrixblocks` (`id`, `ownerId`, `fieldId`, `typeId`, `ownerLocale`, `sortOrder`, `dateCreated`, `dateUpdated`, `uid`) VALUES ('152', '151', '5', '8', NULL, '1', '2014-07-24 12:24:28', '2014-08-05 08:52:26', '4e81b840-d7aa-4a1b-aa1c-b8170a361600');
INSERT INTO `craft_matrixblocks` (`id`, `ownerId`, `fieldId`, `typeId`, `ownerLocale`, `sortOrder`, `dateCreated`, `dateUpdated`, `uid`) VALUES ('166', '165', '14', '2', NULL, '1', '2014-07-24 19:33:56', '2014-08-05 09:08:35', '7737bf2e-1c4f-443b-9bae-eabf4f6e57e5');
INSERT INTO `craft_matrixblocks` (`id`, `ownerId`, `fieldId`, `typeId`, `ownerLocale`, `sortOrder`, `dateCreated`, `dateUpdated`, `uid`) VALUES ('167', '165', '5', '8', NULL, '1', '2014-07-24 19:33:56', '2014-08-05 09:08:35', '31d6d303-6afb-47a3-b43e-428c8c99c94a');
INSERT INTO `craft_matrixblocks` (`id`, `ownerId`, `fieldId`, `typeId`, `ownerLocale`, `sortOrder`, `dateCreated`, `dateUpdated`, `uid`) VALUES ('178', '177', '14', '2', NULL, '1', '2014-07-25 08:32:29', '2014-08-05 08:38:22', 'cf0c4d78-7f9d-472c-b5d3-fa56b1fed931');
INSERT INTO `craft_matrixblocks` (`id`, `ownerId`, `fieldId`, `typeId`, `ownerLocale`, `sortOrder`, `dateCreated`, `dateUpdated`, `uid`) VALUES ('182', '104', '2', '11', NULL, '4', '2014-08-04 16:48:59', '2014-08-05 09:21:42', '00666ab6-36dc-4b4b-a198-41af2481af40');
INSERT INTO `craft_matrixblocks` (`id`, `ownerId`, `fieldId`, `typeId`, `ownerLocale`, `sortOrder`, `dateCreated`, `dateUpdated`, `uid`) VALUES ('183', '104', '2', '11', NULL, '7', '2014-08-04 16:48:59', '2014-08-05 09:21:42', '29720e33-0522-4b8f-850f-a48849a363cb');
INSERT INTO `craft_matrixblocks` (`id`, `ownerId`, `fieldId`, `typeId`, `ownerLocale`, `sortOrder`, `dateCreated`, `dateUpdated`, `uid`) VALUES ('184', '104', '2', '3', NULL, '8', '2014-08-04 16:48:59', '2014-08-05 09:21:42', '9001b5e5-c57f-4d3f-ad8a-0ca12cbed970');
INSERT INTO `craft_matrixblocks` (`id`, `ownerId`, `fieldId`, `typeId`, `ownerLocale`, `sortOrder`, `dateCreated`, `dateUpdated`, `uid`) VALUES ('199', '95', '2', '11', NULL, '2', '2014-08-05 09:32:50', '2014-08-05 09:33:20', '258c56a2-7b0a-43b4-9f97-18bf16558fc9');
INSERT INTO `craft_matrixblocks` (`id`, `ownerId`, `fieldId`, `typeId`, `ownerLocale`, `sortOrder`, `dateCreated`, `dateUpdated`, `uid`) VALUES ('200', '95', '2', '3', NULL, '3', '2014-08-05 09:32:50', '2014-08-05 09:33:20', 'afb11f32-2c7e-4e58-a0f9-62d4ef9a7319');
INSERT INTO `craft_matrixblocks` (`id`, `ownerId`, `fieldId`, `typeId`, `ownerLocale`, `sortOrder`, `dateCreated`, `dateUpdated`, `uid`) VALUES ('201', '95', '2', '11', NULL, '4', '2014-08-05 09:32:50', '2014-08-05 09:33:20', 'd125db7c-f2b7-478f-b4b9-b9325b2d2af9');
INSERT INTO `craft_matrixblocks` (`id`, `ownerId`, `fieldId`, `typeId`, `ownerLocale`, `sortOrder`, `dateCreated`, `dateUpdated`, `uid`) VALUES ('202', '7', '2', '3', NULL, '1', '2014-10-13 15:53:40', '2014-10-14 12:35:41', 'c09ff18a-5b88-4fea-a0e2-4e6e0d053941');
INSERT INTO `craft_matrixblocks` (`id`, `ownerId`, `fieldId`, `typeId`, `ownerLocale`, `sortOrder`, `dateCreated`, `dateUpdated`, `uid`) VALUES ('203', '4', '22', '7', NULL, '1', '2014-10-13 17:30:52', '2014-10-13 17:49:11', '93dba549-da2e-4d9c-95b7-6c946f6de66c');



--
-- Schema for table `craft_matrixblocktypes`
--

DROP TABLE IF EXISTS `craft_matrixblocktypes`;

CREATE TABLE `craft_matrixblocktypes` (
  `id` int(11) NOT NULL AUTO_INCREMENT,
  `fieldId` int(11) NOT NULL,
  `fieldLayoutId` int(11) DEFAULT NULL,
  `name` varchar(255) COLLATE utf8_unicode_ci NOT NULL,
  `handle` varchar(255) COLLATE utf8_unicode_ci NOT NULL,
  `sortOrder` tinyint(4) DEFAULT NULL,
  `dateCreated` datetime NOT NULL,
  `dateUpdated` datetime NOT NULL,
  `uid` char(36) COLLATE utf8_unicode_ci NOT NULL DEFAULT '0',
  PRIMARY KEY (`id`),
  UNIQUE KEY `craft_matrixblocktypes_name_fieldId_unq_idx` (`name`,`fieldId`),
  UNIQUE KEY `craft_matrixblocktypes_handle_fieldId_unq_idx` (`handle`,`fieldId`),
  KEY `craft_matrixblocktypes_fieldId_fk` (`fieldId`),
  KEY `craft_matrixblocktypes_fieldLayoutId_fk` (`fieldLayoutId`)
) ENGINE=InnoDB AUTO_INCREMENT=12 DEFAULT CHARSET=utf8 COLLATE=utf8_unicode_ci;

--
-- Data for table `craft_matrixblocktypes`
--

INSERT INTO `craft_matrixblocktypes` (`id`, `fieldId`, `fieldLayoutId`, `name`, `handle`, `sortOrder`, `dateCreated`, `dateUpdated`, `uid`) VALUES ('2', '14', '64', 'Info Section', 'infoSection', '1', '2014-05-26 14:42:48', '2014-07-21 20:39:01', '6116c5aa-cf27-45c3-90cb-09b64070ccaf');
INSERT INTO `craft_matrixblocktypes` (`id`, `fieldId`, `fieldLayoutId`, `name`, `handle`, `sortOrder`, `dateCreated`, `dateUpdated`, `uid`) VALUES ('3', '2', '108', 'Section Text', 'sectionText', '2', '2014-05-26 14:47:45', '2014-08-04 16:59:11', '1099876d-6730-42a6-a24a-e0f0d1cbcf96');
INSERT INTO `craft_matrixblocktypes` (`id`, `fieldId`, `fieldLayoutId`, `name`, `handle`, `sortOrder`, `dateCreated`, `dateUpdated`, `uid`) VALUES ('4', '2', '107', 'Section Title', 'sectionTitle', '1', '2014-05-26 14:47:45', '2014-08-04 16:59:11', '253f56f7-7716-42e9-9bb3-428c5ac1996f');
INSERT INTO `craft_matrixblocktypes` (`id`, `fieldId`, `fieldLayoutId`, `name`, `handle`, `sortOrder`, `dateCreated`, `dateUpdated`, `uid`) VALUES ('5', '2', '109', 'Image', 'sectionImage', '3', '2014-05-26 14:50:45', '2014-08-04 16:59:11', '3ea1a281-155a-4658-b1e2-ef050437844f');
INSERT INTO `craft_matrixblocktypes` (`id`, `fieldId`, `fieldLayoutId`, `name`, `handle`, `sortOrder`, `dateCreated`, `dateUpdated`, `uid`) VALUES ('6', '2', '110', 'Code Snippet', 'sectionCodeSnippet', '4', '2014-05-26 14:53:57', '2014-08-04 16:59:11', '957db087-ac80-4517-9807-3ff86b43fa90');
INSERT INTO `craft_matrixblocktypes` (`id`, `fieldId`, `fieldLayoutId`, `name`, `handle`, `sortOrder`, `dateCreated`, `dateUpdated`, `uid`) VALUES ('7', '22', '115', 'Call Out', 'callOut', '1', '2014-05-26 19:34:30', '2014-10-13 15:52:24', 'd8f2cb6d-e16c-4b8f-a1dd-3d5aaefb94c8');
INSERT INTO `craft_matrixblocktypes` (`id`, `fieldId`, `fieldLayoutId`, `name`, `handle`, `sortOrder`, `dateCreated`, `dateUpdated`, `uid`) VALUES ('8', '5', '87', 'Quote Details', 'quoteDetails', '1', '2014-06-26 09:04:56', '2014-07-28 18:26:26', 'c282d448-eb25-46a1-87b3-6d5fd20f8372');
INSERT INTO `craft_matrixblocktypes` (`id`, `fieldId`, `fieldLayoutId`, `name`, `handle`, `sortOrder`, `dateCreated`, `dateUpdated`, `uid`) VALUES ('9', '27', '60', 'Entry', 'entry', '1', '2014-07-17 06:40:42', '2014-07-17 06:40:42', '656a177e-b91f-4c32-a31a-fe9efca63bba');
INSERT INTO `craft_matrixblocktypes` (`id`, `fieldId`, `fieldLayoutId`, `name`, `handle`, `sortOrder`, `dateCreated`, `dateUpdated`, `uid`) VALUES ('10', '27', '61', 'URL', 'navUrl', '2', '2014-07-17 06:40:42', '2014-07-17 06:40:42', '4385a3c7-04a9-4881-b3c1-60141adbcdd4');
INSERT INTO `craft_matrixblocktypes` (`id`, `fieldId`, `fieldLayoutId`, `name`, `handle`, `sortOrder`, `dateCreated`, `dateUpdated`, `uid`) VALUES ('11', '2', '111', 'Quote', 'sectionQuote', '5', '2014-08-04 16:45:48', '2014-08-04 16:59:11', '6785116d-c5e3-4826-92dd-786a8dd5217e');



--
-- Schema for table `craft_matrixcontent_navitems`
--

DROP TABLE IF EXISTS `craft_matrixcontent_navitems`;

CREATE TABLE `craft_matrixcontent_navitems` (
  `id` int(11) NOT NULL AUTO_INCREMENT,
  `elementId` int(11) NOT NULL,
  `locale` char(12) COLLATE utf8_unicode_ci NOT NULL,
  `field_navUrl_navUrl` text COLLATE utf8_unicode_ci,
  `dateCreated` datetime NOT NULL,
  `dateUpdated` datetime NOT NULL,
  `uid` char(36) COLLATE utf8_unicode_ci NOT NULL DEFAULT '0',
  PRIMARY KEY (`id`),
  UNIQUE KEY `craft_matrixcontent_navitems_elementId_locale_unq_idx` (`elementId`,`locale`),
  KEY `craft_matrixcontent_navitems_locale_fk` (`locale`)
) ENGINE=InnoDB AUTO_INCREMENT=7 DEFAULT CHARSET=utf8 COLLATE=utf8_unicode_ci;

--
-- Data for table `craft_matrixcontent_navitems`
--

INSERT INTO `craft_matrixcontent_navitems` (`id`, `elementId`, `locale`, `field_navUrl_navUrl`, `dateCreated`, `dateUpdated`, `uid`) VALUES ('1', '50', 'en', NULL, '2014-07-17 06:41:26', '2014-07-17 06:41:26', '6e8fbd1f-631a-41ae-863e-199e76dab21f');
INSERT INTO `craft_matrixcontent_navitems` (`id`, `elementId`, `locale`, `field_navUrl_navUrl`, `dateCreated`, `dateUpdated`, `uid`) VALUES ('2', '51', 'en', 'what-i-do', '2014-07-17 06:41:26', '2014-07-17 06:41:26', '483eef89-c641-44c0-9425-674926362d04');
INSERT INTO `craft_matrixcontent_navitems` (`id`, `elementId`, `locale`, `field_navUrl_navUrl`, `dateCreated`, `dateUpdated`, `uid`) VALUES ('3', '52', 'en', NULL, '2014-07-17 06:41:26', '2014-07-17 06:41:26', '514c1b6f-23a3-4cd3-abcd-70c07babcf1a');
INSERT INTO `craft_matrixcontent_navitems` (`id`, `elementId`, `locale`, `field_navUrl_navUrl`, `dateCreated`, `dateUpdated`, `uid`) VALUES ('4', '53', 'en', NULL, '2014-07-17 06:41:26', '2014-07-17 06:41:26', 'ca889ba3-0dbf-4d5f-a245-c6691d28192d');
INSERT INTO `craft_matrixcontent_navitems` (`id`, `elementId`, `locale`, `field_navUrl_navUrl`, `dateCreated`, `dateUpdated`, `uid`) VALUES ('5', '54', 'en', NULL, '2014-07-17 06:41:26', '2014-07-17 06:41:26', '330cff0c-efe4-4377-a41e-ddaee18b383b');
INSERT INTO `craft_matrixcontent_navitems` (`id`, `elementId`, `locale`, `field_navUrl_navUrl`, `dateCreated`, `dateUpdated`, `uid`) VALUES ('6', '55', 'en', NULL, '2014-07-17 06:41:26', '2014-07-17 06:41:26', '4b41672a-74fa-49fa-9414-49582e3695a1');



--
-- Schema for table `craft_matrixcontent_pagecallout`
--

DROP TABLE IF EXISTS `craft_matrixcontent_pagecallout`;

CREATE TABLE `craft_matrixcontent_pagecallout` (
  `id` int(11) NOT NULL AUTO_INCREMENT,
  `elementId` int(11) NOT NULL,
  `locale` char(12) COLLATE utf8_unicode_ci NOT NULL,
  `field_callOut_text` text COLLATE utf8_unicode_ci,
  `dateCreated` datetime NOT NULL,
  `dateUpdated` datetime NOT NULL,
  `uid` char(36) COLLATE utf8_unicode_ci NOT NULL DEFAULT '0',
  PRIMARY KEY (`id`),
  UNIQUE KEY `craft_matrixcontent_pagecallout_elementId_locale_unq_idx` (`elementId`,`locale`),
  KEY `craft_matrixcontent_pagecallout_locale_fk` (`locale`)
) ENGINE=InnoDB AUTO_INCREMENT=5 DEFAULT CHARSET=utf8 COLLATE=utf8_unicode_ci;

--
-- Data for table `craft_matrixcontent_pagecallout`
--

INSERT INTO `craft_matrixcontent_pagecallout` (`id`, `elementId`, `locale`, `field_callOut_text`, `dateCreated`, `dateUpdated`, `uid`) VALUES ('1', '29', 'en', '<p>I am available to work on new projects and would love to hear about yours.</p>', '2014-05-26 19:35:01', '2014-10-13 17:23:11', '84b05dbf-ebaa-4a5c-86e5-4c6db8aee2e6');
INSERT INTO `craft_matrixcontent_pagecallout` (`id`, `elementId`, `locale`, `field_callOut_text`, `dateCreated`, `dateUpdated`, `uid`) VALUES ('2', '36', 'en', '<p>Whatever your needs, I’d love to hear about your goals and ideas and help you make your website a success.</p>', '2014-05-26 21:01:51', '2014-10-13 16:50:00', '523ca067-74ee-46a1-b0d0-5da6e9390051');
INSERT INTO `craft_matrixcontent_pagecallout` (`id`, `elementId`, `locale`, `field_callOut_text`, `dateCreated`, `dateUpdated`, `uid`) VALUES ('3', '59', 'en', '<p>Think I could be the perfect fit for your project? Get in touch.</p>', '2014-07-22 10:06:22', '2014-10-13 15:53:40', '79de1e80-b2b2-4a2d-ac5f-ff9bdab61be5');
INSERT INTO `craft_matrixcontent_pagecallout` (`id`, `elementId`, `locale`, `field_callOut_text`, `dateCreated`, `dateUpdated`, `uid`) VALUES ('4', '203', 'en', '<p>I’d love to hear about your goals and ideas and help you make your website a success.</p>', '2014-10-13 17:30:52', '2014-10-13 17:49:11', '58c0388f-1ab1-41a0-929d-6ca01d65a66e');



--
-- Schema for table `craft_matrixcontent_pagecontentsections`
--

DROP TABLE IF EXISTS `craft_matrixcontent_pagecontentsections`;

CREATE TABLE `craft_matrixcontent_pagecontentsections` (
  `id` int(11) NOT NULL AUTO_INCREMENT,
  `elementId` int(11) NOT NULL,
  `locale` char(12) COLLATE utf8_unicode_ci NOT NULL,
  `field_sectionText_text` text COLLATE utf8_unicode_ci,
  `field_sectionTitle_sectionTitle` text COLLATE utf8_unicode_ci,
  `field_sectionCodeSnippet_codeSnippet` text COLLATE utf8_unicode_ci,
  `field_sectionImage_imageCaption` text COLLATE utf8_unicode_ci,
  `field_sectionImage_imageAlt` text COLLATE utf8_unicode_ci,
  `field_sectionCodeSnippet_codeType` varchar(255) COLLATE utf8_unicode_ci DEFAULT NULL,
  `field_sectionImage_remoteImage` text COLLATE utf8_unicode_ci,
  `field_sectionQuote_quoteText` text COLLATE utf8_unicode_ci,
  `field_sectionQuote_quoteSource` text COLLATE utf8_unicode_ci,
  `dateCreated` datetime NOT NULL,
  `dateUpdated` datetime NOT NULL,
  `uid` char(36) COLLATE utf8_unicode_ci NOT NULL DEFAULT '0',
  PRIMARY KEY (`id`),
  UNIQUE KEY `craft_matrixcontent_pagecontentsections_elementId_locale_unq_idx` (`elementId`,`locale`),
  KEY `craft_matrixcontent_pagecontentsections_locale_fk` (`locale`)
) ENGINE=InnoDB AUTO_INCREMENT=78 DEFAULT CHARSET=utf8 COLLATE=utf8_unicode_ci;

--
-- Data for table `craft_matrixcontent_pagecontentsections`
--

INSERT INTO `craft_matrixcontent_pagecontentsections` (`id`, `elementId`, `locale`, `field_sectionText_text`, `field_sectionTitle_sectionTitle`, `field_sectionCodeSnippet_codeSnippet`, `field_sectionImage_imageCaption`, `field_sectionImage_imageAlt`, `field_sectionCodeSnippet_codeType`, `field_sectionImage_remoteImage`, `field_sectionQuote_quoteText`, `field_sectionQuote_quoteSource`, `dateCreated`, `dateUpdated`, `uid`) VALUES ('1', '8', 'en', '<p><strong>\r\n	I enjoy&nbsp;projects where I can make a real difference.&nbsp;For example, I regularly help:</strong></p><ul>\r\n	<li>Businesses whose existing website doesn’t reflect their current character and doesn’t attract their ideal clients.&nbsp;</li>	<li>Charities that need to effectively communicate their work to attract supporters and donations.</li>	<li>Organisations whose&nbsp;site isn’t optimised for handheld devices and who&nbsp;are loosing out on a big chunk of visitors and potential customers.</li>	<li>Shops that need a great online store that generates sales and happy customers.</li>	<li>New businesses which need their first&nbsp;website&nbsp;to attract clients and supporters.</li>	<li>An agency or organisation that needs someone to work with their team to build a user-friendly, robust, and high-quality front-end code&nbsp;base for a big, complex site.</li></ul>', NULL, NULL, NULL, NULL, NULL, NULL, NULL, NULL, '2014-05-26 15:11:47', '2014-10-14 13:42:56', '1ccef3c7-de30-4d7b-80f8-f377bb420622');
INSERT INTO `craft_matrixcontent_pagecontentsections` (`id`, `elementId`, `locale`, `field_sectionText_text`, `field_sectionTitle_sectionTitle`, `field_sectionCodeSnippet_codeSnippet`, `field_sectionImage_imageCaption`, `field_sectionImage_imageAlt`, `field_sectionCodeSnippet_codeType`, `field_sectionImage_remoteImage`, `field_sectionQuote_quoteText`, `field_sectionQuote_quoteSource`, `dateCreated`, `dateUpdated`, `uid`) VALUES ('18', '25', 'en', NULL, 'How I Got Here', NULL, NULL, NULL, NULL, NULL, NULL, NULL, '2014-05-26 19:32:19', '2014-10-14 12:53:04', '078dea3a-8f46-469f-9960-727f9ec0b9ac');
INSERT INTO `craft_matrixcontent_pagecontentsections` (`id`, `elementId`, `locale`, `field_sectionText_text`, `field_sectionTitle_sectionTitle`, `field_sectionCodeSnippet_codeSnippet`, `field_sectionImage_imageCaption`, `field_sectionImage_imageAlt`, `field_sectionCodeSnippet_codeType`, `field_sectionImage_remoteImage`, `field_sectionQuote_quoteText`, `field_sectionQuote_quoteSource`, `dateCreated`, `dateUpdated`, `uid`) VALUES ('19', '26', 'en', '<p>\r\n	I have always enjoyed using computers and the internet and&nbsp;remember the many hours I would spent listening to the shrieking of a 56k modem whilst&nbsp;patiently waiting for a website&nbsp;to load bit by bit by bit...</p><p>\r\n	In 2009, I had my first peek behind the scenes of making websites whilst working for&nbsp;<a href=\"http://www.spana.org\">SPANA</a> as a fundraiser. I was hooked straight away and&nbsp;completed a web development&nbsp;course.&nbsp;</p><p>Fast forward 5 years and I&nbsp;have been involved in over <a href=\"{entry:7:url}\">35 projects</a>, working&nbsp;with many&nbsp;agencies, organisations and&nbsp;individuals.</p>', NULL, NULL, NULL, NULL, NULL, NULL, NULL, NULL, '2014-05-26 19:32:19', '2014-10-14 12:53:04', '0ecc655a-65f9-437e-bfd2-5777037b6e2f');
INSERT INTO `craft_matrixcontent_pagecontentsections` (`id`, `elementId`, `locale`, `field_sectionText_text`, `field_sectionTitle_sectionTitle`, `field_sectionCodeSnippet_codeSnippet`, `field_sectionImage_imageCaption`, `field_sectionImage_imageAlt`, `field_sectionCodeSnippet_codeType`, `field_sectionImage_remoteImage`, `field_sectionQuote_quoteText`, `field_sectionQuote_quoteSource`, `dateCreated`, `dateUpdated`, `uid`) VALUES ('20', '27', 'en', NULL, 'Trade Tools', NULL, NULL, NULL, NULL, NULL, NULL, NULL, '2014-05-26 19:32:19', '2014-10-14 12:53:04', 'cecd8c51-64ce-4f3a-818f-09f4973d13e3');
INSERT INTO `craft_matrixcontent_pagecontentsections` (`id`, `elementId`, `locale`, `field_sectionText_text`, `field_sectionTitle_sectionTitle`, `field_sectionCodeSnippet_codeSnippet`, `field_sectionImage_imageCaption`, `field_sectionImage_imageAlt`, `field_sectionCodeSnippet_codeType`, `field_sectionImage_remoteImage`, `field_sectionQuote_quoteText`, `field_sectionQuote_quoteSource`, `dateCreated`, `dateUpdated`, `uid`) VALUES ('21', '28', 'en', '<ul>\r\n	<li>Pen and paper for planning</li>	<li><a href=\"http://www.bohemiancoding.com/sketch/\">Sketch</a> for prototypes,&nbsp;style tiles, and site assets management</li>	<li><a href=\"http://www.invisionapp.com/\">InVision</a> for presenting&nbsp;concepts and interactive prototypes</li>	<li><a href=\"http://www.sublimetext.com\">Sublime Text</a> for coding</li>	<li><a href=\"http://mixture.io/\">Mixture</a> for prepocessing,&nbsp;compiling and local testing</li>	<li>Git and&nbsp;<a href=\"http://www.git-tower.com/\">Tower</a> for version control</li>	<li><a href=\"http://buildwithcraft.com/\">Craft</a>,&nbsp;<a href=\"http://expressionengine.com/\">Expression Engine</a>,&nbsp;<a href=\"http://statamic.com/\">Statamic</a> and&nbsp;<a href=\"http://grabaperch.com/\">Perch</a> as CMS of choice</li><li><a href=\"http://www.browserstack.com/\">BrowserStack</a> for browser and device testing&nbsp;</li>	<li><a href=\"http://www.campaignmonitor.com/\">Campaign Monitor</a> and <a href=\"http://mailchimp.com/\">MailChimp</a> for email marketing</li>	<li><a href=\"https://basecamp.com/\">Basecamp</a>,&nbsp;<a href=\"https://redbooth.com/\">Redbooth</a> and Skype for project management and collaboration</li></ul>', NULL, NULL, NULL, NULL, NULL, NULL, NULL, NULL, '2014-05-26 19:32:19', '2014-10-14 12:53:04', '22e5de7f-74dd-4f37-afb9-853105d31a66');
INSERT INTO `craft_matrixcontent_pagecontentsections` (`id`, `elementId`, `locale`, `field_sectionText_text`, `field_sectionTitle_sectionTitle`, `field_sectionCodeSnippet_codeSnippet`, `field_sectionImage_imageCaption`, `field_sectionImage_imageAlt`, `field_sectionCodeSnippet_codeType`, `field_sectionImage_remoteImage`, `field_sectionQuote_quoteText`, `field_sectionQuote_quoteSource`, `dateCreated`, `dateUpdated`, `uid`) VALUES ('22', '30', 'en', '<p>\r\n	I am currently available for new projects from <strong>August onwards</strong>.</p><h2>Email</h2><p><a href=\"mailto:hello@katrinkerber.com\">hello@katrinkerber.com</a></p><h2>Phone</h2><p><a href=\"tel:+44 1730 301 302\">01730 301 302</a></p>', NULL, NULL, NULL, NULL, NULL, NULL, NULL, NULL, '2014-05-26 19:39:51', '2014-08-05 09:34:36', 'e6912133-3748-446c-9561-1787eb28ff32');
INSERT INTO `craft_matrixcontent_pagecontentsections` (`id`, `elementId`, `locale`, `field_sectionText_text`, `field_sectionTitle_sectionTitle`, `field_sectionCodeSnippet_codeSnippet`, `field_sectionImage_imageCaption`, `field_sectionImage_imageAlt`, `field_sectionCodeSnippet_codeType`, `field_sectionImage_remoteImage`, `field_sectionQuote_quoteText`, `field_sectionQuote_quoteSource`, `dateCreated`, `dateUpdated`, `uid`) VALUES ('25', '33', 'en', NULL, 'Ethical Guidelines', NULL, NULL, NULL, NULL, NULL, NULL, NULL, '2014-05-26 20:47:34', '2014-10-14 12:53:04', '77b74f24-8507-4203-8948-8b69735bed75');
INSERT INTO `craft_matrixcontent_pagecontentsections` (`id`, `elementId`, `locale`, `field_sectionText_text`, `field_sectionTitle_sectionTitle`, `field_sectionCodeSnippet_codeSnippet`, `field_sectionImage_imageCaption`, `field_sectionImage_imageAlt`, `field_sectionCodeSnippet_codeType`, `field_sectionImage_remoteImage`, `field_sectionQuote_quoteText`, `field_sectionQuote_quoteSource`, `dateCreated`, `dateUpdated`, `uid`) VALUES ('26', '34', 'en', '<p>I try to be conscious about the consequences of my actions and the impact they can&nbsp;have on people, animals and the environment.&nbsp;I will never knowingly work for individuals or organisations who support or actively encourage harming people, animals or the planet and&nbsp;want to do my bit by focusing on working for good causes whenever I can.</p>', NULL, NULL, NULL, NULL, NULL, NULL, NULL, NULL, '2014-05-26 20:47:34', '2014-10-14 12:53:04', 'cf7c7ca2-a1b2-48d5-bc36-1fd3b904898e');
INSERT INTO `craft_matrixcontent_pagecontentsections` (`id`, `elementId`, `locale`, `field_sectionText_text`, `field_sectionTitle_sectionTitle`, `field_sectionCodeSnippet_codeSnippet`, `field_sectionImage_imageCaption`, `field_sectionImage_imageAlt`, `field_sectionCodeSnippet_codeType`, `field_sectionImage_remoteImage`, `field_sectionQuote_quoteText`, `field_sectionQuote_quoteSource`, `dateCreated`, `dateUpdated`, `uid`) VALUES ('29', '61', 'en', '<p>Thanks to some magic post sell-out tickets I was able to attend and thoroughly enjoy the <a href=\"http://responsiveconf.com/2013/\">first Responsive Day Out conference</a> last year. When the news broke that another one would be held this year, I naturally made sure I got my ticket the moment they went on sale.</p>', NULL, NULL, NULL, NULL, NULL, NULL, NULL, NULL, '2014-07-22 10:45:07', '2014-07-22 12:21:12', 'ffb3dfb8-cf99-4279-a891-a35f2d607fb9');
INSERT INTO `craft_matrixcontent_pagecontentsections` (`id`, `elementId`, `locale`, `field_sectionText_text`, `field_sectionTitle_sectionTitle`, `field_sectionCodeSnippet_codeSnippet`, `field_sectionImage_imageCaption`, `field_sectionImage_imageAlt`, `field_sectionCodeSnippet_codeType`, `field_sectionImage_remoteImage`, `field_sectionQuote_quoteText`, `field_sectionQuote_quoteSource`, `dateCreated`, `dateUpdated`, `uid`) VALUES ('31', '63', 'en', '<p>\r\n	It turned out to be another brilliant event. Jeremy Keith is a fantastic host and the three 20-minute talks followed by a short panel discussion are the perfect set-up. All the talks where of stellar quality and my mind was positively buzzing at the end.</p><p>\r\n	One notion that kept resonating the most with me throughout the day was how the challenge of building websites for uncountable devices and screen sizes is bringing us back to the most important basics: focussing on clear accessible content and user needs.</p>', NULL, NULL, NULL, NULL, NULL, NULL, NULL, NULL, '2014-07-22 11:03:03', '2014-07-22 12:21:12', 'fbc31f5e-025b-4f3c-bbdf-b7be059b4b70');
INSERT INTO `craft_matrixcontent_pagecontentsections` (`id`, `elementId`, `locale`, `field_sectionText_text`, `field_sectionTitle_sectionTitle`, `field_sectionCodeSnippet_codeSnippet`, `field_sectionImage_imageCaption`, `field_sectionImage_imageAlt`, `field_sectionCodeSnippet_codeType`, `field_sectionImage_remoteImage`, `field_sectionQuote_quoteText`, `field_sectionQuote_quoteSource`, `dateCreated`, `dateUpdated`, `uid`) VALUES ('32', '66', 'en', NULL, 'The Core Model', NULL, NULL, NULL, NULL, NULL, NULL, NULL, '2014-07-22 11:06:39', '2014-07-22 12:21:12', 'abfa2477-6973-496c-878f-56782aae0c30');
INSERT INTO `craft_matrixcontent_pagecontentsections` (`id`, `elementId`, `locale`, `field_sectionText_text`, `field_sectionTitle_sectionTitle`, `field_sectionCodeSnippet_codeSnippet`, `field_sectionImage_imageCaption`, `field_sectionImage_imageAlt`, `field_sectionCodeSnippet_codeType`, `field_sectionImage_remoteImage`, `field_sectionQuote_quoteText`, `field_sectionQuote_quoteSource`, `dateCreated`, `dateUpdated`, `uid`) VALUES ('33', '67', 'en', '<p>Ida Aalen talked about the core model and showed how it was used for the build of the&nbsp;<a href=\"https://kreftforeningen.no/\">Norwegian Cancer Society\'s website</a>.</p>', NULL, NULL, NULL, NULL, NULL, NULL, NULL, NULL, '2014-07-22 11:06:39', '2014-07-22 12:21:12', 'ebf522f5-8fb5-4217-81d3-6622824d0db8');
INSERT INTO `craft_matrixcontent_pagecontentsections` (`id`, `elementId`, `locale`, `field_sectionText_text`, `field_sectionTitle_sectionTitle`, `field_sectionCodeSnippet_codeSnippet`, `field_sectionImage_imageCaption`, `field_sectionImage_imageAlt`, `field_sectionCodeSnippet_codeType`, `field_sectionImage_remoteImage`, `field_sectionQuote_quoteText`, `field_sectionQuote_quoteSource`, `dateCreated`, `dateUpdated`, `uid`) VALUES ('34', '68', 'en', NULL, NULL, NULL, '<p>Photo: <a href=\"https://www.flickr.com/photos/marcthiele/\">Marc Thiele</a></p>', 'Three of the speakers and Jeremy Keith sitting on stage during one of the panel discussions', NULL, 'https://farm4.staticflickr.com/3868/14524999285_385890d100_c.jpg', NULL, NULL, '2014-07-22 11:07:36', '2014-07-22 12:21:12', 'f65e9740-18d3-43ba-aa9b-de274d741d07');
INSERT INTO `craft_matrixcontent_pagecontentsections` (`id`, `elementId`, `locale`, `field_sectionText_text`, `field_sectionTitle_sectionTitle`, `field_sectionCodeSnippet_codeSnippet`, `field_sectionImage_imageCaption`, `field_sectionImage_imageAlt`, `field_sectionCodeSnippet_codeType`, `field_sectionImage_remoteImage`, `field_sectionQuote_quoteText`, `field_sectionQuote_quoteSource`, `dateCreated`, `dateUpdated`, `uid`) VALUES ('35', '69', 'en', NULL, NULL, NULL, '', 'An example work sheet for the core model', NULL, '', NULL, NULL, '2014-07-22 11:07:48', '2014-07-22 12:21:12', '2cee603c-8db4-4690-a9c3-ee01af4ed58f');
INSERT INTO `craft_matrixcontent_pagecontentsections` (`id`, `elementId`, `locale`, `field_sectionText_text`, `field_sectionTitle_sectionTitle`, `field_sectionCodeSnippet_codeSnippet`, `field_sectionImage_imageCaption`, `field_sectionImage_imageAlt`, `field_sectionCodeSnippet_codeType`, `field_sectionImage_remoteImage`, `field_sectionQuote_quoteText`, `field_sectionQuote_quoteSource`, `dateCreated`, `dateUpdated`, `uid`) VALUES ('36', '70', 'en', '<p>By establishing key user needs, objectives and clear paths, this model boils content down to its most important core. Not only does this help create a site that effectively&nbsp;fulfils&nbsp;user and business goals, it also helps to get away from the misguided idea that the home page is the&nbsp;most important part of a site. The majority of users don\'t visit a site to look at the home page (many will never see it). Instead, they are looking for (and hopefully find) that piece of core content that meets their needs. I also love how this model adopts the \'mobile first\' mindset and asks to structure the established core content with a small screen in mind. This focus and meticulous upfront planning also helps to prevent falling into the \'Tetris&nbsp;trap\' when it comes to designing the layout of content for larger screens.</p>', NULL, NULL, NULL, NULL, NULL, NULL, NULL, NULL, '2014-07-22 11:09:00', '2014-07-22 12:21:12', '28c11581-2600-4542-a062-08e29ad783c1');
INSERT INTO `craft_matrixcontent_pagecontentsections` (`id`, `elementId`, `locale`, `field_sectionText_text`, `field_sectionTitle_sectionTitle`, `field_sectionCodeSnippet_codeSnippet`, `field_sectionImage_imageCaption`, `field_sectionImage_imageAlt`, `field_sectionCodeSnippet_codeType`, `field_sectionImage_remoteImage`, `field_sectionQuote_quoteText`, `field_sectionQuote_quoteSource`, `dateCreated`, `dateUpdated`, `uid`) VALUES ('37', '71', 'en', NULL, 'Death To Competing Content', NULL, NULL, NULL, NULL, NULL, NULL, NULL, '2014-07-22 11:09:00', '2014-07-22 12:21:12', '422a8950-7c17-418c-aad2-5ff484919725');
INSERT INTO `craft_matrixcontent_pagecontentsections` (`id`, `elementId`, `locale`, `field_sectionText_text`, `field_sectionTitle_sectionTitle`, `field_sectionCodeSnippet_codeSnippet`, `field_sectionImage_imageCaption`, `field_sectionImage_imageAlt`, `field_sectionCodeSnippet_codeType`, `field_sectionImage_remoteImage`, `field_sectionQuote_quoteText`, `field_sectionQuote_quoteSource`, `dateCreated`, `dateUpdated`, `uid`) VALUES ('38', '72', 'en', '<p>\r\n	Oliver Reichenstein\'s talk neatly picked up on that notion, too. He talked about the habit of filling screens with boxes of competing content, which results in a muddled message and confusing content flow.</p><p>\r\n	There are so many sites that make that one thing that they are built for - consumption of content - so incredibly frustrating. News sites surround their articles with convoluted fluff (animated images, really?!) and punching yourself in the face is less painful than looking for an answer on WikiAnswers. So, Oliver\'s call to stop putting unrelated content next to each other and instead adopt a container model that follows a logical vertical structure struck so many chords with me, my mind kept loudly shouting \'<strong>Yes! This! Please, everyone, listen to this man!</strong>\'.</p><p>\r\n	We were urged to move away from \'How do I fill in this box?\' to \'How do I provide and present the best quality content?\'.</p>', NULL, NULL, NULL, NULL, NULL, NULL, NULL, NULL, '2014-07-22 11:11:01', '2014-07-22 12:21:12', '4a5b2929-5ca0-4f70-88dd-ebab556a9b1c');
INSERT INTO `craft_matrixcontent_pagecontentsections` (`id`, `elementId`, `locale`, `field_sectionText_text`, `field_sectionTitle_sectionTitle`, `field_sectionCodeSnippet_codeSnippet`, `field_sectionImage_imageCaption`, `field_sectionImage_imageAlt`, `field_sectionCodeSnippet_codeType`, `field_sectionImage_remoteImage`, `field_sectionQuote_quoteText`, `field_sectionQuote_quoteSource`, `dateCreated`, `dateUpdated`, `uid`) VALUES ('39', '73', 'en', NULL, 'Let’s Make This Happen', NULL, NULL, NULL, NULL, NULL, NULL, NULL, '2014-07-22 11:11:01', '2014-07-22 12:21:12', 'dd8af326-4612-4e1b-9e5d-2e3cb0d85bc8');
INSERT INTO `craft_matrixcontent_pagecontentsections` (`id`, `elementId`, `locale`, `field_sectionText_text`, `field_sectionTitle_sectionTitle`, `field_sectionCodeSnippet_codeSnippet`, `field_sectionImage_imageCaption`, `field_sectionImage_imageAlt`, `field_sectionCodeSnippet_codeType`, `field_sectionImage_remoteImage`, `field_sectionQuote_quoteText`, `field_sectionQuote_quoteSource`, `dateCreated`, `dateUpdated`, `uid`) VALUES ('40', '74', 'en', '<p>Next to my excited agreement, I kept having creeping doubts about how to keep pushing this positive change forward. I frequently&nbsp;observe&nbsp;a&nbsp;herd-like mentality when it comes to applying solutions. Trying to convince designers or clients that a slideshow isn\'t an effective content presentation model is often still very hard work. And don\'t get me started on that three-line menu icon! The \'but everyone else is doing it\' notion is often hard to counter unless you have statistics and use cases that prove other ways are better. Because of these challenges, I hugely admire the work of people like Ida and Oliver, who get their clients to jump on board and help to forge a better path (just look at the <a href=\"http://next.theguardian.com/\">new Guardian site</a> - it\'s a beauty!).</p>', NULL, NULL, NULL, NULL, NULL, NULL, NULL, NULL, '2014-07-22 11:11:01', '2014-07-22 12:21:12', 'a29298d2-7beb-478e-8f4c-0fbc7216596b');
INSERT INTO `craft_matrixcontent_pagecontentsections` (`id`, `elementId`, `locale`, `field_sectionText_text`, `field_sectionTitle_sectionTitle`, `field_sectionCodeSnippet_codeSnippet`, `field_sectionImage_imageCaption`, `field_sectionImage_imageAlt`, `field_sectionCodeSnippet_codeType`, `field_sectionImage_remoteImage`, `field_sectionQuote_quoteText`, `field_sectionQuote_quoteSource`, `dateCreated`, `dateUpdated`, `uid`) VALUES ('41', '75', 'en', NULL, 'The Talks And Resources', NULL, NULL, NULL, NULL, NULL, NULL, NULL, '2014-07-22 11:11:01', '2014-07-22 12:21:12', '973fc0da-18af-4ff2-aa3e-1cc1764a45fe');
INSERT INTO `craft_matrixcontent_pagecontentsections` (`id`, `elementId`, `locale`, `field_sectionText_text`, `field_sectionTitle_sectionTitle`, `field_sectionCodeSnippet_codeSnippet`, `field_sectionImage_imageCaption`, `field_sectionImage_imageAlt`, `field_sectionCodeSnippet_codeType`, `field_sectionImage_remoteImage`, `field_sectionQuote_quoteText`, `field_sectionQuote_quoteSource`, `dateCreated`, `dateUpdated`, `uid`) VALUES ('42', '76', 'en', '<p>I\'ve only highlighted two speakers, but all ten of them were absolutely amazing and their talks were choc-a-bloc with great information. So I urge you to grab a mug of your favourite beverage, get comfy and <a href=\"http://huffduffer.com/adactio/tags/responsiveconf2?page=2\">listen to them all</a> together with the slides and resources:</p><ul> <li>Stephen Hay: \'<a href=\"https://speakerdeck.com/stephenhay/sculpting-text\">Sculpting Text</a>\'</li><li>Sally Jenkinson \'<a href=\"http://www.slideshare.net/sallyjenkinson/more-than-media-queries-responsive-day-out-2\">More Than Media Queries</a>\'</li><li>Ida Aalen: \'<a href=\"http://iallenkelhet.no/2014/06/27/responsive-day-out-2-slides-and-resources-from-my-talk-on-the-norwegian-cancer-society/\">The Core Model</a>\' and her amazing <a href=\"http://iallenkelhet.no/2014/06/27/notes-from-responsive-day-out-2-june-27th-in-brighton\">detailed notes from the conference</a></li><li>Rachel Andrew: \'<a href=\"https://speakerdeck.com/rachelandrew/css-grid-layout\">CSS Grid Layout</a>\'</li><li>Dan Donald: \'<a href=\"https://speakerdeck.com/hereinthehive/designing-evolution-elements\">Designing Evolution: Elements</a>\'</li><li>Inayaili de León Persson: \'<a href=\"https://speakerdeck.com/yaili/realistic-responsive-design\">Realistic responsive design</a>\'</li><li>Oliver Reichenstein didn\'t have any slides, but <a href=\"http://marcthiele.com/\">Marc Thiele</a> took some <a href=\"https://www.flickr.com/photos/marcthiele/14339046999/in/set-72157645354768166/\">amazing photos</a> which come close to encapsulating the atmosphere and energy of this talk</li><li>Kirsty Burgoine: \'<a href=\"http://www.slideshare.net/kirstyburgoine/question-of-deliverables-and-other-such-stuff\">Question of deliverables and other such stuff</a>\'</li><li>Stephanie Rieger: \'<a href=\"http://www.slideshare.net/yiibu/the-future-of-mediaqueries\">The future of media queries?</a>\'</li><li>Ethan Marcotte\'s slides aren\'t available yet, but there some more of Marc\'s <a href=\"https://www.flickr.com/photos/marcthiele/14339039669/in/set-72157645354768166\">photos of the talk</a></li></ul>', NULL, NULL, NULL, NULL, NULL, NULL, NULL, NULL, '2014-07-22 11:11:01', '2014-07-22 12:21:12', 'c63eb3b1-e2e0-4c98-a326-29e2ae28d97c');
INSERT INTO `craft_matrixcontent_pagecontentsections` (`id`, `elementId`, `locale`, `field_sectionText_text`, `field_sectionTitle_sectionTitle`, `field_sectionCodeSnippet_codeSnippet`, `field_sectionImage_imageCaption`, `field_sectionImage_imageAlt`, `field_sectionCodeSnippet_codeType`, `field_sectionImage_remoteImage`, `field_sectionQuote_quoteText`, `field_sectionQuote_quoteSource`, `dateCreated`, `dateUpdated`, `uid`) VALUES ('43', '79', 'en', '<p>I made my first baby steps into building fully responsive sites last year, when I was re-doing this site.</p><p>Before I started, I was mulling over the options of making the navigation as accessible and usable as possible for mobile users. It was the time when the technique of hiding the menu behind a line icon became more and more the go-to solution. But something irked me about this. It just didn\'t feel quite right. It was as if we were assuming that users knew what the icon meant and what it does. Debating the effectiveness, usability and when this technique is a good (or the best) approach is a different story for another day.</p><p>All I knew was that I wanted to take a leaf out of the book of native apps and use a solution that they were using very effectively:</p>', NULL, NULL, NULL, NULL, NULL, NULL, NULL, NULL, '2014-07-22 12:02:55', '2014-08-05 09:15:03', 'fecf7f11-56ae-43eb-8c4c-1701b8abcb9e');
INSERT INTO `craft_matrixcontent_pagecontentsections` (`id`, `elementId`, `locale`, `field_sectionText_text`, `field_sectionTitle_sectionTitle`, `field_sectionCodeSnippet_codeSnippet`, `field_sectionImage_imageCaption`, `field_sectionImage_imageAlt`, `field_sectionCodeSnippet_codeType`, `field_sectionImage_remoteImage`, `field_sectionQuote_quoteText`, `field_sectionQuote_quoteSource`, `dateCreated`, `dateUpdated`, `uid`) VALUES ('44', '80', 'en', NULL, NULL, NULL, '<p>A bottom-fixed menu.</p>', 'Screenshot of the Twitter app on a mobile', NULL, '', NULL, NULL, '2014-07-22 12:02:55', '2014-08-05 09:15:03', 'b5132f58-a9e9-4e2e-b7b3-0804c16f0d73');
INSERT INTO `craft_matrixcontent_pagecontentsections` (`id`, `elementId`, `locale`, `field_sectionText_text`, `field_sectionTitle_sectionTitle`, `field_sectionCodeSnippet_codeSnippet`, `field_sectionImage_imageCaption`, `field_sectionImage_imageAlt`, `field_sectionCodeSnippet_codeType`, `field_sectionImage_remoteImage`, `field_sectionQuote_quoteText`, `field_sectionQuote_quoteSource`, `dateCreated`, `dateUpdated`, `uid`) VALUES ('45', '81', 'en', NULL, 'Box Of Chocolates', NULL, NULL, NULL, NULL, NULL, NULL, NULL, '2014-07-22 12:02:55', '2014-08-05 09:15:03', '4b20fbec-8c9b-4d96-b68e-51d27eabc57a');
INSERT INTO `craft_matrixcontent_pagecontentsections` (`id`, `elementId`, `locale`, `field_sectionText_text`, `field_sectionTitle_sectionTitle`, `field_sectionCodeSnippet_codeSnippet`, `field_sectionImage_imageCaption`, `field_sectionImage_imageAlt`, `field_sectionCodeSnippet_codeType`, `field_sectionImage_remoteImage`, `field_sectionQuote_quoteText`, `field_sectionQuote_quoteSource`, `dateCreated`, `dateUpdated`, `uid`) VALUES ('46', '82', 'en', '<p>I felt that this was one of the cleanest and most user-friendly mobile navigation solutions out there. I couldn\'t understand why it wasn\'t being shouted from the roof-tops.</p><p>That was until I dove into the subject and discovered that <a href=\"http://bradfrostweb.com/blog/mobile/fixed-position/\">support for \'position: fixed\' is atrocious across mobiles</a>. </p><p>Never in my wildest dreams did I imagine that such a basic CSS feature would not be fully supported. The web is like a box of chocolates.</p><p>But before I could cry into my pillow for too long, I saw that support picked up and it was <a href=\"http://caniuse.com/#feat=css-fixed\">working well in newer OS</a>. So, following the progressive enhancement approach, I was determined to implement the bottom-fixed menu for systems that could handle it. Older ones would get the default inline navigation in the header.</p>', NULL, NULL, NULL, NULL, NULL, NULL, NULL, NULL, '2014-07-22 12:02:55', '2014-08-05 09:15:03', '083c1f94-d819-4547-98c7-a7b3f007ab84');
INSERT INTO `craft_matrixcontent_pagecontentsections` (`id`, `elementId`, `locale`, `field_sectionText_text`, `field_sectionTitle_sectionTitle`, `field_sectionCodeSnippet_codeSnippet`, `field_sectionImage_imageCaption`, `field_sectionImage_imageAlt`, `field_sectionCodeSnippet_codeType`, `field_sectionImage_remoteImage`, `field_sectionQuote_quoteText`, `field_sectionQuote_quoteSource`, `dateCreated`, `dateUpdated`, `uid`) VALUES ('48', '84', 'en', '<p>Since \r\n	<code style=\"line-height: 1.6em;\">position: fixed</code> works well in iOS 5+ and Android 3+, I use this snippet of JavaScript below my Modernizr script, which is called in the head:</p>', NULL, NULL, NULL, NULL, NULL, NULL, NULL, NULL, '2014-07-22 12:02:55', '2014-08-05 09:15:03', 'b2e279db-6114-4a18-b935-ecc8b5191190');
INSERT INTO `craft_matrixcontent_pagecontentsections` (`id`, `elementId`, `locale`, `field_sectionText_text`, `field_sectionTitle_sectionTitle`, `field_sectionCodeSnippet_codeSnippet`, `field_sectionImage_imageCaption`, `field_sectionImage_imageAlt`, `field_sectionCodeSnippet_codeType`, `field_sectionImage_remoteImage`, `field_sectionQuote_quoteText`, `field_sectionQuote_quoteSource`, `dateCreated`, `dateUpdated`, `uid`) VALUES ('49', '86', 'en', NULL, NULL, 'var ua = navigator.userAgent;\r\n// iOS 5+\r\nif( /(iPhone|iPod)/i.test(ua) ) { \r\n    if(/OS [2-4]_\\d(_\\d)? like Mac OS X/i.test(ua)) {  \r\n        // iOS 2-4\r\n    } else if(/CPU like Mac OS X/i.test(ua)) {\r\n        // iOS 1\r\n    } else {\r\n      document.getElementsByTagName(\'html\')[0].className += \'positionfixed\';\r\n    }\r\n}\r\n// Android 3+\r\nif( ua.indexOf(\"Android\") >= 0 )\r\n{\r\n  var androidversion = parseFloat(ua.slice(ua.indexOf(\"Android\")+8)); \r\n  if (androidversion >= 3)\r\n  {\r\n      document.getElementsByTagName(\'html\')[0].className += \'positionfixed\';\r\n  }\r\n}', NULL, NULL, 'language-javascript', NULL, NULL, NULL, '2014-07-22 12:12:27', '2014-08-05 09:15:03', '7862247f-c53b-427a-b4a8-f5913170d4ce');
INSERT INTO `craft_matrixcontent_pagecontentsections` (`id`, `elementId`, `locale`, `field_sectionText_text`, `field_sectionTitle_sectionTitle`, `field_sectionCodeSnippet_codeSnippet`, `field_sectionImage_imageCaption`, `field_sectionImage_imageAlt`, `field_sectionCodeSnippet_codeType`, `field_sectionImage_remoteImage`, `field_sectionQuote_quoteText`, `field_sectionQuote_quoteSource`, `dateCreated`, `dateUpdated`, `uid`) VALUES ('50', '87', 'en', '<p>User-agent string sniffing isn\'t a great idea most of the time and it usually doesn\'t sit right with me. But for this I am willing to make an exception.</p><p>This script looks into the past and determines if an old iOS or Android version is in use. If it is not, we (currently) know that the feature is supported. </p><p>Of course, there is always the chance that iOS or Android suddenly drop support again in the future. Then I shall curse, raise my fists and cross that bridge when it comes to it.</p>', NULL, NULL, NULL, NULL, NULL, NULL, NULL, NULL, '2014-07-22 12:12:27', '2014-08-05 09:15:03', '8f010c9e-77e0-4b85-a603-d3826c38f986');
INSERT INTO `craft_matrixcontent_pagecontentsections` (`id`, `elementId`, `locale`, `field_sectionText_text`, `field_sectionTitle_sectionTitle`, `field_sectionCodeSnippet_codeSnippet`, `field_sectionImage_imageCaption`, `field_sectionImage_imageAlt`, `field_sectionCodeSnippet_codeType`, `field_sectionImage_remoteImage`, `field_sectionQuote_quoteText`, `field_sectionQuote_quoteSource`, `dateCreated`, `dateUpdated`, `uid`) VALUES ('51', '88', 'en', NULL, 'A Little Bit of CSS', NULL, NULL, NULL, NULL, NULL, NULL, NULL, '2014-07-22 12:12:27', '2014-08-05 09:15:03', '286142d0-d325-478c-98ae-f8363605f6c8');
INSERT INTO `craft_matrixcontent_pagecontentsections` (`id`, `elementId`, `locale`, `field_sectionText_text`, `field_sectionTitle_sectionTitle`, `field_sectionCodeSnippet_codeSnippet`, `field_sectionImage_imageCaption`, `field_sectionImage_imageAlt`, `field_sectionCodeSnippet_codeType`, `field_sectionImage_remoteImage`, `field_sectionQuote_quoteText`, `field_sectionQuote_quoteSource`, `dateCreated`, `dateUpdated`, `uid`) VALUES ('52', '89', 'en', '<p>\r\n	Based on the above, I use this bit of CSS to fix the menu to the bottom of the screen on devices which have a width of less than <code>36em</code>:</p>', NULL, NULL, NULL, NULL, NULL, NULL, NULL, NULL, '2014-07-22 12:12:27', '2014-08-05 09:15:03', '0e9c6138-44d9-480c-9efd-722e36a9cd72');
INSERT INTO `craft_matrixcontent_pagecontentsections` (`id`, `elementId`, `locale`, `field_sectionText_text`, `field_sectionTitle_sectionTitle`, `field_sectionCodeSnippet_codeSnippet`, `field_sectionImage_imageCaption`, `field_sectionImage_imageAlt`, `field_sectionCodeSnippet_codeType`, `field_sectionImage_remoteImage`, `field_sectionQuote_quoteText`, `field_sectionQuote_quoteSource`, `dateCreated`, `dateUpdated`, `uid`) VALUES ('53', '90', 'en', NULL, NULL, '@media only screen and (max-device-width: 36em) {\r\n  .positionfixed nav {\r\n    position: fixed;\r\n    bottom: 0;\r\n    z-index: 999;\r\n  }\r\n}', NULL, NULL, 'language-css', NULL, NULL, NULL, '2014-07-22 12:12:27', '2014-08-05 09:15:03', '6e179907-a3f5-4784-9727-2fa29968b3aa');
INSERT INTO `craft_matrixcontent_pagecontentsections` (`id`, `elementId`, `locale`, `field_sectionText_text`, `field_sectionTitle_sectionTitle`, `field_sectionCodeSnippet_codeSnippet`, `field_sectionImage_imageCaption`, `field_sectionImage_imageAlt`, `field_sectionCodeSnippet_codeType`, `field_sectionImage_remoteImage`, `field_sectionQuote_quoteText`, `field_sectionQuote_quoteSource`, `dateCreated`, `dateUpdated`, `uid`) VALUES ('54', '91', 'en', NULL, 'The Result', NULL, NULL, NULL, NULL, NULL, NULL, NULL, '2014-07-22 12:12:27', '2014-08-05 09:15:03', '4d40b0a4-6811-4980-b0ce-1a98db171074');
INSERT INTO `craft_matrixcontent_pagecontentsections` (`id`, `elementId`, `locale`, `field_sectionText_text`, `field_sectionTitle_sectionTitle`, `field_sectionCodeSnippet_codeSnippet`, `field_sectionImage_imageCaption`, `field_sectionImage_imageAlt`, `field_sectionCodeSnippet_codeType`, `field_sectionImage_remoteImage`, `field_sectionQuote_quoteText`, `field_sectionQuote_quoteSource`, `dateCreated`, `dateUpdated`, `uid`) VALUES ('55', '92', 'en', NULL, NULL, NULL, '', 'Screenshot of the bottom-fixed menu I used to use on my site', NULL, '', NULL, NULL, '2014-07-22 12:12:27', '2014-08-05 09:15:03', '85cc6286-39d4-4309-9ae4-e723857c704b');
INSERT INTO `craft_matrixcontent_pagecontentsections` (`id`, `elementId`, `locale`, `field_sectionText_text`, `field_sectionTitle_sectionTitle`, `field_sectionCodeSnippet_codeSnippet`, `field_sectionImage_imageCaption`, `field_sectionImage_imageAlt`, `field_sectionCodeSnippet_codeType`, `field_sectionImage_remoteImage`, `field_sectionQuote_quoteText`, `field_sectionQuote_quoteSource`, `dateCreated`, `dateUpdated`, `uid`) VALUES ('56', '93', 'en', '<p>This approach is not perfect, but nothing hardly ever is around these web parts. For now, I am happy using this to give that little bit of extra to users whose devices can handle it.</p>', NULL, NULL, NULL, NULL, NULL, NULL, NULL, NULL, '2014-07-22 12:12:27', '2014-08-05 09:15:03', 'c7a761f2-a3a6-44f8-9c05-b25fa140b3b2');
INSERT INTO `craft_matrixcontent_pagecontentsections` (`id`, `elementId`, `locale`, `field_sectionText_text`, `field_sectionTitle_sectionTitle`, `field_sectionCodeSnippet_codeSnippet`, `field_sectionImage_imageCaption`, `field_sectionImage_imageAlt`, `field_sectionCodeSnippet_codeType`, `field_sectionImage_remoteImage`, `field_sectionQuote_quoteText`, `field_sectionQuote_quoteSource`, `dateCreated`, `dateUpdated`, `uid`) VALUES ('57', '94', 'en', NULL, 'Detecting the OS', NULL, NULL, NULL, NULL, NULL, NULL, NULL, '2014-07-22 12:20:26', '2014-08-05 09:15:03', '836e8bc9-9d7c-43a0-8752-a84efe130f14');
INSERT INTO `craft_matrixcontent_pagecontentsections` (`id`, `elementId`, `locale`, `field_sectionText_text`, `field_sectionTitle_sectionTitle`, `field_sectionCodeSnippet_codeSnippet`, `field_sectionImage_imageCaption`, `field_sectionImage_imageAlt`, `field_sectionCodeSnippet_codeType`, `field_sectionImage_remoteImage`, `field_sectionQuote_quoteText`, `field_sectionQuote_quoteSource`, `dateCreated`, `dateUpdated`, `uid`) VALUES ('58', '96', 'en', '<p>\r\n	I recently saw \r\n	<a href=\"https://twitter.com/robhawkes/status/292943921896644608\">a Twitter conversation</a> in which a skilled and well-regarded developer mentioned that one of his pet hates is when others refer to their code as being ‘hand-crafted’. ‘It’s just code’, he said.</p><p>\r\n	That made me sad.</p><p>\r\n	Web developers ought to be proud of the work that they have mulled over, planned, thoughtfully put together and which required their skills and expertise to create.</p><p>\r\n	If crafting is:</p>', NULL, NULL, NULL, NULL, NULL, NULL, NULL, NULL, '2014-07-22 12:28:59', '2014-08-05 09:33:20', 'ea19892f-3f13-4ad7-a77d-f3561a9747ad');
INSERT INTO `craft_matrixcontent_pagecontentsections` (`id`, `elementId`, `locale`, `field_sectionText_text`, `field_sectionTitle_sectionTitle`, `field_sectionCodeSnippet_codeSnippet`, `field_sectionImage_imageCaption`, `field_sectionImage_imageAlt`, `field_sectionCodeSnippet_codeType`, `field_sectionImage_remoteImage`, `field_sectionQuote_quoteText`, `field_sectionQuote_quoteSource`, `dateCreated`, `dateUpdated`, `uid`) VALUES ('59', '99', 'en', NULL, 'Update', NULL, NULL, NULL, NULL, NULL, NULL, NULL, '2014-07-22 12:43:35', '2014-08-05 09:18:30', 'be81aab4-0343-40fd-903b-50cd0d5e116e');
INSERT INTO `craft_matrixcontent_pagecontentsections` (`id`, `elementId`, `locale`, `field_sectionText_text`, `field_sectionTitle_sectionTitle`, `field_sectionCodeSnippet_codeSnippet`, `field_sectionImage_imageCaption`, `field_sectionImage_imageAlt`, `field_sectionCodeSnippet_codeType`, `field_sectionImage_remoteImage`, `field_sectionQuote_quoteText`, `field_sectionQuote_quoteSource`, `dateCreated`, `dateUpdated`, `uid`) VALUES ('60', '100', 'en', '<p>I wrote this note&nbsp;in 2012, things have changed. Writing CSS the&nbsp;single file, single line way&nbsp;just isn\'t feasible with complex,&nbsp;responsive, component-based, version-controlled&nbsp;builds.</p><p>I have moved on.&nbsp;I am now&nbsp;a&nbsp;mutli-file, mutil-line CSS&nbsp;girl.</p>', NULL, NULL, NULL, NULL, NULL, NULL, NULL, NULL, '2014-07-22 12:43:35', '2014-08-05 09:18:30', 'f4be7122-7c98-4f0c-89cb-4214490eae89');
INSERT INTO `craft_matrixcontent_pagecontentsections` (`id`, `elementId`, `locale`, `field_sectionText_text`, `field_sectionTitle_sectionTitle`, `field_sectionCodeSnippet_codeSnippet`, `field_sectionImage_imageCaption`, `field_sectionImage_imageAlt`, `field_sectionCodeSnippet_codeType`, `field_sectionImage_remoteImage`, `field_sectionQuote_quoteText`, `field_sectionQuote_quoteSource`, `dateCreated`, `dateUpdated`, `uid`) VALUES ('61', '101', 'en', '<p>Oh, forgive me CSS Lords, for I have tried!</p><p>Whilst working on a couple of pretty big sites (<a href=\"http://www.easons.com/\">Easons</a> and <a href=\"http://unbiased.co.uk/\">Unbiased</a> - thanks&nbsp;<a href=\"http://www.tangentsnowball.com/\">Team Tangent</a>), I acquainted myself with writing CSS the LESS way.</p><p>I set up global variables, magical mixins, nested and intended selectors, wrote every declaration on a new line, and broke styles down into seperate files. I worked closely with other developers and it went well. </p><p>Writing CSS is my favourite part of developing sites, but something didn’t seem right. I couldn’t put my finger on it.</p><p>Then, recently, I was asked to make some updates to a site I had built a while ago. I opened the stylesheet and the moment I looked at it my heart skipped a beat. All the declarations were together in one file, nicely ordered into sections. But most importantly selector names were repeated, on single lines, and with minimal indentation. Within an instant I knew exactly what I was looking at, what I needed to do and where to make the amends. </p><p>This was how I used to write CSS, and I didn’t realise how much I missed it&nbsp;until then.</p><p>By that time I had already started to code this site, but I went into an overhaul frenzy and immediately merged my stylesheets and separated nested selectors. As I progressed the build I found my way of making the best of what Sass has to offer (I moved on from LESS). I love variables and mixins, and I like to keep major chunks of fixed component declarations in seperate files - keeping the main stylesheet easily scannable.</p><p>I do, of course, understand the need to code CSS in such a way that it is easy for fellow developers to work with, particularly on big sites, but my heart will always go out to the humble single file, single line stylesheet:</p>', NULL, NULL, NULL, NULL, NULL, NULL, NULL, NULL, '2014-07-22 12:43:35', '2014-08-05 09:18:30', 'c7b89e06-70cd-4db8-b382-7193e969f404');
INSERT INTO `craft_matrixcontent_pagecontentsections` (`id`, `elementId`, `locale`, `field_sectionText_text`, `field_sectionTitle_sectionTitle`, `field_sectionCodeSnippet_codeSnippet`, `field_sectionImage_imageCaption`, `field_sectionImage_imageAlt`, `field_sectionCodeSnippet_codeType`, `field_sectionImage_remoteImage`, `field_sectionQuote_quoteText`, `field_sectionQuote_quoteSource`, `dateCreated`, `dateUpdated`, `uid`) VALUES ('62', '102', 'en', NULL, NULL, NULL, '<p>Those were the days...</p>', 'Screenshot of a CSS file written in single lines', NULL, '', NULL, NULL, '2014-07-22 12:43:35', '2014-08-05 09:18:30', 'a110049a-bad3-4e18-8957-5ce6567c73b5');
INSERT INTO `craft_matrixcontent_pagecontentsections` (`id`, `elementId`, `locale`, `field_sectionText_text`, `field_sectionTitle_sectionTitle`, `field_sectionCodeSnippet_codeSnippet`, `field_sectionImage_imageCaption`, `field_sectionImage_imageAlt`, `field_sectionCodeSnippet_codeType`, `field_sectionImage_remoteImage`, `field_sectionQuote_quoteText`, `field_sectionQuote_quoteSource`, `dateCreated`, `dateUpdated`, `uid`) VALUES ('64', '105', 'en', '<p>There are countless  front-end frameworks and boilerplates available - \r\n	<a href=\"http://html5boilerplate.com/\">H5BP</a>,<a href=\"http://twitter.github.com/bootstrap/\">Bootstrap</a>, <a href=\"http://foundation.zurb.com/\">Foundation</a>, <a href=\"http://www.getskeleton.com/\">Skeleton</a>, <a href=\"http://stuffandnonsense.co.uk/projects/320andup/\">320 and up</a>, I could go on. With so many fantastic, freely obtainable code bases, surely a front-end developer’s life when setting up a site is made much easier: Download, unzip, and ta-da - you’ve got a site up and running in no time. Just <del>add water</del> customise and you are good to go, right? Erm. No. Not for me.</p>', NULL, NULL, NULL, NULL, NULL, NULL, NULL, NULL, '2014-07-22 13:21:42', '2014-08-05 09:21:42', 'd853a018-f49e-442a-9fa0-12e0350a9ac7');
INSERT INTO `craft_matrixcontent_pagecontentsections` (`id`, `elementId`, `locale`, `field_sectionText_text`, `field_sectionTitle_sectionTitle`, `field_sectionCodeSnippet_codeSnippet`, `field_sectionImage_imageCaption`, `field_sectionImage_imageAlt`, `field_sectionCodeSnippet_codeType`, `field_sectionImage_remoteImage`, `field_sectionQuote_quoteText`, `field_sectionQuote_quoteSource`, `dateCreated`, `dateUpdated`, `uid`) VALUES ('65', '106', 'en', NULL, 'Your Own Code Just Fits', NULL, NULL, NULL, NULL, NULL, NULL, NULL, '2014-07-22 13:21:42', '2014-08-05 09:21:42', 'a3f33181-23c2-4926-ad73-d8e5e13ed3b9');
INSERT INTO `craft_matrixcontent_pagecontentsections` (`id`, `elementId`, `locale`, `field_sectionText_text`, `field_sectionTitle_sectionTitle`, `field_sectionCodeSnippet_codeSnippet`, `field_sectionImage_imageCaption`, `field_sectionImage_imageAlt`, `field_sectionCodeSnippet_codeType`, `field_sectionImage_remoteImage`, `field_sectionQuote_quoteText`, `field_sectionQuote_quoteSource`, `dateCreated`, `dateUpdated`, `uid`) VALUES ('66', '107', 'en', '<p>Having worked closely with other developers and looking at different frameworks, it is clear that we have our own ways of coding sites. Luckily, there are standards and best practices that help us stay in-line and work with each other, but we all have our preferences and quirks. It’s like driving a car: The pedals are for speeding up and slowing down, the steering wheel for changing direction, and the lights to illuminate the way. It’s the same for every car, but everybody has an individual driving style. Yet, if you adhere to the rules of the road, arrive at your destination, and haven’t harmed any fellow road users en route, your way of driving is the right way.</p><p>So, if you have a usable, accessible site, which is built on well-structured, well-commented, and valid code, then you are coding the right way.</p><p>And it is because of these individual coding styles that we will always feel most comfortable with our own code.<br>If you have worked with other developers, you will probably know that your way of coding ‘gels’ with some developers and with others it can feel like a <a href=\"http://abstrusegoose.com/432\">struggle</a>. You can understand another person’s code and work with it, but it will never sit quite right. For me it’s the same with frameworks and I agree with <a href=\"https://twitter.com/stephaniehobson/status/227911304839577600\">Stephanie Hobson</a>:</p>', NULL, NULL, NULL, NULL, NULL, NULL, NULL, NULL, '2014-07-22 13:21:42', '2014-08-05 09:21:42', '77178823-ae94-4fbf-b5a8-3c6f312687c7');
INSERT INTO `craft_matrixcontent_pagecontentsections` (`id`, `elementId`, `locale`, `field_sectionText_text`, `field_sectionTitle_sectionTitle`, `field_sectionCodeSnippet_codeSnippet`, `field_sectionImage_imageCaption`, `field_sectionImage_imageAlt`, `field_sectionCodeSnippet_codeType`, `field_sectionImage_remoteImage`, `field_sectionQuote_quoteText`, `field_sectionQuote_quoteSource`, `dateCreated`, `dateUpdated`, `uid`) VALUES ('67', '108', 'en', NULL, 'Know The Purpose Of Every Piece Of Code', NULL, NULL, NULL, NULL, NULL, NULL, NULL, '2014-07-22 13:21:43', '2014-08-05 09:21:42', 'a0f8d829-de56-4990-a5f6-f6f4f563306e');
INSERT INTO `craft_matrixcontent_pagecontentsections` (`id`, `elementId`, `locale`, `field_sectionText_text`, `field_sectionTitle_sectionTitle`, `field_sectionCodeSnippet_codeSnippet`, `field_sectionImage_imageCaption`, `field_sectionImage_imageAlt`, `field_sectionCodeSnippet_codeType`, `field_sectionImage_remoteImage`, `field_sectionQuote_quoteText`, `field_sectionQuote_quoteSource`, `dateCreated`, `dateUpdated`, `uid`) VALUES ('68', '109', 'en', '<p>I do not mean to say that we should ignore frameworks and spend days trying to solve a problem, if a great solution has already been found - the very opposite. I find great inspiration in looking at updates and techniques, particularly in H5BP and Bootstrap. But I can’t bring myself to just ‘slap it on’ and be on my merry coding way.</p><p>I need to be able to understand the existence and purpose of every piece of code, why exactly it is where it is and what it is needed for. My own thought-processes need to be connected to every line to make it truly my own.<br>\r\n	Rachel Andrews puts this perfectly:</p>', NULL, NULL, NULL, NULL, NULL, NULL, NULL, NULL, '2014-07-22 13:21:43', '2014-08-05 09:21:42', 'fe381cd5-197d-4941-9c3d-9444e9864ce1');
INSERT INTO `craft_matrixcontent_pagecontentsections` (`id`, `elementId`, `locale`, `field_sectionText_text`, `field_sectionTitle_sectionTitle`, `field_sectionCodeSnippet_codeSnippet`, `field_sectionImage_imageCaption`, `field_sectionImage_imageAlt`, `field_sectionCodeSnippet_codeType`, `field_sectionImage_remoteImage`, `field_sectionQuote_quoteText`, `field_sectionQuote_quoteSource`, `dateCreated`, `dateUpdated`, `uid`) VALUES ('69', '110', 'en', NULL, 'I Show You Mine...', NULL, NULL, NULL, NULL, NULL, NULL, NULL, '2014-07-22 13:21:43', '2014-08-05 09:21:42', 'e2942d55-59bf-46f0-9332-3b7ebed72010');
INSERT INTO `craft_matrixcontent_pagecontentsections` (`id`, `elementId`, `locale`, `field_sectionText_text`, `field_sectionTitle_sectionTitle`, `field_sectionCodeSnippet_codeSnippet`, `field_sectionImage_imageCaption`, `field_sectionImage_imageAlt`, `field_sectionCodeSnippet_codeType`, `field_sectionImage_remoteImage`, `field_sectionQuote_quoteText`, `field_sectionQuote_quoteSource`, `dateCreated`, `dateUpdated`, `uid`) VALUES ('70', '111', 'en', '<p>After all of this, it is needless to say that I have my own <a href=\"https://github.com/katrinkerber/base\">base files</a>. They are not as drastically simple as Rachel’s, but they provide a good sturdy shell for a new site to move into. Resets remove ugly default browser styles, little CSS helpers cure every-day woes, and some basic typography declarations ensure that my plain HTML prototypes don’t look like love children from the 1990s.</p><p>I constantly update this base based on new experiences and know it so well that I can quickly edit or remove parts according to a site’s needs. If I come across great techniques and solutions for specific scenarios, I keep them separate and easily accessible. I feel most comfortable that way, and I believe this makes me a better coder, too.</p><p>So, go forth, be free, and roll to your own base. Your sites, skills and fellow developers will thank you for it.</p>', NULL, NULL, NULL, NULL, NULL, NULL, NULL, NULL, '2014-07-22 13:21:43', '2014-08-05 09:21:42', '33c6347f-4b61-48ca-a75d-30fafc70486b');
INSERT INTO `craft_matrixcontent_pagecontentsections` (`id`, `elementId`, `locale`, `field_sectionText_text`, `field_sectionTitle_sectionTitle`, `field_sectionCodeSnippet_codeSnippet`, `field_sectionImage_imageCaption`, `field_sectionImage_imageAlt`, `field_sectionCodeSnippet_codeType`, `field_sectionImage_remoteImage`, `field_sectionQuote_quoteText`, `field_sectionQuote_quoteSource`, `dateCreated`, `dateUpdated`, `uid`) VALUES ('71', '182', 'en', NULL, NULL, NULL, NULL, NULL, NULL, NULL, '<p>Frameworks feel like putting on someone else’s wet clothes. Baggy and clingy in all the wrong places and I can’t get it to hang straight.</p>', '', '2014-08-04 16:48:59', '2014-08-05 09:21:42', 'd245fc9d-db3d-472e-a262-a0647245ea32');
INSERT INTO `craft_matrixcontent_pagecontentsections` (`id`, `elementId`, `locale`, `field_sectionText_text`, `field_sectionTitle_sectionTitle`, `field_sectionCodeSnippet_codeSnippet`, `field_sectionImage_imageCaption`, `field_sectionImage_imageAlt`, `field_sectionCodeSnippet_codeType`, `field_sectionImage_remoteImage`, `field_sectionQuote_quoteText`, `field_sectionQuote_quoteSource`, `dateCreated`, `dateUpdated`, `uid`) VALUES ('72', '183', 'en', NULL, NULL, NULL, NULL, NULL, NULL, NULL, '<p>I am concerned that these [frameworks] are being promoted as something everyone should include from the outset, rather than being a toolkit you draw on to deal with problems once they have arisen. [&hellip;] make sure every bit of code added to your project is there for a reason you can explain, not just because it is part of some standard toolkit or boilerplate.</p>', '<a href=\"http://www.rachelandrew.co.uk/archives/2012/03/21/stop-solving-problems-you-dont-yet-have/\">Stop solving problems you don’t yet have</a>', '2014-08-04 16:48:59', '2014-08-05 09:21:42', 'c3bbb6d9-656b-41e5-93b7-e2e99bfce301');
INSERT INTO `craft_matrixcontent_pagecontentsections` (`id`, `elementId`, `locale`, `field_sectionText_text`, `field_sectionTitle_sectionTitle`, `field_sectionCodeSnippet_codeSnippet`, `field_sectionImage_imageCaption`, `field_sectionImage_imageAlt`, `field_sectionCodeSnippet_codeType`, `field_sectionImage_remoteImage`, `field_sectionQuote_quoteText`, `field_sectionQuote_quoteSource`, `dateCreated`, `dateUpdated`, `uid`) VALUES ('73', '184', 'en', '<p>I think that the best prerequisite to knowing your site inside and out is to build it around your own base.</p>', NULL, NULL, NULL, NULL, NULL, NULL, NULL, NULL, '2014-08-04 16:48:59', '2014-08-05 09:21:42', 'dd2337fe-c9a1-4302-9481-1d5115873843');
INSERT INTO `craft_matrixcontent_pagecontentsections` (`id`, `elementId`, `locale`, `field_sectionText_text`, `field_sectionTitle_sectionTitle`, `field_sectionCodeSnippet_codeSnippet`, `field_sectionImage_imageCaption`, `field_sectionImage_imageAlt`, `field_sectionCodeSnippet_codeType`, `field_sectionImage_remoteImage`, `field_sectionQuote_quoteText`, `field_sectionQuote_quoteSource`, `dateCreated`, `dateUpdated`, `uid`) VALUES ('74', '199', 'en', NULL, NULL, NULL, NULL, NULL, NULL, NULL, '<p>to make or manufacture (an object, objects, product, etc.) with skill and careful attention to detail</p>', '<a href=\"http://dictionary.reference.com/browse/craft\">Dictionary.com</a>', '2014-08-05 09:32:50', '2014-08-05 09:33:20', '972197b4-07df-4442-9ddb-2a8a5da5f72f');
INSERT INTO `craft_matrixcontent_pagecontentsections` (`id`, `elementId`, `locale`, `field_sectionText_text`, `field_sectionTitle_sectionTitle`, `field_sectionCodeSnippet_codeSnippet`, `field_sectionImage_imageCaption`, `field_sectionImage_imageAlt`, `field_sectionCodeSnippet_codeType`, `field_sectionImage_remoteImage`, `field_sectionQuote_quoteText`, `field_sectionQuote_quoteSource`, `dateCreated`, `dateUpdated`, `uid`) VALUES ('75', '200', 'en', '<p>Then coding is a craft.</p><p>Granted, learning to build websites is easy. Anyone can pick up the HTML and CSS it takes to code a simple site quickly. But building complex websites that hold their ground and that work no matter which environment they find themselves in, takes a lot of practice and experience. You need to know which tools are right for the job and understand the nature and varying outcomes of different parts of your code.</p><p>It is a bit like painting: Anyone can take a brush, paint and a piece of paper to paint a picture. But it takes skills, practice and experience to understand which brushes and strokes to use for which effects, how to apply and combine colours, and which type of canvas or paper is suited best.</p><p>I think this notion of ‘code is just code’ reflects a couple of other detrimental attitudes and views within the web industry.</p><p>Firstly, it worries me to see so many people (not always experienced developers) using complex sets of code as the construction base for their site. I understand the need for a code base and <a href=\"http://katrinkerber.com/notes/roll-to-your-own-base\">have written about why I think all developers should have one</a>, but whenever I look at sites which have been built with big frameworks or themes, I find that they are convoluted, loaded with unnecessary code and difficult to update. This ‘not fitting quite right’ also spills over to the user experience with slow loading times, sluggish behaviours and design oddities.</p><p>Secondly, the attitude of ‘code is just code’ reflects badly on how our work as developers is valued. With so many free frameworks, cheap themes and site generators out there, why would anybody pay a premium for our work? Everyone could just head over to 1&1 and get a site for a quid or download a theme from ThemeForest. After all, if it’s ‘just code’, how can we justify that our service of creating custom, well-built sites costs at least 1000 times that?</p><p>Any developer who has spent years learning, refining and optimising her/his coding skills and who can keep up with the fast-paced, ever-changing and often unpredictable nature of the website world has every right to stand up and say:</p>', NULL, NULL, NULL, NULL, NULL, NULL, NULL, NULL, '2014-08-05 09:32:50', '2014-08-05 09:33:20', '1be4a855-8155-46d1-9922-80a8a2aa209e');
INSERT INTO `craft_matrixcontent_pagecontentsections` (`id`, `elementId`, `locale`, `field_sectionText_text`, `field_sectionTitle_sectionTitle`, `field_sectionCodeSnippet_codeSnippet`, `field_sectionImage_imageCaption`, `field_sectionImage_imageAlt`, `field_sectionCodeSnippet_codeType`, `field_sectionImage_remoteImage`, `field_sectionQuote_quoteText`, `field_sectionQuote_quoteSource`, `dateCreated`, `dateUpdated`, `uid`) VALUES ('76', '201', 'en', NULL, NULL, NULL, NULL, NULL, NULL, NULL, '<p>I hand-crafted this website. I\'ve built it from the ground up using the best tools and techniques that experience and knowledge have taught me. I am proud of the code I have written and the website it has given life to.</p>', '', '2014-08-05 09:32:50', '2014-08-05 09:33:20', '1598fb46-17f1-4a17-bd7d-4f7781461439');
INSERT INTO `craft_matrixcontent_pagecontentsections` (`id`, `elementId`, `locale`, `field_sectionText_text`, `field_sectionTitle_sectionTitle`, `field_sectionCodeSnippet_codeSnippet`, `field_sectionImage_imageCaption`, `field_sectionImage_imageAlt`, `field_sectionCodeSnippet_codeType`, `field_sectionImage_remoteImage`, `field_sectionQuote_quoteText`, `field_sectionQuote_quoteSource`, `dateCreated`, `dateUpdated`, `uid`) VALUES ('77', '202', 'en', '<p>These are some of the sites we’ve made together.</p>', NULL, NULL, NULL, NULL, NULL, NULL, NULL, NULL, '2014-10-13 15:53:40', '2014-10-14 12:35:41', '6e9830ed-d765-4d79-b49f-28ef8c5df7c3');



--
-- Schema for table `craft_matrixcontent_projectinfo`
--

DROP TABLE IF EXISTS `craft_matrixcontent_projectinfo`;

CREATE TABLE `craft_matrixcontent_projectinfo` (
  `id` int(11) NOT NULL AUTO_INCREMENT,
  `elementId` int(11) NOT NULL,
  `locale` char(12) COLLATE utf8_unicode_ci NOT NULL,
  `field_infoSection_sectionTitle` text COLLATE utf8_unicode_ci,
  `field_infoSection_sectionContent` text COLLATE utf8_unicode_ci,
  `dateCreated` datetime NOT NULL,
  `dateUpdated` datetime NOT NULL,
  `uid` char(36) COLLATE utf8_unicode_ci NOT NULL DEFAULT '0',
  PRIMARY KEY (`id`),
  UNIQUE KEY `craft_matrixcontent_projectinfo_elementId_locale_unq_idx` (`elementId`,`locale`),
  KEY `craft_matrixcontent_projectinfo_locale_idx` (`locale`)
) ENGINE=InnoDB AUTO_INCREMENT=13 DEFAULT CHARSET=utf8 COLLATE=utf8_unicode_ci;

--
-- Data for table `craft_matrixcontent_projectinfo`
--

INSERT INTO `craft_matrixcontent_projectinfo` (`id`, `elementId`, `locale`, `field_infoSection_sectionTitle`, `field_infoSection_sectionContent`, `dateCreated`, `dateUpdated`, `uid`) VALUES ('3', '118', 'en', 'What I Did', '<ul>\r\n<li>Building a modular, structured,&nbsp;responsive&nbsp;front-end base through&nbsp;a comprehensive style guide</li><li>Applying the front-end&nbsp;code across the many different&nbsp;<a href=\"http://ellislab.com/expressionengine\">ExpressionEngine</a> templates</li><li>Thorough testing across browsers and devices</li></ul>', '2014-07-22 21:02:00', '2014-10-13 16:56:14', '97780d8e-3044-4fcd-8f0a-060f50ac7f3f');
INSERT INTO `craft_matrixcontent_projectinfo` (`id`, `elementId`, `locale`, `field_infoSection_sectionTitle`, `field_infoSection_sectionContent`, `dateCreated`, `dateUpdated`, `uid`) VALUES ('5', '126', 'en', 'What I Did', '<ul>\r\n<li>Planning and prototyping using the ‘mobile first’ approach</li><li>Creating the look and feel based on design atmospheres</li><li>Building a fully responsive site</li><li>Integrating <a href=\"http://statamic.com/\">Statamic</a></li></ul>', '2014-07-23 08:52:44', '2014-08-05 08:38:59', '876aef3e-d0bb-4df1-8ddd-08ff2006ec1c');
INSERT INTO `craft_matrixcontent_projectinfo` (`id`, `elementId`, `locale`, `field_infoSection_sectionTitle`, `field_infoSection_sectionContent`, `dateCreated`, `dateUpdated`, `uid`) VALUES ('6', '129', 'en', 'What I Did', '<ul><li>Planning and prototyping using the ‘mobile first’ approach</li><li>Creating the look and feel based on design atmospheres</li><li>Building a fully responsive site</li><li>Integrating&nbsp;<a href=\"http://statamic.com/\">Statamic</a></li></ul>', '2014-07-23 09:17:24', '2014-10-13 18:13:32', '97db2395-f872-45f2-8883-bd9e060c20ab');
INSERT INTO `craft_matrixcontent_projectinfo` (`id`, `elementId`, `locale`, `field_infoSection_sectionTitle`, `field_infoSection_sectionContent`, `dateCreated`, `dateUpdated`, `uid`) VALUES ('7', '132', 'en', 'Project partner', '<p><a href=\"http://thoughtfulweb.co.uk/\">Thoughtful Web</a></p>', '2014-07-23 18:27:52', '2014-10-13 18:13:32', '1dd51182-8c18-4dfd-bdcd-d12e69f3e890');
INSERT INTO `craft_matrixcontent_projectinfo` (`id`, `elementId`, `locale`, `field_infoSection_sectionTitle`, `field_infoSection_sectionContent`, `dateCreated`, `dateUpdated`, `uid`) VALUES ('8', '134', 'en', 'What I did', '<ul>\r\n<li>Building a fully&nbsp;responsive site based on Thoughtful Web’s&nbsp;designs</li><li>Configuring and integrating&nbsp;<a href=\"http://ellislab.com/expressionengine\">ExpressionEngine</a></li></ul>', '2014-07-23 18:50:30', '2014-10-13 17:56:30', '8726fd28-3eb1-4086-be50-5f6054329d03');
INSERT INTO `craft_matrixcontent_projectinfo` (`id`, `elementId`, `locale`, `field_infoSection_sectionTitle`, `field_infoSection_sectionContent`, `dateCreated`, `dateUpdated`, `uid`) VALUES ('9', '148', 'en', 'What I Did', '<ul> <li>Building a modular, structured, well-documented front-end base, including a code&nbsp;style guide</li><li>Helping with the back-end template code</li><li>Thorough testing</li></ul>', '2014-07-24 09:56:59', '2014-08-05 08:43:30', '7a8728aa-958f-4821-a514-12ae1833408c');
INSERT INTO `craft_matrixcontent_projectinfo` (`id`, `elementId`, `locale`, `field_infoSection_sectionTitle`, `field_infoSection_sectionContent`, `dateCreated`, `dateUpdated`, `uid`) VALUES ('11', '166', 'en', 'What I Did', '<ul>\r\n<li>Help with the set up of hosting and emails</li><li>Design</li><li>Development, including the&nbsp;integration of&nbsp;<a href=\"http://www.surrealcms.com/\">Surreal CMS</a></li><li>Online donation set-up through PayPal</li></ul>', '2014-07-24 19:33:56', '2014-08-05 09:08:35', '4b659b01-2732-4b2a-aab8-6ef18d96caf6');
INSERT INTO `craft_matrixcontent_projectinfo` (`id`, `elementId`, `locale`, `field_infoSection_sectionTitle`, `field_infoSection_sectionContent`, `dateCreated`, `dateUpdated`, `uid`) VALUES ('12', '178', 'en', 'What I Did', '<ul> \r\n<li>Planning and prototyping using the ‘mobile first’ approach</li><li>Creating the look and feel based on design atmospheres</li><li>Building a fully responsive, multi-lingual site that runs on&nbsp;<a href=\"http://ellislab.com/expressionengine\">ExpressionEngine</a></li></ul>', '2014-07-25 08:32:29', '2014-08-05 08:38:22', '6135cf7b-f5b6-47e9-ac5a-f6abb4f35a24');



--
-- Schema for table `craft_matrixcontent_quote`
--

DROP TABLE IF EXISTS `craft_matrixcontent_quote`;

CREATE TABLE `craft_matrixcontent_quote` (
  `id` int(11) NOT NULL AUTO_INCREMENT,
  `elementId` int(11) NOT NULL,
  `locale` char(12) COLLATE utf8_unicode_ci NOT NULL,
  `field_quoteDetails_text` text COLLATE utf8_unicode_ci,
  `field_quoteDetails_sourceName` text COLLATE utf8_unicode_ci,
  `field_quoteDetails_sourceCompany` text COLLATE utf8_unicode_ci,
  `dateCreated` datetime NOT NULL,
  `dateUpdated` datetime NOT NULL,
  `uid` char(36) COLLATE utf8_unicode_ci NOT NULL DEFAULT '0',
  PRIMARY KEY (`id`),
  UNIQUE KEY `craft_matrixcontent_quote_elementId_locale_unq_idx` (`elementId`,`locale`),
  KEY `craft_matrixcontent_quote_locale_fk` (`locale`)
) ENGINE=InnoDB AUTO_INCREMENT=5 DEFAULT CHARSET=utf8 COLLATE=utf8_unicode_ci;

--
-- Data for table `craft_matrixcontent_quote`
--

INSERT INTO `craft_matrixcontent_quote` (`id`, `elementId`, `locale`, `field_quoteDetails_text`, `field_quoteDetails_sourceName`, `field_quoteDetails_sourceCompany`, `dateCreated`, `dateUpdated`, `uid`) VALUES ('1', '49', 'en', '<p>Amazing! Looks great, works brilliantly – exactly the reason I wanted to work with you on this project.</p>', 'John Burton', 'A/B/O', '2014-06-26 09:18:51', '2014-10-13 22:10:20', 'a83cf512-e840-485c-9151-d853d6bed991');
INSERT INTO `craft_matrixcontent_quote` (`id`, `elementId`, `locale`, `field_quoteDetails_text`, `field_quoteDetails_sourceName`, `field_quoteDetails_sourceCompany`, `dateCreated`, `dateUpdated`, `uid`) VALUES ('2', '127', 'en', '<p>It has been a pleasure working with you.&nbsp;The site looks amazing and I could not be any happier. Thank you for all your hard work, your ideas, your expertise, being flexible, for pushing back and for educating me. It has been a fantastic experience and I really look forward to working on other projects in the future.</p>', 'Maria Hvorostovsky', 'HVO Search', '2014-07-23 08:52:44', '2014-08-05 08:38:59', '9afc0925-8b7f-450e-8d84-cf8dc05cea2c');
INSERT INTO `craft_matrixcontent_quote` (`id`, `elementId`, `locale`, `field_quoteDetails_text`, `field_quoteDetails_sourceName`, `field_quoteDetails_sourceCompany`, `dateCreated`, `dateUpdated`, `uid`) VALUES ('3', '152', 'en', '<p>Katrin has done excellent work for us. We are impressed with how she has built a site that works seamlessly across many platforms; phones, tablets, laptops and desktops. She has always been willing to adjust the design and improve functionality as the build has developed.</p>', 'Tom Raymont', 'Arboreal Architecture', '2014-07-24 12:24:28', '2014-08-05 08:52:26', 'be999759-cf22-4afd-b8a6-fd41e2650a31');
INSERT INTO `craft_matrixcontent_quote` (`id`, `elementId`, `locale`, `field_quoteDetails_text`, `field_quoteDetails_sourceName`, `field_quoteDetails_sourceCompany`, `dateCreated`, `dateUpdated`, `uid`) VALUES ('4', '167', 'en', '<p>Thank you so much for all your efforts. You have made it  all extremely easy for us. If you\'re ever coming out this way, you\'ll  always have a place to stay with us in Harare!</p>', 'Lisa Marabini', 'AWARE', '2014-07-24 19:33:56', '2014-08-05 09:08:35', '6623ab66-6931-455f-ae04-d9e51388b464');



--
-- Schema for table `craft_migrations`
--

DROP TABLE IF EXISTS `craft_migrations`;

CREATE TABLE `craft_migrations` (
  `id` int(11) NOT NULL AUTO_INCREMENT,
  `pluginId` int(11) DEFAULT NULL,
  `version` varchar(255) COLLATE utf8_unicode_ci NOT NULL,
  `applyTime` datetime NOT NULL,
  `dateCreated` datetime NOT NULL,
  `dateUpdated` datetime NOT NULL,
  `uid` char(36) COLLATE utf8_unicode_ci NOT NULL DEFAULT '0',
  PRIMARY KEY (`id`),
  UNIQUE KEY `craft_migrations_version_unq_idx` (`version`),
  KEY `craft_migrations_pluginId_fk` (`pluginId`)
) ENGINE=InnoDB AUTO_INCREMENT=45 DEFAULT CHARSET=utf8 COLLATE=utf8_unicode_ci;

--
-- Data for table `craft_migrations`
--

INSERT INTO `craft_migrations` (`id`, `pluginId`, `version`, `applyTime`, `dateCreated`, `dateUpdated`, `uid`) VALUES ('1', NULL, 'm000000_000000_base', '2014-05-12 11:05:25', '2014-05-12 11:05:25', '2014-05-12 11:05:25', 'c0b88e8b-0311-4417-a585-f0800aa6a6d5');
INSERT INTO `craft_migrations` (`id`, `pluginId`, `version`, `applyTime`, `dateCreated`, `dateUpdated`, `uid`) VALUES ('2', NULL, 'm131203_000000_allow_orphan_assets', '2014-05-12 11:05:25', '2014-05-12 11:05:25', '2014-05-12 11:05:25', 'a835e617-13f4-4a00-b4df-e4a1ab93777f');
INSERT INTO `craft_migrations` (`id`, `pluginId`, `version`, `applyTime`, `dateCreated`, `dateUpdated`, `uid`) VALUES ('3', NULL, 'm131212_000001_add_missing_fk_to_emailmessages', '2014-05-12 11:05:25', '2014-05-12 11:05:25', '2014-05-12 11:05:25', '668ae536-9189-4596-bb7a-67e7b8e8f75a');
INSERT INTO `craft_migrations` (`id`, `pluginId`, `version`, `applyTime`, `dateCreated`, `dateUpdated`, `uid`) VALUES ('4', NULL, 'm140123_000000_update_widget_sort_orders', '2014-05-12 11:05:25', '2014-05-12 11:05:25', '2014-05-12 11:05:25', 'c6cafae9-d461-4e8d-a999-0469c614af75');
INSERT INTO `craft_migrations` (`id`, `pluginId`, `version`, `applyTime`, `dateCreated`, `dateUpdated`, `uid`) VALUES ('5', NULL, 'm140212_000000_clean_up_structures', '2014-05-12 11:05:25', '2014-05-12 11:05:25', '2014-05-12 11:05:25', 'd00013b6-41c2-4d1c-a8f0-f00e031bc1ff');
INSERT INTO `craft_migrations` (`id`, `pluginId`, `version`, `applyTime`, `dateCreated`, `dateUpdated`, `uid`) VALUES ('6', NULL, 'm140217_000000_add_missing_indexes', '2014-05-12 11:05:25', '2014-05-12 11:05:25', '2014-05-12 11:05:25', '2add3a91-e342-43c3-8057-86fbcac5471f');
INSERT INTO `craft_migrations` (`id`, `pluginId`, `version`, `applyTime`, `dateCreated`, `dateUpdated`, `uid`) VALUES ('7', NULL, 'm140223_000000_add_missing_element_rows', '2014-05-12 11:05:25', '2014-05-12 11:05:25', '2014-05-12 11:05:25', 'ca457f39-c8ff-47ed-b9fe-31abcd809beb');
INSERT INTO `craft_migrations` (`id`, `pluginId`, `version`, `applyTime`, `dateCreated`, `dateUpdated`, `uid`) VALUES ('8', NULL, 'm140325_000000_fix_matrix_settings', '2014-05-12 11:05:25', '2014-05-12 11:05:25', '2014-05-12 11:05:25', 'f27698d2-a614-440d-ba6c-c8ff0ac126bd');
INSERT INTO `craft_migrations` (`id`, `pluginId`, `version`, `applyTime`, `dateCreated`, `dateUpdated`, `uid`) VALUES ('9', NULL, 'm140401_000000_assignUserPermissions_permission', '2014-05-12 11:05:25', '2014-05-12 11:05:25', '2014-05-12 11:05:25', 'ee85f02d-e432-4c59-a63c-2f023ce05608');
INSERT INTO `craft_migrations` (`id`, `pluginId`, `version`, `applyTime`, `dateCreated`, `dateUpdated`, `uid`) VALUES ('10', NULL, 'm140401_000000_delete_the_deleted_files', '2014-05-12 11:05:25', '2014-05-12 11:05:25', '2014-05-12 11:05:25', '0dda4320-e742-4568-9991-dd7a1987489b');
INSERT INTO `craft_migrations` (`id`, `pluginId`, `version`, `applyTime`, `dateCreated`, `dateUpdated`, `uid`) VALUES ('11', NULL, 'm140401_000001_structures', '2014-05-12 11:05:25', '2014-05-12 11:05:25', '2014-05-12 11:05:25', 'c120d45c-52e0-499b-bf56-722ab994f8d8');
INSERT INTO `craft_migrations` (`id`, `pluginId`, `version`, `applyTime`, `dateCreated`, `dateUpdated`, `uid`) VALUES ('12', NULL, 'm140401_000002_elements_i18n_tweaks', '2014-05-12 11:05:25', '2014-05-12 11:05:25', '2014-05-12 11:05:25', 'd4ff12c9-657f-477e-a59d-0dabb040db36');
INSERT INTO `craft_migrations` (`id`, `pluginId`, `version`, `applyTime`, `dateCreated`, `dateUpdated`, `uid`) VALUES ('13', NULL, 'm140401_000003_tag_groups', '2014-05-12 11:05:25', '2014-05-12 11:05:25', '2014-05-12 11:05:25', '18bb19d6-c50d-4897-8a1a-2932a3882c55');
INSERT INTO `craft_migrations` (`id`, `pluginId`, `version`, `applyTime`, `dateCreated`, `dateUpdated`, `uid`) VALUES ('14', NULL, 'm140401_000004_add_unverifiedemail_column_to_users', '2014-05-12 11:05:25', '2014-05-12 11:05:25', '2014-05-12 11:05:25', '2681b6ad-0ed1-4e7b-bd6f-c417cf438b88');
INSERT INTO `craft_migrations` (`id`, `pluginId`, `version`, `applyTime`, `dateCreated`, `dateUpdated`, `uid`) VALUES ('15', NULL, 'm140401_000005_translatable_matrix_fields', '2014-05-12 11:05:25', '2014-05-12 11:05:25', '2014-05-12 11:05:25', 'bae467a6-c901-4ed9-a753-ce48387c6a18');
INSERT INTO `craft_migrations` (`id`, `pluginId`, `version`, `applyTime`, `dateCreated`, `dateUpdated`, `uid`) VALUES ('16', NULL, 'm140401_000006_translatable_relation_fields', '2014-05-12 11:05:25', '2014-05-12 11:05:25', '2014-05-12 11:05:25', 'f69e32ca-caaa-4ca8-99ec-0fbbb72fbd13');
INSERT INTO `craft_migrations` (`id`, `pluginId`, `version`, `applyTime`, `dateCreated`, `dateUpdated`, `uid`) VALUES ('17', NULL, 'm140401_000007_add_enabledbydefault_column_to_sections_i18n', '2014-05-12 11:05:25', '2014-05-12 11:05:25', '2014-05-12 11:05:25', '909e9621-9723-443d-a1ae-861278ee25bb');
INSERT INTO `craft_migrations` (`id`, `pluginId`, `version`, `applyTime`, `dateCreated`, `dateUpdated`, `uid`) VALUES ('18', NULL, 'm140401_000008_fullpath_to_path', '2014-05-12 11:05:25', '2014-05-12 11:05:25', '2014-05-12 11:05:25', 'cf5065b2-8dfc-4813-aafc-02d023603029');
INSERT INTO `craft_migrations` (`id`, `pluginId`, `version`, `applyTime`, `dateCreated`, `dateUpdated`, `uid`) VALUES ('19', NULL, 'm140401_000009_asset_field_layouts', '2014-05-12 11:05:25', '2014-05-12 11:05:25', '2014-05-12 11:05:25', '586485e1-3808-4c68-8a7e-1790ecc4efca');
INSERT INTO `craft_migrations` (`id`, `pluginId`, `version`, `applyTime`, `dateCreated`, `dateUpdated`, `uid`) VALUES ('20', NULL, 'm140401_000010_no_section_default_author', '2014-05-12 11:05:25', '2014-05-12 11:05:25', '2014-05-12 11:05:25', 'dee0688a-5b8c-465b-899d-0e0911e7d2b7');
INSERT INTO `craft_migrations` (`id`, `pluginId`, `version`, `applyTime`, `dateCreated`, `dateUpdated`, `uid`) VALUES ('21', NULL, 'm140401_000011_categories', '2014-05-12 11:05:25', '2014-05-12 11:05:25', '2014-05-12 11:05:25', '9b58c781-3dc4-4dd8-bc73-192b98e06cd9');
INSERT INTO `craft_migrations` (`id`, `pluginId`, `version`, `applyTime`, `dateCreated`, `dateUpdated`, `uid`) VALUES ('22', NULL, 'm140401_000012_templatecaches', '2014-05-12 11:05:25', '2014-05-12 11:05:25', '2014-05-12 11:05:25', '96aca966-0cea-41d2-b2b1-9bc5a922f522');
INSERT INTO `craft_migrations` (`id`, `pluginId`, `version`, `applyTime`, `dateCreated`, `dateUpdated`, `uid`) VALUES ('23', NULL, 'm140401_000013_allow_temp_source_transforms', '2014-05-12 11:05:25', '2014-05-12 11:05:25', '2014-05-12 11:05:25', '2433f6fc-4de2-4a69-a7ef-82401aa5bad1');
INSERT INTO `craft_migrations` (`id`, `pluginId`, `version`, `applyTime`, `dateCreated`, `dateUpdated`, `uid`) VALUES ('24', NULL, 'm140401_000014_entry_title_formats', '2014-05-12 11:05:25', '2014-05-12 11:05:25', '2014-05-12 11:05:25', '71ff7c18-08ef-4e57-953c-96d73516ff7f');
INSERT INTO `craft_migrations` (`id`, `pluginId`, `version`, `applyTime`, `dateCreated`, `dateUpdated`, `uid`) VALUES ('25', NULL, 'm140401_000015_tasks', '2014-05-12 11:05:25', '2014-05-12 11:05:25', '2014-05-12 11:05:25', '40b32575-eeb1-4f92-948e-247a861e95ee');
INSERT INTO `craft_migrations` (`id`, `pluginId`, `version`, `applyTime`, `dateCreated`, `dateUpdated`, `uid`) VALUES ('26', NULL, 'm140401_000016_varchar_classes', '2014-05-12 11:05:25', '2014-05-12 11:05:25', '2014-05-12 11:05:25', '128a599d-561f-4668-b5c3-ca7cb13fa222');
INSERT INTO `craft_migrations` (`id`, `pluginId`, `version`, `applyTime`, `dateCreated`, `dateUpdated`, `uid`) VALUES ('27', NULL, 'm140401_000017_add_transform_quality', '2014-05-12 11:05:25', '2014-05-12 11:05:25', '2014-05-12 11:05:25', '013d03a2-8873-4241-909b-04fe9ba42296');
INSERT INTO `craft_migrations` (`id`, `pluginId`, `version`, `applyTime`, `dateCreated`, `dateUpdated`, `uid`) VALUES ('28', NULL, 'm140401_000018_locale_routes', '2014-05-12 11:05:25', '2014-05-12 11:05:25', '2014-05-12 11:05:25', '5f3fa0ec-4bae-440a-b3cb-3b46b7844249');
INSERT INTO `craft_migrations` (`id`, `pluginId`, `version`, `applyTime`, `dateCreated`, `dateUpdated`, `uid`) VALUES ('29', NULL, 'm140401_000019_editions', '2014-05-12 11:05:25', '2014-05-12 11:05:25', '2014-05-12 11:05:25', 'bdda2308-e497-4a1d-b077-e9b304891087');
INSERT INTO `craft_migrations` (`id`, `pluginId`, `version`, `applyTime`, `dateCreated`, `dateUpdated`, `uid`) VALUES ('30', NULL, 'm140401_000019_rackspace_auth_api', '2014-05-12 11:05:25', '2014-05-12 11:05:25', '2014-05-12 11:05:25', '8c1aadc9-f302-4fe3-89d7-d7b8c8af3ba6');
INSERT INTO `craft_migrations` (`id`, `pluginId`, `version`, `applyTime`, `dateCreated`, `dateUpdated`, `uid`) VALUES ('31', NULL, 'm140401_000020_deprecationerrors_table', '2014-05-12 11:05:25', '2014-05-12 11:05:25', '2014-05-12 11:05:25', 'a18de452-0931-4b6c-9b16-95f4ae6e6a46');
INSERT INTO `craft_migrations` (`id`, `pluginId`, `version`, `applyTime`, `dateCreated`, `dateUpdated`, `uid`) VALUES ('32', NULL, 'm140401_000021_client_user', '2014-05-12 11:05:25', '2014-05-12 11:05:25', '2014-05-12 11:05:25', '7e9bf858-d9f6-4c52-bfa3-cba28ee42b22');
INSERT INTO `craft_migrations` (`id`, `pluginId`, `version`, `applyTime`, `dateCreated`, `dateUpdated`, `uid`) VALUES ('33', NULL, 'm140401_100000_resave_elements', '2014-05-12 11:05:25', '2014-05-12 11:05:25', '2014-05-12 11:05:25', '5fd0e59f-27b8-4654-83e7-adfc6fc40e9e');
INSERT INTO `craft_migrations` (`id`, `pluginId`, `version`, `applyTime`, `dateCreated`, `dateUpdated`, `uid`) VALUES ('34', NULL, 'm140401_100002_delete_compiled_templates', '2014-05-12 11:05:25', '2014-05-12 11:05:25', '2014-05-12 11:05:25', '535c542b-ea3f-4e6c-9a1e-11336c3cff0e');
INSERT INTO `craft_migrations` (`id`, `pluginId`, `version`, `applyTime`, `dateCreated`, `dateUpdated`, `uid`) VALUES ('35', NULL, 'm140403_000000_allow_orphan_assets_again', '2014-05-12 11:05:25', '2014-05-12 11:05:25', '2014-05-12 11:05:25', '169507a6-c991-453b-bfac-da0f8d43a6d9');
INSERT INTO `craft_migrations` (`id`, `pluginId`, `version`, `applyTime`, `dateCreated`, `dateUpdated`, `uid`) VALUES ('36', NULL, 'm140508_000000_fix_disabled_matrix_blocks', '2014-05-12 11:05:25', '2014-05-12 11:05:25', '2014-05-12 11:05:25', 'a472733b-cfe4-43a3-9e2b-860c96886b8b');
INSERT INTO `craft_migrations` (`id`, `pluginId`, `version`, `applyTime`, `dateCreated`, `dateUpdated`, `uid`) VALUES ('37', NULL, 'm140520_000000_add_id_column_to_templatecachecriteria', '2014-05-26 14:11:55', '2014-05-26 14:11:55', '2014-05-26 14:11:55', 'bbf0414c-212f-4b10-8c63-1cdc3b059558');
INSERT INTO `craft_migrations` (`id`, `pluginId`, `version`, `applyTime`, `dateCreated`, `dateUpdated`, `uid`) VALUES ('38', NULL, 'm140603_000000_draft_names', '2014-06-25 12:24:30', '2014-06-25 12:24:30', '2014-06-25 12:24:30', '439f2164-65db-4d6d-a1b3-dfc3e230c892');
INSERT INTO `craft_migrations` (`id`, `pluginId`, `version`, `applyTime`, `dateCreated`, `dateUpdated`, `uid`) VALUES ('39', NULL, 'm140603_000001_draft_notes', '2014-06-25 12:24:30', '2014-06-25 12:24:30', '2014-06-25 12:24:30', 'a7c52361-f946-4e3e-a7e7-d404a8d84cc8');
INSERT INTO `craft_migrations` (`id`, `pluginId`, `version`, `applyTime`, `dateCreated`, `dateUpdated`, `uid`) VALUES ('40', NULL, 'm140603_000002_version_nums', '2014-06-25 12:24:30', '2014-06-25 12:24:30', '2014-06-25 12:24:30', '18d47609-c36c-44a3-9112-ab8827e50902');
INSERT INTO `craft_migrations` (`id`, `pluginId`, `version`, `applyTime`, `dateCreated`, `dateUpdated`, `uid`) VALUES ('41', NULL, 'm140603_000003_version_toggling', '2014-06-25 12:24:30', '2014-06-25 12:24:30', '2014-06-25 12:24:30', '242e7fbd-d580-4179-bb45-8f9e1c8b9f40');
INSERT INTO `craft_migrations` (`id`, `pluginId`, `version`, `applyTime`, `dateCreated`, `dateUpdated`, `uid`) VALUES ('42', NULL, 'm140603_000004_tokens', '2014-06-25 12:24:30', '2014-06-25 12:24:30', '2014-06-25 12:24:30', 'bed5e3e0-6dfe-4993-ba52-cba8ea409fb1');
INSERT INTO `craft_migrations` (`id`, `pluginId`, `version`, `applyTime`, `dateCreated`, `dateUpdated`, `uid`) VALUES ('43', NULL, 'm140603_000005_asset_sources', '2014-06-25 12:24:30', '2014-06-25 12:24:30', '2014-06-25 12:24:30', 'ebef8c77-af6b-4969-b49c-cf753c25d1ad');
INSERT INTO `craft_migrations` (`id`, `pluginId`, `version`, `applyTime`, `dateCreated`, `dateUpdated`, `uid`) VALUES ('44', NULL, 'm140716_000001_allow_temp_source_transforms_again', '2014-07-24 12:21:05', '2014-07-24 12:21:05', '2014-07-24 12:21:05', '46039052-bb14-45f8-8518-d7aa2c897bdf');



--
-- Schema for table `craft_plugins`
--

DROP TABLE IF EXISTS `craft_plugins`;

CREATE TABLE `craft_plugins` (
  `id` int(11) NOT NULL AUTO_INCREMENT,
  `class` varchar(150) COLLATE utf8_unicode_ci NOT NULL,
  `version` char(15) COLLATE utf8_unicode_ci NOT NULL,
  `enabled` tinyint(1) unsigned NOT NULL DEFAULT '0',
  `settings` text COLLATE utf8_unicode_ci,
  `installDate` datetime NOT NULL,
  `dateCreated` datetime NOT NULL,
  `dateUpdated` datetime NOT NULL,
  `uid` char(36) COLLATE utf8_unicode_ci NOT NULL DEFAULT '0',
  PRIMARY KEY (`id`)
) ENGINE=InnoDB DEFAULT CHARSET=utf8 COLLATE=utf8_unicode_ci;

--
-- Schema for table `craft_rackspaceaccess`
--

DROP TABLE IF EXISTS `craft_rackspaceaccess`;

CREATE TABLE `craft_rackspaceaccess` (
  `id` int(11) NOT NULL AUTO_INCREMENT,
  `connectionKey` varchar(255) COLLATE utf8_unicode_ci NOT NULL,
  `token` varchar(255) COLLATE utf8_unicode_ci NOT NULL,
  `storageUrl` varchar(255) COLLATE utf8_unicode_ci NOT NULL,
  `cdnUrl` varchar(255) COLLATE utf8_unicode_ci NOT NULL,
  `dateCreated` datetime NOT NULL,
  `dateUpdated` datetime NOT NULL,
  `uid` char(36) COLLATE utf8_unicode_ci NOT NULL DEFAULT '0',
  PRIMARY KEY (`id`),
  UNIQUE KEY `craft_rackspaceaccess_connectionKey_unq_idx` (`connectionKey`)
) ENGINE=InnoDB DEFAULT CHARSET=utf8 COLLATE=utf8_unicode_ci;

--
-- Schema for table `craft_relations`
--

DROP TABLE IF EXISTS `craft_relations`;

CREATE TABLE `craft_relations` (
  `id` int(11) NOT NULL AUTO_INCREMENT,
  `fieldId` int(11) NOT NULL,
  `sourceId` int(11) NOT NULL,
  `sourceLocale` char(12) COLLATE utf8_unicode_ci DEFAULT NULL,
  `targetId` int(11) NOT NULL,
  `sortOrder` tinyint(4) DEFAULT NULL,
  `dateCreated` datetime NOT NULL,
  `dateUpdated` datetime NOT NULL,
  `uid` char(36) COLLATE utf8_unicode_ci NOT NULL DEFAULT '0',
  PRIMARY KEY (`id`),
  UNIQUE KEY `craft_relations_fieldId_sourceId_sourceLocale_targetId_unq_idx` (`fieldId`,`sourceId`,`sourceLocale`,`targetId`),
  KEY `craft_relations_sourceId_fk` (`sourceId`),
  KEY `craft_relations_sourceLocale_fk` (`sourceLocale`),
  KEY `craft_relations_targetId_fk` (`targetId`)
) ENGINE=InnoDB AUTO_INCREMENT=296 DEFAULT CHARSET=utf8 COLLATE=utf8_unicode_ci;

--
-- Data for table `craft_relations`
--

INSERT INTO `craft_relations` (`id`, `fieldId`, `sourceId`, `sourceLocale`, `targetId`, `sortOrder`, `dateCreated`, `dateUpdated`, `uid`) VALUES ('1', '27', '2', NULL, '7', '1', '2014-06-25 13:21:11', '2014-06-25 13:21:11', 'dc2d77ce-5b52-45e8-a152-02167485b966');
INSERT INTO `craft_relations` (`id`, `fieldId`, `sourceId`, `sourceLocale`, `targetId`, `sortOrder`, `dateCreated`, `dateUpdated`, `uid`) VALUES ('2', '27', '2', NULL, '5', '2', '2014-06-25 13:21:11', '2014-06-25 13:21:11', '6ea33156-d717-42e4-b1ed-f0a0778afa44');
INSERT INTO `craft_relations` (`id`, `fieldId`, `sourceId`, `sourceLocale`, `targetId`, `sortOrder`, `dateCreated`, `dateUpdated`, `uid`) VALUES ('3', '27', '2', NULL, '4', '3', '2014-06-25 13:21:11', '2014-06-25 13:21:11', 'efd21ca7-6298-49f2-b7ad-562f071b2975');
INSERT INTO `craft_relations` (`id`, `fieldId`, `sourceId`, `sourceLocale`, `targetId`, `sortOrder`, `dateCreated`, `dateUpdated`, `uid`) VALUES ('9', '27', '39', NULL, '7', '1', '2014-06-25 14:55:40', '2014-06-25 14:55:40', 'b4696825-6be0-48b0-af63-162b6a993209');
INSERT INTO `craft_relations` (`id`, `fieldId`, `sourceId`, `sourceLocale`, `targetId`, `sortOrder`, `dateCreated`, `dateUpdated`, `uid`) VALUES ('10', '27', '39', NULL, '5', '2', '2014-06-25 14:55:40', '2014-06-25 14:55:40', 'c1a264c8-bcf1-4656-9f04-c8f12a1658ea');
INSERT INTO `craft_relations` (`id`, `fieldId`, `sourceId`, `sourceLocale`, `targetId`, `sortOrder`, `dateCreated`, `dateUpdated`, `uid`) VALUES ('11', '27', '39', NULL, '4', '3', '2014-06-25 14:55:40', '2014-06-25 14:55:40', '5e106d7b-3d2e-4e2e-9c43-0623de7ffb3b');
INSERT INTO `craft_relations` (`id`, `fieldId`, `sourceId`, `sourceLocale`, `targetId`, `sortOrder`, `dateCreated`, `dateUpdated`, `uid`) VALUES ('24', '31', '50', NULL, '2', '1', '2014-07-17 06:41:26', '2014-07-17 06:41:26', '84fa7f7a-3b4a-4fcc-bbfd-4bf47137a8dc');
INSERT INTO `craft_relations` (`id`, `fieldId`, `sourceId`, `sourceLocale`, `targetId`, `sortOrder`, `dateCreated`, `dateUpdated`, `uid`) VALUES ('25', '31', '52', NULL, '7', '1', '2014-07-17 06:41:26', '2014-07-17 06:41:26', '4716c226-5f9d-4eed-968b-092c3c7b7ed5');
INSERT INTO `craft_relations` (`id`, `fieldId`, `sourceId`, `sourceLocale`, `targetId`, `sortOrder`, `dateCreated`, `dateUpdated`, `uid`) VALUES ('26', '31', '53', NULL, '5', '1', '2014-07-17 06:41:26', '2014-07-17 06:41:26', 'ec9ead82-407a-44f4-b90b-8f654264a3e8');
INSERT INTO `craft_relations` (`id`, `fieldId`, `sourceId`, `sourceLocale`, `targetId`, `sortOrder`, `dateCreated`, `dateUpdated`, `uid`) VALUES ('27', '31', '54', NULL, '4', '1', '2014-07-17 06:41:26', '2014-07-17 06:41:26', '9b9a379a-b81d-4080-a681-31bdf5aa6845');
INSERT INTO `craft_relations` (`id`, `fieldId`, `sourceId`, `sourceLocale`, `targetId`, `sortOrder`, `dateCreated`, `dateUpdated`, `uid`) VALUES ('55', '21', '69', NULL, '64', '1', '2014-07-22 12:21:12', '2014-07-22 12:21:12', '49a7c520-965e-4be5-a8f1-59234efee29e');
INSERT INTO `craft_relations` (`id`, `fieldId`, `sourceId`, `sourceLocale`, `targetId`, `sortOrder`, `dateCreated`, `dateUpdated`, `uid`) VALUES ('213', '11', '174', NULL, '176', '1', '2014-07-25 08:18:25', '2014-07-25 08:18:25', 'c722da7c-9481-4dc4-984d-295c15c83aff');
INSERT INTO `craft_relations` (`id`, `fieldId`, `sourceId`, `sourceLocale`, `targetId`, `sortOrder`, `dateCreated`, `dateUpdated`, `uid`) VALUES ('214', '12', '174', NULL, '175', '1', '2014-07-25 08:18:25', '2014-07-25 08:18:25', 'ea44f196-d950-4abb-957d-0eff9f9a97d8');
INSERT INTO `craft_relations` (`id`, `fieldId`, `sourceId`, `sourceLocale`, `targetId`, `sortOrder`, `dateCreated`, `dateUpdated`, `uid`) VALUES ('237', '11', '159', NULL, '161', '1', '2014-08-04 14:54:42', '2014-08-04 14:54:42', 'd06e519e-b7c0-4855-aaa9-16a5e4279f9e');
INSERT INTO `craft_relations` (`id`, `fieldId`, `sourceId`, `sourceLocale`, `targetId`, `sortOrder`, `dateCreated`, `dateUpdated`, `uid`) VALUES ('238', '12', '159', NULL, '160', '1', '2014-08-04 14:54:42', '2014-08-04 14:54:42', 'ed66aef3-fa86-459e-8c04-4b03dc183df4');
INSERT INTO `craft_relations` (`id`, `fieldId`, `sourceId`, `sourceLocale`, `targetId`, `sortOrder`, `dateCreated`, `dateUpdated`, `uid`) VALUES ('255', '11', '177', NULL, '180', '1', '2014-08-05 08:38:22', '2014-08-05 08:38:22', '2e7ac2e8-3d3e-412e-bfd9-c6df30752206');
INSERT INTO `craft_relations` (`id`, `fieldId`, `sourceId`, `sourceLocale`, `targetId`, `sortOrder`, `dateCreated`, `dateUpdated`, `uid`) VALUES ('256', '12', '177', NULL, '179', '1', '2014-08-05 08:38:22', '2014-08-05 08:38:22', '0ff3ecb9-8d5e-41cc-810d-e28675bc54bb');
INSERT INTO `craft_relations` (`id`, `fieldId`, `sourceId`, `sourceLocale`, `targetId`, `sortOrder`, `dateCreated`, `dateUpdated`, `uid`) VALUES ('259', '11', '122', NULL, '121', '1', '2014-08-05 08:38:59', '2014-08-05 08:38:59', '2b5b39e6-8fc1-4f90-983a-312d2ab581be');
INSERT INTO `craft_relations` (`id`, `fieldId`, `sourceId`, `sourceLocale`, `targetId`, `sortOrder`, `dateCreated`, `dateUpdated`, `uid`) VALUES ('260', '12', '122', NULL, '120', '1', '2014-08-05 08:38:59', '2014-08-05 08:38:59', 'd3252e8f-05ef-4ddc-8405-c0064026baa8');
INSERT INTO `craft_relations` (`id`, `fieldId`, `sourceId`, `sourceLocale`, `targetId`, `sortOrder`, `dateCreated`, `dateUpdated`, `uid`) VALUES ('267', '11', '147', NULL, '150', '1', '2014-08-05 08:43:30', '2014-08-05 08:43:30', '0ec1af66-1cb9-4304-bf11-984210e26fb7');
INSERT INTO `craft_relations` (`id`, `fieldId`, `sourceId`, `sourceLocale`, `targetId`, `sortOrder`, `dateCreated`, `dateUpdated`, `uid`) VALUES ('268', '12', '147', NULL, '149', '1', '2014-08-05 08:43:30', '2014-08-05 08:43:30', '9ff3a9ff-7e48-484c-9d6b-45a7326fc1d9');
INSERT INTO `craft_relations` (`id`, `fieldId`, `sourceId`, `sourceLocale`, `targetId`, `sortOrder`, `dateCreated`, `dateUpdated`, `uid`) VALUES ('273', '11', '155', NULL, '158', '1', '2014-08-05 08:50:23', '2014-08-05 08:50:23', 'c8a72c95-eb09-4f70-bba9-3d4e94aa07af');
INSERT INTO `craft_relations` (`id`, `fieldId`, `sourceId`, `sourceLocale`, `targetId`, `sortOrder`, `dateCreated`, `dateUpdated`, `uid`) VALUES ('274', '12', '155', NULL, '157', '1', '2014-08-05 08:50:23', '2014-08-05 08:50:23', '922ddfba-91f8-410a-a09d-f7206ff791ce');
INSERT INTO `craft_relations` (`id`, `fieldId`, `sourceId`, `sourceLocale`, `targetId`, `sortOrder`, `dateCreated`, `dateUpdated`, `uid`) VALUES ('277', '11', '151', NULL, '154', '1', '2014-08-05 08:52:26', '2014-08-05 08:52:26', '837be91d-1b27-4822-809e-8a0e350f9907');
INSERT INTO `craft_relations` (`id`, `fieldId`, `sourceId`, `sourceLocale`, `targetId`, `sortOrder`, `dateCreated`, `dateUpdated`, `uid`) VALUES ('278', '12', '151', NULL, '153', '1', '2014-08-05 08:52:26', '2014-08-05 08:52:26', '9874f6c4-9822-4940-b872-270605e374ad');
INSERT INTO `craft_relations` (`id`, `fieldId`, `sourceId`, `sourceLocale`, `targetId`, `sortOrder`, `dateCreated`, `dateUpdated`, `uid`) VALUES ('279', '11', '162', NULL, '164', '1', '2014-08-05 08:55:12', '2014-08-05 08:55:12', 'b0e43407-1130-4fe6-bf3d-3447b50f3bc5');
INSERT INTO `craft_relations` (`id`, `fieldId`, `sourceId`, `sourceLocale`, `targetId`, `sortOrder`, `dateCreated`, `dateUpdated`, `uid`) VALUES ('280', '12', '162', NULL, '163', '1', '2014-08-05 08:55:12', '2014-08-05 08:55:12', '60a5a3bd-a662-4d4b-bc04-6a11602523e3');
INSERT INTO `craft_relations` (`id`, `fieldId`, `sourceId`, `sourceLocale`, `targetId`, `sortOrder`, `dateCreated`, `dateUpdated`, `uid`) VALUES ('281', '11', '165', NULL, '173', '1', '2014-08-05 09:08:35', '2014-08-05 09:08:35', '8bf9e21c-69ee-4676-bacb-bbe2ae6fdab5');
INSERT INTO `craft_relations` (`id`, `fieldId`, `sourceId`, `sourceLocale`, `targetId`, `sortOrder`, `dateCreated`, `dateUpdated`, `uid`) VALUES ('282', '12', '165', NULL, '172', '1', '2014-08-05 09:08:35', '2014-08-05 09:08:35', 'bdd1e804-33f8-401c-977c-a2d2440d6920');
INSERT INTO `craft_relations` (`id`, `fieldId`, `sourceId`, `sourceLocale`, `targetId`, `sortOrder`, `dateCreated`, `dateUpdated`, `uid`) VALUES ('283', '21', '80', NULL, '78', '1', '2014-08-05 09:15:03', '2014-08-05 09:15:03', 'ff8136a9-7343-41bc-b8b0-1f2993f3e83a');
INSERT INTO `craft_relations` (`id`, `fieldId`, `sourceId`, `sourceLocale`, `targetId`, `sortOrder`, `dateCreated`, `dateUpdated`, `uid`) VALUES ('284', '21', '92', NULL, '85', '1', '2014-08-05 09:15:03', '2014-08-05 09:15:03', '498e4b23-ab62-456b-b0a7-5595becb0a7c');
INSERT INTO `craft_relations` (`id`, `fieldId`, `sourceId`, `sourceLocale`, `targetId`, `sortOrder`, `dateCreated`, `dateUpdated`, `uid`) VALUES ('285', '21', '102', NULL, '98', '1', '2014-08-05 09:18:30', '2014-08-05 09:18:30', '8a0b3cbb-82d5-4bd1-9bf8-d4b4690f209b');
INSERT INTO `craft_relations` (`id`, `fieldId`, `sourceId`, `sourceLocale`, `targetId`, `sortOrder`, `dateCreated`, `dateUpdated`, `uid`) VALUES ('288', '11', '116', NULL, '112', '1', '2014-10-13 16:56:14', '2014-10-13 16:56:14', '1a293fa0-398c-4982-91aa-780f53047b1e');
INSERT INTO `craft_relations` (`id`, `fieldId`, `sourceId`, `sourceLocale`, `targetId`, `sortOrder`, `dateCreated`, `dateUpdated`, `uid`) VALUES ('289', '12', '116', NULL, '115', '1', '2014-10-13 16:56:14', '2014-10-13 16:56:14', '0cc53db7-b69c-4bd8-926c-46bbd9096c7b');
INSERT INTO `craft_relations` (`id`, `fieldId`, `sourceId`, `sourceLocale`, `targetId`, `sortOrder`, `dateCreated`, `dateUpdated`, `uid`) VALUES ('290', '11', '133', NULL, '136', '1', '2014-10-13 17:56:30', '2014-10-13 17:56:30', 'cece6891-6037-4fe5-9089-73b24e3d1130');
INSERT INTO `craft_relations` (`id`, `fieldId`, `sourceId`, `sourceLocale`, `targetId`, `sortOrder`, `dateCreated`, `dateUpdated`, `uid`) VALUES ('291', '12', '133', NULL, '135', '1', '2014-10-13 17:56:30', '2014-10-13 17:56:30', 'c55c9b16-6f1d-4dae-8350-6781fe79b619');
INSERT INTO `craft_relations` (`id`, `fieldId`, `sourceId`, `sourceLocale`, `targetId`, `sortOrder`, `dateCreated`, `dateUpdated`, `uid`) VALUES ('292', '11', '128', NULL, '131', '1', '2014-10-13 18:13:32', '2014-10-13 18:13:32', '002514fa-26a8-411c-8e2e-1de824ee43e2');
INSERT INTO `craft_relations` (`id`, `fieldId`, `sourceId`, `sourceLocale`, `targetId`, `sortOrder`, `dateCreated`, `dateUpdated`, `uid`) VALUES ('293', '12', '128', NULL, '130', '1', '2014-10-13 18:13:32', '2014-10-13 18:13:32', '8aa8329b-a365-4c26-a52a-1890b3f07fe3');
INSERT INTO `craft_relations` (`id`, `fieldId`, `sourceId`, `sourceLocale`, `targetId`, `sortOrder`, `dateCreated`, `dateUpdated`, `uid`) VALUES ('294', '11', '40', NULL, '41', '1', '2014-10-13 22:10:20', '2014-10-13 22:10:20', 'd2b6f9b2-8740-4d91-a2ff-5bcfa807f0bb');
INSERT INTO `craft_relations` (`id`, `fieldId`, `sourceId`, `sourceLocale`, `targetId`, `sortOrder`, `dateCreated`, `dateUpdated`, `uid`) VALUES ('295', '12', '40', NULL, '46', '1', '2014-10-13 22:10:20', '2014-10-13 22:10:20', '3cdb2be8-1e22-483c-ad49-27555e498b12');



--
-- Schema for table `craft_routes`
--

DROP TABLE IF EXISTS `craft_routes`;

CREATE TABLE `craft_routes` (
  `id` int(11) NOT NULL AUTO_INCREMENT,
  `locale` char(12) COLLATE utf8_unicode_ci DEFAULT NULL,
  `urlParts` varchar(255) COLLATE utf8_unicode_ci NOT NULL,
  `urlPattern` varchar(255) COLLATE utf8_unicode_ci NOT NULL,
  `template` varchar(255) COLLATE utf8_unicode_ci NOT NULL,
  `sortOrder` tinyint(4) DEFAULT NULL,
  `dateCreated` datetime NOT NULL,
  `dateUpdated` datetime NOT NULL,
  `uid` char(36) COLLATE utf8_unicode_ci NOT NULL DEFAULT '0',
  PRIMARY KEY (`id`),
  UNIQUE KEY `craft_routes_urlPattern_unq_idx` (`urlPattern`),
  KEY `craft_routes_locale_idx` (`locale`)
) ENGINE=InnoDB DEFAULT CHARSET=utf8 COLLATE=utf8_unicode_ci;

--
-- Schema for table `craft_searchindex`
--

DROP TABLE IF EXISTS `craft_searchindex`;

CREATE TABLE `craft_searchindex` (
  `elementId` int(11) NOT NULL,
  `attribute` varchar(25) COLLATE utf8_unicode_ci NOT NULL,
  `fieldId` int(11) NOT NULL,
  `locale` char(12) COLLATE utf8_unicode_ci NOT NULL,
  `keywords` text COLLATE utf8_unicode_ci NOT NULL,
  PRIMARY KEY (`elementId`,`attribute`,`fieldId`,`locale`),
  FULLTEXT KEY `craft_searchindex_keywords_idx` (`keywords`)
) ENGINE=MyISAM DEFAULT CHARSET=utf8 COLLATE=utf8_unicode_ci;

--
-- Data for table `craft_searchindex`
--

INSERT INTO `craft_searchindex` (`elementId`, `attribute`, `fieldId`, `locale`, `keywords`) VALUES ('1', 'username', '0', 'en', ' katrin ');
INSERT INTO `craft_searchindex` (`elementId`, `attribute`, `fieldId`, `locale`, `keywords`) VALUES ('1', 'firstname', '0', 'en', ' katrin ');
INSERT INTO `craft_searchindex` (`elementId`, `attribute`, `fieldId`, `locale`, `keywords`) VALUES ('1', 'lastname', '0', 'en', ' kerber ');
INSERT INTO `craft_searchindex` (`elementId`, `attribute`, `fieldId`, `locale`, `keywords`) VALUES ('1', 'fullname', '0', 'en', ' katrin kerber ');
INSERT INTO `craft_searchindex` (`elementId`, `attribute`, `fieldId`, `locale`, `keywords`) VALUES ('1', 'email', '0', 'en', ' katrinkerber gmail com ');
INSERT INTO `craft_searchindex` (`elementId`, `attribute`, `fieldId`, `locale`, `keywords`) VALUES ('1', 'slug', '0', 'en', '');
INSERT INTO `craft_searchindex` (`elementId`, `attribute`, `fieldId`, `locale`, `keywords`) VALUES ('2', 'field', '1', 'en', ' welcome to dev katrinkerber com ');
INSERT INTO `craft_searchindex` (`elementId`, `attribute`, `fieldId`, `locale`, `keywords`) VALUES ('2', 'field', '2', 'en', ' i enjoy working with a variety of organisations and people where i can make a real difference for example i regularly help businesses whose existing website doesn t reflect their current character or doesn t attract their ideal clients charities that need effectively communicate their cause to attract supporters and donations organisations whose site isn t accessible on and optimised for handheld devices and are so loosing out on a big chunk of visitors and potential customers shops that need a great online store that generates sells and happy customers new businesses which need a website to attract clients and supporters an agency or organisation that needs someone to work with their design and development team to build a user friendly robust and high quality front end base for a big complex site ');
INSERT INTO `craft_searchindex` (`elementId`, `attribute`, `fieldId`, `locale`, `keywords`) VALUES ('8', 'field', '18', 'en', ' i enjoy projects where i can make a real difference for example i regularly help businesses whose existing website doesn t reflect their current character and doesn t attract their ideal clients charities that need to effectively communicate their work to attract supporters and donations organisations whose site isn t optimised for handheld devices and who are loosing out on a big chunk of visitors and potential customers shops that need a great online store that generates sales and happy customers new businesses which need their first website to attract clients and supporters an agency or organisation that needs someone to work with their team to build a user friendly robust and high quality front end code base for a big complex site ');
INSERT INTO `craft_searchindex` (`elementId`, `attribute`, `fieldId`, `locale`, `keywords`) VALUES ('7', 'field', '2', 'en', ' these are some of the sites we ve made together ');
INSERT INTO `craft_searchindex` (`elementId`, `attribute`, `fieldId`, `locale`, `keywords`) VALUES ('40', 'field', '11', 'en', ' sfc thumb ');
INSERT INTO `craft_searchindex` (`elementId`, `attribute`, `fieldId`, `locale`, `keywords`) VALUES ('8', 'slug', '0', 'en', '');
INSERT INTO `craft_searchindex` (`elementId`, `attribute`, `fieldId`, `locale`, `keywords`) VALUES ('2', 'slug', '0', 'en', ' home ');
INSERT INTO `craft_searchindex` (`elementId`, `attribute`, `fieldId`, `locale`, `keywords`) VALUES ('2', 'title', '0', 'en', ' home ');
INSERT INTO `craft_searchindex` (`elementId`, `attribute`, `fieldId`, `locale`, `keywords`) VALUES ('3', 'field', '2', 'en', '');
INSERT INTO `craft_searchindex` (`elementId`, `attribute`, `fieldId`, `locale`, `keywords`) VALUES ('3', 'field', '11', 'en', '');
INSERT INTO `craft_searchindex` (`elementId`, `attribute`, `fieldId`, `locale`, `keywords`) VALUES ('3', 'field', '12', 'en', '');
INSERT INTO `craft_searchindex` (`elementId`, `attribute`, `fieldId`, `locale`, `keywords`) VALUES ('3', 'field', '13', 'en', '');
INSERT INTO `craft_searchindex` (`elementId`, `attribute`, `fieldId`, `locale`, `keywords`) VALUES ('3', 'field', '17', 'en', '');
INSERT INTO `craft_searchindex` (`elementId`, `attribute`, `fieldId`, `locale`, `keywords`) VALUES ('3', 'field', '5', 'en', '');
INSERT INTO `craft_searchindex` (`elementId`, `attribute`, `fieldId`, `locale`, `keywords`) VALUES ('3', 'field', '14', 'en', '');
INSERT INTO `craft_searchindex` (`elementId`, `attribute`, `fieldId`, `locale`, `keywords`) VALUES ('2', 'field', '4', 'en', ' i work with organisations individuals and agencies to build successful and user friendly websites ');
INSERT INTO `craft_searchindex` (`elementId`, `attribute`, `fieldId`, `locale`, `keywords`) VALUES ('3', 'field', '3', 'en', '');
INSERT INTO `craft_searchindex` (`elementId`, `attribute`, `fieldId`, `locale`, `keywords`) VALUES ('3', 'slug', '0', 'en', ' we just installed craft ');
INSERT INTO `craft_searchindex` (`elementId`, `attribute`, `fieldId`, `locale`, `keywords`) VALUES ('3', 'title', '0', 'en', ' we just installed craft ');
INSERT INTO `craft_searchindex` (`elementId`, `attribute`, `fieldId`, `locale`, `keywords`) VALUES ('4', 'field', '2', 'en', '');
INSERT INTO `craft_searchindex` (`elementId`, `attribute`, `fieldId`, `locale`, `keywords`) VALUES ('4', 'field', '22', 'en', '');
INSERT INTO `craft_searchindex` (`elementId`, `attribute`, `fieldId`, `locale`, `keywords`) VALUES ('4', 'slug', '0', 'en', ' notes ');
INSERT INTO `craft_searchindex` (`elementId`, `attribute`, `fieldId`, `locale`, `keywords`) VALUES ('4', 'title', '0', 'en', ' notes ');
INSERT INTO `craft_searchindex` (`elementId`, `attribute`, `fieldId`, `locale`, `keywords`) VALUES ('9', 'field', '19', 'en', ' planning and prototyping ');
INSERT INTO `craft_searchindex` (`elementId`, `attribute`, `fieldId`, `locale`, `keywords`) VALUES ('9', 'slug', '0', 'en', '');
INSERT INTO `craft_searchindex` (`elementId`, `attribute`, `fieldId`, `locale`, `keywords`) VALUES ('10', 'field', '18', 'en', ' i have a passion for user centric design and detailed planning i can work with you to set up the right structure and content hierarchy by creating site maps wireframes and simple interactive prototypes following the mobile first approach i usually plan a site s content display and interactive functionality with a mobile context in mind this ensures a focus on the essentials and also allows for better more effective coding later on ');
INSERT INTO `craft_searchindex` (`elementId`, `attribute`, `fieldId`, `locale`, `keywords`) VALUES ('10', 'slug', '0', 'en', '');
INSERT INTO `craft_searchindex` (`elementId`, `attribute`, `fieldId`, `locale`, `keywords`) VALUES ('11', 'field', '19', 'en', ' front end development ');
INSERT INTO `craft_searchindex` (`elementId`, `attribute`, `fieldId`, `locale`, `keywords`) VALUES ('11', 'slug', '0', 'en', '');
INSERT INTO `craft_searchindex` (`elementId`, `attribute`, `fieldId`, `locale`, `keywords`) VALUES ('12', 'field', '18', 'en', ' websites need to work across a vast amount of devices so i understand that highly detailed page mock ups just aren t feasible anymore i am used to working with style guides and collaborate closely with designers to transform their plans and ideas into streamlined code i usually begin the coding process by setting up a coded style guide which specifies the site s major components this is also a particularly helpful for other developers that also need to work on the site i build solid foundations which work across browsers user environments and screen sizes my html is structured accessible and semantic my css is progressive and modular ');
INSERT INTO `craft_searchindex` (`elementId`, `attribute`, `fieldId`, `locale`, `keywords`) VALUES ('12', 'slug', '0', 'en', '');
INSERT INTO `craft_searchindex` (`elementId`, `attribute`, `fieldId`, `locale`, `keywords`) VALUES ('13', 'field', '19', 'en', ' content management systems ');
INSERT INTO `craft_searchindex` (`elementId`, `attribute`, `fieldId`, `locale`, `keywords`) VALUES ('13', 'slug', '0', 'en', '');
INSERT INTO `craft_searchindex` (`elementId`, `attribute`, `fieldId`, `locale`, `keywords`) VALUES ('14', 'field', '18', 'en', ' cms can be real party poopers wrangling with convoluted markup that invades carefully crafted code poor control panels and complex steps for simple updates is just frustrating for anyone involved my cms of choice are craft expressionengine statamic and perch they are flexible extendable and a joy to use ');
INSERT INTO `craft_searchindex` (`elementId`, `attribute`, `fieldId`, `locale`, `keywords`) VALUES ('14', 'slug', '0', 'en', '');
INSERT INTO `craft_searchindex` (`elementId`, `attribute`, `fieldId`, `locale`, `keywords`) VALUES ('57', 'slug', '0', 'en', '');
INSERT INTO `craft_searchindex` (`elementId`, `attribute`, `fieldId`, `locale`, `keywords`) VALUES ('57', 'title', '0', 'en', ' sfc main 1 ');
INSERT INTO `craft_searchindex` (`elementId`, `attribute`, `fieldId`, `locale`, `keywords`) VALUES ('58', 'filename', '0', 'en', ' sfc main_1 png ');
INSERT INTO `craft_searchindex` (`elementId`, `attribute`, `fieldId`, `locale`, `keywords`) VALUES ('58', 'extension', '0', 'en', ' png ');
INSERT INTO `craft_searchindex` (`elementId`, `attribute`, `fieldId`, `locale`, `keywords`) VALUES ('58', 'kind', '0', 'en', ' image ');
INSERT INTO `craft_searchindex` (`elementId`, `attribute`, `fieldId`, `locale`, `keywords`) VALUES ('58', 'slug', '0', 'en', '');
INSERT INTO `craft_searchindex` (`elementId`, `attribute`, `fieldId`, `locale`, `keywords`) VALUES ('58', 'title', '0', 'en', ' sfc main 1 ');
INSERT INTO `craft_searchindex` (`elementId`, `attribute`, `fieldId`, `locale`, `keywords`) VALUES ('59', 'field', '25', 'en', ' think i could be the perfect fit for your project get in touch ');
INSERT INTO `craft_searchindex` (`elementId`, `attribute`, `fieldId`, `locale`, `keywords`) VALUES ('59', 'field', '26', 'en', ' get in touch ');
INSERT INTO `craft_searchindex` (`elementId`, `attribute`, `fieldId`, `locale`, `keywords`) VALUES ('59', 'slug', '0', 'en', '');
INSERT INTO `craft_searchindex` (`elementId`, `attribute`, `fieldId`, `locale`, `keywords`) VALUES ('60', 'field', '2', 'en', ' thanks to some magic post sell out tickets i was able to attend and thoroughly enjoy the first responsive day out conference last year when the news broke that another one would be held this year i naturally made sure i got my ticket the moment they went on sale three of the speakers and jeremy keith sitting on stage during one of the panel discussions photo marc thiele https farm4 staticflickr com 3868 14524999285_385890d100_c jpg it turned out to be another brilliant event jeremy keith is a fantastic host and the three 20 minute talks followed by a short panel discussion are the perfect set up all the talks where of stellar quality and my mind was positively buzzing at the end one notion that kept resonating the most with me throughout the day was how the challenge of building websites for uncountable devices and screen sizes is bringing us back to the most important basics focussing on clear accessible content and user needs the core model ida aalen talked about the core model and showed how it was used for the build of the norwegian cancer society s website an example work sheet for the core model core model example by establishing key user needs objectives and clear paths this model boils content down to its most important core not only does this help create a site that effectively fulfils user and business goals it also helps to get away from the misguided idea that the home page is the most important part of a site the majority of users don t visit a site to look at the home page many will never see it instead they are looking for and hopefully find that piece of core content that meets their needs i also love how this model adopts the mobile first mindset and asks to structure the established core content with a small screen in mind this focus and meticulous upfront planning also helps to prevent falling into the tetris trap when it comes to designing the layout of content for larger screens death to competing content oliver reichenstein s talk neatly picked up on that notion too he talked about the habit of filling screens with boxes of competing content which results in a muddled message and confusing content flow there are so many sites that make that one thing that they are built for consumption of content so incredibly frustrating news sites surround their articles with convoluted fluff animated images really and punching yourself in the face is less painful than looking for an answer on wikianswers so oliver s call to stop putting unrelated content next to each other and instead adopt a container model that follows a logical vertical structure struck so many chords with me my mind kept loudly shouting yes this please everyone listen to this man we were urged to move away from how do i fill in this box to how do i provide and present the best quality content let s make this happen next to my excited agreement i kept having creeping doubts about how to keep pushing this positive change forward i frequently observe a herd like mentality when it comes to applying solutions trying to convince designers or clients that a slideshow isn t an effective content presentation model is often still very hard work and don t get me started on that three line menu icon the but everyone else is doing it notion is often hard to counter unless you have statistics and use cases that prove other ways are better because of these challenges i hugely admire the work of people like ida and oliver who get their clients to jump on board and help to forge a better path just look at the new guardian site it s a beauty the talks and resources i ve only highlighted two speakers but all ten of them were absolutely amazing and their talks were choc a bloc with great information so i urge you to grab a mug of your favourite beverage get comfy and listen to them all together with the slides and resources stephen hay sculpting text sally jenkinson more than media queries ida aalen the core model and her amazing detailed notes from the conferencerachel andrew css grid layout dan donald designing evolution elements inayaili de leon persson realistic responsive design oliver reichenstein didn t have any slides but marc thiele took some amazing photos which come close to encapsulating the atmosphere and energy of this talkkirsty burgoine question of deliverables and other such stuff stephanie rieger the future of media queries ethan marcotte s slides aren t available yet but there some more of marc s photos of the talk ');
INSERT INTO `craft_searchindex` (`elementId`, `attribute`, `fieldId`, `locale`, `keywords`) VALUES ('60', 'field', '3', 'en', '');
INSERT INTO `craft_searchindex` (`elementId`, `attribute`, `fieldId`, `locale`, `keywords`) VALUES ('60', 'slug', '0', 'en', ' back to basics ');
INSERT INTO `craft_searchindex` (`elementId`, `attribute`, `fieldId`, `locale`, `keywords`) VALUES ('60', 'title', '0', 'en', ' back to basics ');
INSERT INTO `craft_searchindex` (`elementId`, `attribute`, `fieldId`, `locale`, `keywords`) VALUES ('61', 'field', '18', 'en', ' thanks to some magic post sell out tickets i was able to attend and thoroughly enjoy the first responsive day out conference last year when the news broke that another one would be held this year i naturally made sure i got my ticket the moment they went on sale ');
INSERT INTO `craft_searchindex` (`elementId`, `attribute`, `fieldId`, `locale`, `keywords`) VALUES ('61', 'slug', '0', 'en', '');
INSERT INTO `craft_searchindex` (`elementId`, `attribute`, `fieldId`, `locale`, `keywords`) VALUES ('62', 'field', '21', 'en', '');
INSERT INTO `craft_searchindex` (`elementId`, `attribute`, `fieldId`, `locale`, `keywords`) VALUES ('62', 'field', '33', 'en', ' three of the speakers and jeremy keith on stage during a panel discussion ');
INSERT INTO `craft_searchindex` (`elementId`, `attribute`, `fieldId`, `locale`, `keywords`) VALUES ('62', 'field', '24', 'en', ' photo marc thiele ');
INSERT INTO `craft_searchindex` (`elementId`, `attribute`, `fieldId`, `locale`, `keywords`) VALUES ('62', 'slug', '0', 'en', '');
INSERT INTO `craft_searchindex` (`elementId`, `attribute`, `fieldId`, `locale`, `keywords`) VALUES ('15', 'field', '19', 'en', ' e commerce ');
INSERT INTO `craft_searchindex` (`elementId`, `attribute`, `fieldId`, `locale`, `keywords`) VALUES ('15', 'slug', '0', 'en', '');
INSERT INTO `craft_searchindex` (`elementId`, `attribute`, `fieldId`, `locale`, `keywords`) VALUES ('16', 'field', '18', 'en', ' based on your goals and requirements i can choose the right e commerce tool for you and set up everything you need from product management payment gateway integration checkout and order handling ');
INSERT INTO `craft_searchindex` (`elementId`, `attribute`, `fieldId`, `locale`, `keywords`) VALUES ('16', 'slug', '0', 'en', '');
INSERT INTO `craft_searchindex` (`elementId`, `attribute`, `fieldId`, `locale`, `keywords`) VALUES ('17', 'field', '19', 'en', ' email marketing ');
INSERT INTO `craft_searchindex` (`elementId`, `attribute`, `fieldId`, `locale`, `keywords`) VALUES ('17', 'slug', '0', 'en', '');
INSERT INTO `craft_searchindex` (`elementId`, `attribute`, `fieldId`, `locale`, `keywords`) VALUES ('18', 'field', '18', 'en', ' i specialise in coding emails that work across all major email clients including mobiles and can set up easy to use email marketing environments and templates in campaign monitor and mailchimp ');
INSERT INTO `craft_searchindex` (`elementId`, `attribute`, `fieldId`, `locale`, `keywords`) VALUES ('18', 'slug', '0', 'en', '');
INSERT INTO `craft_searchindex` (`elementId`, `attribute`, `fieldId`, `locale`, `keywords`) VALUES ('19', 'field', '19', 'en', ' testing testing testing ');
INSERT INTO `craft_searchindex` (`elementId`, `attribute`, `fieldId`, `locale`, `keywords`) VALUES ('19', 'slug', '0', 'en', '');
INSERT INTO `craft_searchindex` (`elementId`, `attribute`, `fieldId`, `locale`, `keywords`) VALUES ('20', 'field', '18', 'en', ' using an extensive checklist and a host of tools i test and optimise a site to ensure it performs at its absolute best i check and fine tune the experience in various popular browsers and on handheld devices validate the code reduce http requests enable server side file caching and compression check all links implement print styles and more ');
INSERT INTO `craft_searchindex` (`elementId`, `attribute`, `fieldId`, `locale`, `keywords`) VALUES ('20', 'slug', '0', 'en', '');
INSERT INTO `craft_searchindex` (`elementId`, `attribute`, `fieldId`, `locale`, `keywords`) VALUES ('21', 'field', '19', 'en', ' post launch support ');
INSERT INTO `craft_searchindex` (`elementId`, `attribute`, `fieldId`, `locale`, `keywords`) VALUES ('21', 'slug', '0', 'en', '');
INSERT INTO `craft_searchindex` (`elementId`, `attribute`, `fieldId`, `locale`, `keywords`) VALUES ('22', 'field', '18', 'en', ' amends tweaks support advice seo ');
INSERT INTO `craft_searchindex` (`elementId`, `attribute`, `fieldId`, `locale`, `keywords`) VALUES ('22', 'slug', '0', 'en', '');
INSERT INTO `craft_searchindex` (`elementId`, `attribute`, `fieldId`, `locale`, `keywords`) VALUES ('23', 'field', '19', 'en', ' remote collaboration ');
INSERT INTO `craft_searchindex` (`elementId`, `attribute`, `fieldId`, `locale`, `keywords`) VALUES ('23', 'slug', '0', 'en', '');
INSERT INTO `craft_searchindex` (`elementId`, `attribute`, `fieldId`, `locale`, `keywords`) VALUES ('24', 'field', '18', 'en', ' i work from my home in petersfield and collaborate with individuals and teams across the uk i have also successfully worked with teams across the pond i can work on site for short periods of time if the project requires it i use project management chat and version control tools to ensure that everything runs smoothly ');
INSERT INTO `craft_searchindex` (`elementId`, `attribute`, `fieldId`, `locale`, `keywords`) VALUES ('24', 'slug', '0', 'en', '');
INSERT INTO `craft_searchindex` (`elementId`, `attribute`, `fieldId`, `locale`, `keywords`) VALUES ('7', 'field', '4', 'en', ' over the last five years i have worked with a variety of organisations and individuals ');
INSERT INTO `craft_searchindex` (`elementId`, `attribute`, `fieldId`, `locale`, `keywords`) VALUES ('7', 'field', '22', 'en', ' think i could be the perfect fit for your project get in touch ');
INSERT INTO `craft_searchindex` (`elementId`, `attribute`, `fieldId`, `locale`, `keywords`) VALUES ('7', 'slug', '0', 'en', ' projects ');
INSERT INTO `craft_searchindex` (`elementId`, `attribute`, `fieldId`, `locale`, `keywords`) VALUES ('7', 'title', '0', 'en', ' projects ');
INSERT INTO `craft_searchindex` (`elementId`, `attribute`, `fieldId`, `locale`, `keywords`) VALUES ('5', 'field', '4', 'en', ' i am a freelancer based in petersfield a market down in the midst of the beautiful south downs ');
INSERT INTO `craft_searchindex` (`elementId`, `attribute`, `fieldId`, `locale`, `keywords`) VALUES ('5', 'field', '2', 'en', ' how i got here i have always enjoyed using computers and the internet and remember the many hours i would spent listening to the shrieking of a 56k modem whilst patiently waiting for a website to load bit by bit by bit in 2009 i had my first peek behind the scenes of making websites whilst working for spana as a fundraiser i was hooked straight away and completed a web development course fast forward 5 years and i have been involved in over 35 projects working with many agencies organisations and individuals trade tools pen and paper for planning sketch for prototypes style tiles and site assets management invision for presenting concepts and interactive prototypes sublime text for coding mixture for prepocessing compiling and local testing git and tower for version control craft expression engine statamic and perch as cms of choicebrowserstack for browser and device testing campaign monitor and mailchimp for email marketing basecamp redbooth and skype for project management and collaboration ethical guidelines i try to be conscious about the consequences of my actions and the impact they can have on people animals and the environment i will never knowingly work for individuals or organisations who support or actively encourage harming people animals or the planet and want to do my bit by focusing on working for good causes whenever i can ');
INSERT INTO `craft_searchindex` (`elementId`, `attribute`, `fieldId`, `locale`, `keywords`) VALUES ('5', 'field', '22', 'en', ' i d love to hear about your goals and ideas and help you make your website a success ');
INSERT INTO `craft_searchindex` (`elementId`, `attribute`, `fieldId`, `locale`, `keywords`) VALUES ('29', 'field', '25', 'en', ' i am available to work on new projects and would love to hear about yours ');
INSERT INTO `craft_searchindex` (`elementId`, `attribute`, `fieldId`, `locale`, `keywords`) VALUES ('5', 'slug', '0', 'en', ' about ');
INSERT INTO `craft_searchindex` (`elementId`, `attribute`, `fieldId`, `locale`, `keywords`) VALUES ('5', 'title', '0', 'en', ' about ');
INSERT INTO `craft_searchindex` (`elementId`, `attribute`, `fieldId`, `locale`, `keywords`) VALUES ('25', 'field', '19', 'en', ' how i got here ');
INSERT INTO `craft_searchindex` (`elementId`, `attribute`, `fieldId`, `locale`, `keywords`) VALUES ('25', 'slug', '0', 'en', '');
INSERT INTO `craft_searchindex` (`elementId`, `attribute`, `fieldId`, `locale`, `keywords`) VALUES ('26', 'field', '18', 'en', ' i have always enjoyed using computers and the internet and remember the many hours i would spent listening to the shrieking of a 56k modem whilst patiently waiting for a website to load bit by bit by bit in 2009 i had my first peek behind the scenes of making websites whilst working for spana as a fundraiser i was hooked straight away and completed a web development course fast forward 5 years and i have been involved in over 35 projects working with many agencies organisations and individuals ');
INSERT INTO `craft_searchindex` (`elementId`, `attribute`, `fieldId`, `locale`, `keywords`) VALUES ('33', 'field', '19', 'en', ' ethical guidelines ');
INSERT INTO `craft_searchindex` (`elementId`, `attribute`, `fieldId`, `locale`, `keywords`) VALUES ('33', 'slug', '0', 'en', '');
INSERT INTO `craft_searchindex` (`elementId`, `attribute`, `fieldId`, `locale`, `keywords`) VALUES ('34', 'field', '18', 'en', ' i try to be conscious about the consequences of my actions and the impact they can have on people animals and the environment i will never knowingly work for individuals or organisations who support or actively encourage harming people animals or the planet and want to do my bit by focusing on working for good causes whenever i can ');
INSERT INTO `craft_searchindex` (`elementId`, `attribute`, `fieldId`, `locale`, `keywords`) VALUES ('26', 'slug', '0', 'en', '');
INSERT INTO `craft_searchindex` (`elementId`, `attribute`, `fieldId`, `locale`, `keywords`) VALUES ('27', 'field', '19', 'en', ' trade tools ');
INSERT INTO `craft_searchindex` (`elementId`, `attribute`, `fieldId`, `locale`, `keywords`) VALUES ('27', 'slug', '0', 'en', '');
INSERT INTO `craft_searchindex` (`elementId`, `attribute`, `fieldId`, `locale`, `keywords`) VALUES ('28', 'field', '18', 'en', ' pen and paper for planning	sketch for prototypes style tiles and site assets management	invision for presenting concepts and interactive prototypes	sublime text for coding	mixture for prepocessing compiling and local testing	git and tower for version control	craft expression engine statamic and perch as cms of choicebrowserstack for browser and device testing campaign monitor and mailchimp for email marketing	basecamp redbooth and skype for project management and collaboration ');
INSERT INTO `craft_searchindex` (`elementId`, `attribute`, `fieldId`, `locale`, `keywords`) VALUES ('28', 'slug', '0', 'en', '');
INSERT INTO `craft_searchindex` (`elementId`, `attribute`, `fieldId`, `locale`, `keywords`) VALUES ('29', 'field', '26', 'en', ' let s work together ');
INSERT INTO `craft_searchindex` (`elementId`, `attribute`, `fieldId`, `locale`, `keywords`) VALUES ('29', 'slug', '0', 'en', '');
INSERT INTO `craft_searchindex` (`elementId`, `attribute`, `fieldId`, `locale`, `keywords`) VALUES ('6', 'field', '2', 'en', ' i am currently available for new projects from august onwards emailhello katrinkerber comphone01730 301 302 ');
INSERT INTO `craft_searchindex` (`elementId`, `attribute`, `fieldId`, `locale`, `keywords`) VALUES ('6', 'slug', '0', 'en', ' contact ');
INSERT INTO `craft_searchindex` (`elementId`, `attribute`, `fieldId`, `locale`, `keywords`) VALUES ('6', 'title', '0', 'en', ' contact ');
INSERT INTO `craft_searchindex` (`elementId`, `attribute`, `fieldId`, `locale`, `keywords`) VALUES ('30', 'field', '18', 'en', ' i am currently available for new projects from august onwards emailhello katrinkerber comphone01730 301 302 ');
INSERT INTO `craft_searchindex` (`elementId`, `attribute`, `fieldId`, `locale`, `keywords`) VALUES ('185', 'filename', '0', 'en', ' sfc main_1 png ');
INSERT INTO `craft_searchindex` (`elementId`, `attribute`, `fieldId`, `locale`, `keywords`) VALUES ('128', 'field', '11', 'en', ' urban classic thumb ');
INSERT INTO `craft_searchindex` (`elementId`, `attribute`, `fieldId`, `locale`, `keywords`) VALUES ('112', 'filename', '0', 'en', ' tt thumb png ');
INSERT INTO `craft_searchindex` (`elementId`, `attribute`, `fieldId`, `locale`, `keywords`) VALUES ('30', 'slug', '0', 'en', '');
INSERT INTO `craft_searchindex` (`elementId`, `attribute`, `fieldId`, `locale`, `keywords`) VALUES ('112', 'extension', '0', 'en', ' png ');
INSERT INTO `craft_searchindex` (`elementId`, `attribute`, `fieldId`, `locale`, `keywords`) VALUES ('112', 'kind', '0', 'en', ' image ');
INSERT INTO `craft_searchindex` (`elementId`, `attribute`, `fieldId`, `locale`, `keywords`) VALUES ('49', 'field', '30', 'en', ' a b o ');
INSERT INTO `craft_searchindex` (`elementId`, `attribute`, `fieldId`, `locale`, `keywords`) VALUES ('50', 'field', '31', 'en', ' home ');
INSERT INTO `craft_searchindex` (`elementId`, `attribute`, `fieldId`, `locale`, `keywords`) VALUES ('50', 'slug', '0', 'en', '');
INSERT INTO `craft_searchindex` (`elementId`, `attribute`, `fieldId`, `locale`, `keywords`) VALUES ('51', 'field', '32', 'en', ' what i do ');
INSERT INTO `craft_searchindex` (`elementId`, `attribute`, `fieldId`, `locale`, `keywords`) VALUES ('51', 'slug', '0', 'en', '');
INSERT INTO `craft_searchindex` (`elementId`, `attribute`, `fieldId`, `locale`, `keywords`) VALUES ('52', 'field', '31', 'en', ' projects ');
INSERT INTO `craft_searchindex` (`elementId`, `attribute`, `fieldId`, `locale`, `keywords`) VALUES ('52', 'slug', '0', 'en', '');
INSERT INTO `craft_searchindex` (`elementId`, `attribute`, `fieldId`, `locale`, `keywords`) VALUES ('53', 'field', '31', 'en', ' about ');
INSERT INTO `craft_searchindex` (`elementId`, `attribute`, `fieldId`, `locale`, `keywords`) VALUES ('53', 'slug', '0', 'en', '');
INSERT INTO `craft_searchindex` (`elementId`, `attribute`, `fieldId`, `locale`, `keywords`) VALUES ('54', 'field', '31', 'en', ' notes ');
INSERT INTO `craft_searchindex` (`elementId`, `attribute`, `fieldId`, `locale`, `keywords`) VALUES ('54', 'slug', '0', 'en', '');
INSERT INTO `craft_searchindex` (`elementId`, `attribute`, `fieldId`, `locale`, `keywords`) VALUES ('55', 'field', '31', 'en', ' contact ');
INSERT INTO `craft_searchindex` (`elementId`, `attribute`, `fieldId`, `locale`, `keywords`) VALUES ('55', 'slug', '0', 'en', '');
INSERT INTO `craft_searchindex` (`elementId`, `attribute`, `fieldId`, `locale`, `keywords`) VALUES ('56', 'filename', '0', 'en', ' sfc main_1 png ');
INSERT INTO `craft_searchindex` (`elementId`, `attribute`, `fieldId`, `locale`, `keywords`) VALUES ('56', 'extension', '0', 'en', ' png ');
INSERT INTO `craft_searchindex` (`elementId`, `attribute`, `fieldId`, `locale`, `keywords`) VALUES ('56', 'kind', '0', 'en', ' image ');
INSERT INTO `craft_searchindex` (`elementId`, `attribute`, `fieldId`, `locale`, `keywords`) VALUES ('56', 'slug', '0', 'en', '');
INSERT INTO `craft_searchindex` (`elementId`, `attribute`, `fieldId`, `locale`, `keywords`) VALUES ('56', 'title', '0', 'en', ' sfc main 1 ');
INSERT INTO `craft_searchindex` (`elementId`, `attribute`, `fieldId`, `locale`, `keywords`) VALUES ('57', 'filename', '0', 'en', ' sfc main_1 png ');
INSERT INTO `craft_searchindex` (`elementId`, `attribute`, `fieldId`, `locale`, `keywords`) VALUES ('57', 'extension', '0', 'en', ' png ');
INSERT INTO `craft_searchindex` (`elementId`, `attribute`, `fieldId`, `locale`, `keywords`) VALUES ('57', 'kind', '0', 'en', ' image ');
INSERT INTO `craft_searchindex` (`elementId`, `attribute`, `fieldId`, `locale`, `keywords`) VALUES ('31', 'field', '19', 'en', ' what i do ');
INSERT INTO `craft_searchindex` (`elementId`, `attribute`, `fieldId`, `locale`, `keywords`) VALUES ('31', 'slug', '0', 'en', '');
INSERT INTO `craft_searchindex` (`elementId`, `attribute`, `fieldId`, `locale`, `keywords`) VALUES ('32', 'field', '18', 'en', ' planning and prototyping i have a passion for user centric design and detailed planning i can work with you to establish the right site structure and content hierarchy by creating site maps wireframes and interactive prototypes i usually plan mobile first which ensures a focus on the essentials ');
INSERT INTO `craft_searchindex` (`elementId`, `attribute`, `fieldId`, `locale`, `keywords`) VALUES ('32', 'slug', '0', 'en', '');
INSERT INTO `craft_searchindex` (`elementId`, `attribute`, `fieldId`, `locale`, `keywords`) VALUES ('4', 'field', '4', 'en', ' some occasional thoughts and notes from the web development field ');
INSERT INTO `craft_searchindex` (`elementId`, `attribute`, `fieldId`, `locale`, `keywords`) VALUES ('60', 'field', '4', 'en', ' the one notion that stuck with me the most throughout and after the responsive day out conference was that we are finding our way back to basics creating sites that focus on clear accessible content and user needs ');
INSERT INTO `craft_searchindex` (`elementId`, `attribute`, `fieldId`, `locale`, `keywords`) VALUES ('34', 'slug', '0', 'en', '');
INSERT INTO `craft_searchindex` (`elementId`, `attribute`, `fieldId`, `locale`, `keywords`) VALUES ('35', 'slug', '0', 'en', '');
INSERT INTO `craft_searchindex` (`elementId`, `attribute`, `fieldId`, `locale`, `keywords`) VALUES ('2', 'field', '22', 'en', ' whatever your needs i d love to hear about your goals and ideas and help you make your website a success ');
INSERT INTO `craft_searchindex` (`elementId`, `attribute`, `fieldId`, `locale`, `keywords`) VALUES ('36', 'field', '25', 'en', ' whatever your needs i d love to hear about your goals and ideas and help you make your website a success ');
INSERT INTO `craft_searchindex` (`elementId`, `attribute`, `fieldId`, `locale`, `keywords`) VALUES ('36', 'field', '26', 'en', ' let s work together ');
INSERT INTO `craft_searchindex` (`elementId`, `attribute`, `fieldId`, `locale`, `keywords`) VALUES ('36', 'slug', '0', 'en', '');
INSERT INTO `craft_searchindex` (`elementId`, `attribute`, `fieldId`, `locale`, `keywords`) VALUES ('112', 'slug', '0', 'en', ' tt thumb ');
INSERT INTO `craft_searchindex` (`elementId`, `attribute`, `fieldId`, `locale`, `keywords`) VALUES ('112', 'title', '0', 'en', ' tt thumb ');
INSERT INTO `craft_searchindex` (`elementId`, `attribute`, `fieldId`, `locale`, `keywords`) VALUES ('113', 'filename', '0', 'en', ' sfc main_1 png ');
INSERT INTO `craft_searchindex` (`elementId`, `attribute`, `fieldId`, `locale`, `keywords`) VALUES ('37', 'field', '18', 'en', ' i d love to hear about your project and chat about how i could help ');
INSERT INTO `craft_searchindex` (`elementId`, `attribute`, `fieldId`, `locale`, `keywords`) VALUES ('37', 'slug', '0', 'en', '');
INSERT INTO `craft_searchindex` (`elementId`, `attribute`, `fieldId`, `locale`, `keywords`) VALUES ('38', 'field', '18', 'en', ' emailhello katrinkerber comphone01730 301 302 ');
INSERT INTO `craft_searchindex` (`elementId`, `attribute`, `fieldId`, `locale`, `keywords`) VALUES ('38', 'slug', '0', 'en', '');
INSERT INTO `craft_searchindex` (`elementId`, `attribute`, `fieldId`, `locale`, `keywords`) VALUES ('2', 'field', '27', 'en', '');
INSERT INTO `craft_searchindex` (`elementId`, `attribute`, `fieldId`, `locale`, `keywords`) VALUES ('39', 'slug', '0', 'en', '');
INSERT INTO `craft_searchindex` (`elementId`, `attribute`, `fieldId`, `locale`, `keywords`) VALUES ('39', 'field', '27', 'en', ' home what i do projects about notes contact ');
INSERT INTO `craft_searchindex` (`elementId`, `attribute`, `fieldId`, `locale`, `keywords`) VALUES ('40', 'field', '12', 'en', ' sfc main ');
INSERT INTO `craft_searchindex` (`elementId`, `attribute`, `fieldId`, `locale`, `keywords`) VALUES ('40', 'field', '13', 'en', ' when john from a b o asked me to help build the website for bournemouth and poole s sustainable food city partnership i jumped at the chance the project has a fantastic cause with local businesses community groups and public sector organisations working together to positively change the way people grow buy cook eat and dispose of food we ve now launched the holding page and are currently working on the main site ');
INSERT INTO `craft_searchindex` (`elementId`, `attribute`, `fieldId`, `locale`, `keywords`) VALUES ('40', 'field', '17', 'en', ' http www sustainablefoodcity org ');
INSERT INTO `craft_searchindex` (`elementId`, `attribute`, `fieldId`, `locale`, `keywords`) VALUES ('40', 'field', '5', 'en', ' a b o john burton amazing looks great works brilliantly exactly the reason i wanted to work with you on this project ');
INSERT INTO `craft_searchindex` (`elementId`, `attribute`, `fieldId`, `locale`, `keywords`) VALUES ('204', 'filename', '0', 'en', ' sfc main_1 png ');
INSERT INTO `craft_searchindex` (`elementId`, `attribute`, `fieldId`, `locale`, `keywords`) VALUES ('204', 'extension', '0', 'en', ' png ');
INSERT INTO `craft_searchindex` (`elementId`, `attribute`, `fieldId`, `locale`, `keywords`) VALUES ('204', 'kind', '0', 'en', ' image ');
INSERT INTO `craft_searchindex` (`elementId`, `attribute`, `fieldId`, `locale`, `keywords`) VALUES ('40', 'field', '14', 'en', '');
INSERT INTO `craft_searchindex` (`elementId`, `attribute`, `fieldId`, `locale`, `keywords`) VALUES ('40', 'slug', '0', 'en', ' sustainable food city ');
INSERT INTO `craft_searchindex` (`elementId`, `attribute`, `fieldId`, `locale`, `keywords`) VALUES ('40', 'title', '0', 'en', ' sustainable food city ');
INSERT INTO `craft_searchindex` (`elementId`, `attribute`, `fieldId`, `locale`, `keywords`) VALUES ('41', 'filename', '0', 'en', ' sfc thumb png ');
INSERT INTO `craft_searchindex` (`elementId`, `attribute`, `fieldId`, `locale`, `keywords`) VALUES ('41', 'extension', '0', 'en', ' png ');
INSERT INTO `craft_searchindex` (`elementId`, `attribute`, `fieldId`, `locale`, `keywords`) VALUES ('41', 'kind', '0', 'en', ' image ');
INSERT INTO `craft_searchindex` (`elementId`, `attribute`, `fieldId`, `locale`, `keywords`) VALUES ('41', 'slug', '0', 'en', ' sfc thumb ');
INSERT INTO `craft_searchindex` (`elementId`, `attribute`, `fieldId`, `locale`, `keywords`) VALUES ('41', 'title', '0', 'en', ' sfc thumb ');
INSERT INTO `craft_searchindex` (`elementId`, `attribute`, `fieldId`, `locale`, `keywords`) VALUES ('42', 'filename', '0', 'en', ' sfc detail png ');
INSERT INTO `craft_searchindex` (`elementId`, `attribute`, `fieldId`, `locale`, `keywords`) VALUES ('42', 'extension', '0', 'en', ' png ');
INSERT INTO `craft_searchindex` (`elementId`, `attribute`, `fieldId`, `locale`, `keywords`) VALUES ('42', 'kind', '0', 'en', ' image ');
INSERT INTO `craft_searchindex` (`elementId`, `attribute`, `fieldId`, `locale`, `keywords`) VALUES ('42', 'slug', '0', 'en', '');
INSERT INTO `craft_searchindex` (`elementId`, `attribute`, `fieldId`, `locale`, `keywords`) VALUES ('42', 'title', '0', 'en', ' sfc detail ');
INSERT INTO `craft_searchindex` (`elementId`, `attribute`, `fieldId`, `locale`, `keywords`) VALUES ('43', 'filename', '0', 'en', ' sfc thumb_1 png ');
INSERT INTO `craft_searchindex` (`elementId`, `attribute`, `fieldId`, `locale`, `keywords`) VALUES ('43', 'extension', '0', 'en', ' png ');
INSERT INTO `craft_searchindex` (`elementId`, `attribute`, `fieldId`, `locale`, `keywords`) VALUES ('43', 'kind', '0', 'en', ' image ');
INSERT INTO `craft_searchindex` (`elementId`, `attribute`, `fieldId`, `locale`, `keywords`) VALUES ('43', 'slug', '0', 'en', '');
INSERT INTO `craft_searchindex` (`elementId`, `attribute`, `fieldId`, `locale`, `keywords`) VALUES ('43', 'title', '0', 'en', ' sfc thumb 1 ');
INSERT INTO `craft_searchindex` (`elementId`, `attribute`, `fieldId`, `locale`, `keywords`) VALUES ('44', 'filename', '0', 'en', ' sfc main_1 png ');
INSERT INTO `craft_searchindex` (`elementId`, `attribute`, `fieldId`, `locale`, `keywords`) VALUES ('44', 'extension', '0', 'en', ' png ');
INSERT INTO `craft_searchindex` (`elementId`, `attribute`, `fieldId`, `locale`, `keywords`) VALUES ('44', 'kind', '0', 'en', ' image ');
INSERT INTO `craft_searchindex` (`elementId`, `attribute`, `fieldId`, `locale`, `keywords`) VALUES ('44', 'slug', '0', 'en', '');
INSERT INTO `craft_searchindex` (`elementId`, `attribute`, `fieldId`, `locale`, `keywords`) VALUES ('44', 'title', '0', 'en', ' sfc main 1 ');
INSERT INTO `craft_searchindex` (`elementId`, `attribute`, `fieldId`, `locale`, `keywords`) VALUES ('45', 'filename', '0', 'en', ' sfc main_1 png ');
INSERT INTO `craft_searchindex` (`elementId`, `attribute`, `fieldId`, `locale`, `keywords`) VALUES ('45', 'extension', '0', 'en', ' png ');
INSERT INTO `craft_searchindex` (`elementId`, `attribute`, `fieldId`, `locale`, `keywords`) VALUES ('45', 'kind', '0', 'en', ' image ');
INSERT INTO `craft_searchindex` (`elementId`, `attribute`, `fieldId`, `locale`, `keywords`) VALUES ('45', 'slug', '0', 'en', '');
INSERT INTO `craft_searchindex` (`elementId`, `attribute`, `fieldId`, `locale`, `keywords`) VALUES ('45', 'title', '0', 'en', ' sfc main 1 ');
INSERT INTO `craft_searchindex` (`elementId`, `attribute`, `fieldId`, `locale`, `keywords`) VALUES ('46', 'filename', '0', 'en', ' sfc main png ');
INSERT INTO `craft_searchindex` (`elementId`, `attribute`, `fieldId`, `locale`, `keywords`) VALUES ('46', 'extension', '0', 'en', ' png ');
INSERT INTO `craft_searchindex` (`elementId`, `attribute`, `fieldId`, `locale`, `keywords`) VALUES ('46', 'kind', '0', 'en', ' image ');
INSERT INTO `craft_searchindex` (`elementId`, `attribute`, `fieldId`, `locale`, `keywords`) VALUES ('46', 'slug', '0', 'en', ' sfc main 1 ');
INSERT INTO `craft_searchindex` (`elementId`, `attribute`, `fieldId`, `locale`, `keywords`) VALUES ('46', 'title', '0', 'en', ' sfc main ');
INSERT INTO `craft_searchindex` (`elementId`, `attribute`, `fieldId`, `locale`, `keywords`) VALUES ('49', 'field', '28', 'en', ' amazing looks great works brilliantly exactly the reason i wanted to work with you on this project ');
INSERT INTO `craft_searchindex` (`elementId`, `attribute`, `fieldId`, `locale`, `keywords`) VALUES ('47', 'field', '15', 'en', ' what i did ');
INSERT INTO `craft_searchindex` (`elementId`, `attribute`, `fieldId`, `locale`, `keywords`) VALUES ('47', 'field', '16', 'en', ' html css javascriptintegration and set up of mailchimp sign up process ');
INSERT INTO `craft_searchindex` (`elementId`, `attribute`, `fieldId`, `locale`, `keywords`) VALUES ('47', 'slug', '0', 'en', '');
INSERT INTO `craft_searchindex` (`elementId`, `attribute`, `fieldId`, `locale`, `keywords`) VALUES ('48', 'field', '15', 'en', ' project partner ');
INSERT INTO `craft_searchindex` (`elementId`, `attribute`, `fieldId`, `locale`, `keywords`) VALUES ('48', 'field', '16', 'en', ' a b o ');
INSERT INTO `craft_searchindex` (`elementId`, `attribute`, `fieldId`, `locale`, `keywords`) VALUES ('48', 'slug', '0', 'en', '');
INSERT INTO `craft_searchindex` (`elementId`, `attribute`, `fieldId`, `locale`, `keywords`) VALUES ('49', 'field', '29', 'en', ' john burton ');
INSERT INTO `craft_searchindex` (`elementId`, `attribute`, `fieldId`, `locale`, `keywords`) VALUES ('49', 'slug', '0', 'en', '');
INSERT INTO `craft_searchindex` (`elementId`, `attribute`, `fieldId`, `locale`, `keywords`) VALUES ('62', 'field', '35', 'en', ' https farm4 staticflickr com 3868 14524999285_385890d100_c jpg ');
INSERT INTO `craft_searchindex` (`elementId`, `attribute`, `fieldId`, `locale`, `keywords`) VALUES ('63', 'field', '18', 'en', ' it turned out to be another brilliant event jeremy keith is a fantastic host and the three 20 minute talks followed by a short panel discussion are the perfect set up all the talks where of stellar quality and my mind was positively buzzing at the end one notion that kept resonating the most with me throughout the day was how the challenge of building websites for uncountable devices and screen sizes is bringing us back to the most important basics focussing on clear accessible content and user needs ');
INSERT INTO `craft_searchindex` (`elementId`, `attribute`, `fieldId`, `locale`, `keywords`) VALUES ('63', 'slug', '0', 'en', '');
INSERT INTO `craft_searchindex` (`elementId`, `attribute`, `fieldId`, `locale`, `keywords`) VALUES ('64', 'filename', '0', 'en', ' core model example png ');
INSERT INTO `craft_searchindex` (`elementId`, `attribute`, `fieldId`, `locale`, `keywords`) VALUES ('64', 'extension', '0', 'en', ' png ');
INSERT INTO `craft_searchindex` (`elementId`, `attribute`, `fieldId`, `locale`, `keywords`) VALUES ('64', 'kind', '0', 'en', ' image ');
INSERT INTO `craft_searchindex` (`elementId`, `attribute`, `fieldId`, `locale`, `keywords`) VALUES ('64', 'slug', '0', 'en', ' core model example ');
INSERT INTO `craft_searchindex` (`elementId`, `attribute`, `fieldId`, `locale`, `keywords`) VALUES ('64', 'title', '0', 'en', ' core model example ');
INSERT INTO `craft_searchindex` (`elementId`, `attribute`, `fieldId`, `locale`, `keywords`) VALUES ('65', 'filename', '0', 'en', ' core model example_1 png ');
INSERT INTO `craft_searchindex` (`elementId`, `attribute`, `fieldId`, `locale`, `keywords`) VALUES ('65', 'extension', '0', 'en', ' png ');
INSERT INTO `craft_searchindex` (`elementId`, `attribute`, `fieldId`, `locale`, `keywords`) VALUES ('65', 'kind', '0', 'en', ' image ');
INSERT INTO `craft_searchindex` (`elementId`, `attribute`, `fieldId`, `locale`, `keywords`) VALUES ('65', 'slug', '0', 'en', '');
INSERT INTO `craft_searchindex` (`elementId`, `attribute`, `fieldId`, `locale`, `keywords`) VALUES ('65', 'title', '0', 'en', ' core model example 1 ');
INSERT INTO `craft_searchindex` (`elementId`, `attribute`, `fieldId`, `locale`, `keywords`) VALUES ('66', 'field', '19', 'en', ' the core model ');
INSERT INTO `craft_searchindex` (`elementId`, `attribute`, `fieldId`, `locale`, `keywords`) VALUES ('66', 'slug', '0', 'en', '');
INSERT INTO `craft_searchindex` (`elementId`, `attribute`, `fieldId`, `locale`, `keywords`) VALUES ('67', 'field', '18', 'en', ' ida aalen talked about the core model and showed how it was used for the build of the norwegian cancer society s website ');
INSERT INTO `craft_searchindex` (`elementId`, `attribute`, `fieldId`, `locale`, `keywords`) VALUES ('67', 'slug', '0', 'en', '');
INSERT INTO `craft_searchindex` (`elementId`, `attribute`, `fieldId`, `locale`, `keywords`) VALUES ('68', 'field', '21', 'en', '');
INSERT INTO `craft_searchindex` (`elementId`, `attribute`, `fieldId`, `locale`, `keywords`) VALUES ('68', 'field', '35', 'en', ' https farm4 staticflickr com 3868 14524999285_385890d100_c jpg ');
INSERT INTO `craft_searchindex` (`elementId`, `attribute`, `fieldId`, `locale`, `keywords`) VALUES ('68', 'field', '33', 'en', ' three of the speakers and jeremy keith sitting on stage during one of the panel discussions ');
INSERT INTO `craft_searchindex` (`elementId`, `attribute`, `fieldId`, `locale`, `keywords`) VALUES ('68', 'field', '24', 'en', ' photo marc thiele ');
INSERT INTO `craft_searchindex` (`elementId`, `attribute`, `fieldId`, `locale`, `keywords`) VALUES ('68', 'slug', '0', 'en', '');
INSERT INTO `craft_searchindex` (`elementId`, `attribute`, `fieldId`, `locale`, `keywords`) VALUES ('69', 'field', '21', 'en', ' core model example ');
INSERT INTO `craft_searchindex` (`elementId`, `attribute`, `fieldId`, `locale`, `keywords`) VALUES ('69', 'field', '35', 'en', '');
INSERT INTO `craft_searchindex` (`elementId`, `attribute`, `fieldId`, `locale`, `keywords`) VALUES ('69', 'field', '33', 'en', ' an example work sheet for the core model ');
INSERT INTO `craft_searchindex` (`elementId`, `attribute`, `fieldId`, `locale`, `keywords`) VALUES ('69', 'field', '24', 'en', '');
INSERT INTO `craft_searchindex` (`elementId`, `attribute`, `fieldId`, `locale`, `keywords`) VALUES ('69', 'slug', '0', 'en', '');
INSERT INTO `craft_searchindex` (`elementId`, `attribute`, `fieldId`, `locale`, `keywords`) VALUES ('70', 'field', '18', 'en', ' by establishing key user needs objectives and clear paths this model boils content down to its most important core not only does this help create a site that effectively fulfils user and business goals it also helps to get away from the misguided idea that the home page is the most important part of a site the majority of users don t visit a site to look at the home page many will never see it instead they are looking for and hopefully find that piece of core content that meets their needs i also love how this model adopts the mobile first mindset and asks to structure the established core content with a small screen in mind this focus and meticulous upfront planning also helps to prevent falling into the tetris trap when it comes to designing the layout of content for larger screens ');
INSERT INTO `craft_searchindex` (`elementId`, `attribute`, `fieldId`, `locale`, `keywords`) VALUES ('70', 'slug', '0', 'en', '');
INSERT INTO `craft_searchindex` (`elementId`, `attribute`, `fieldId`, `locale`, `keywords`) VALUES ('71', 'field', '19', 'en', ' death to competing content ');
INSERT INTO `craft_searchindex` (`elementId`, `attribute`, `fieldId`, `locale`, `keywords`) VALUES ('71', 'slug', '0', 'en', '');
INSERT INTO `craft_searchindex` (`elementId`, `attribute`, `fieldId`, `locale`, `keywords`) VALUES ('72', 'field', '18', 'en', ' oliver reichenstein s talk neatly picked up on that notion too he talked about the habit of filling screens with boxes of competing content which results in a muddled message and confusing content flow there are so many sites that make that one thing that they are built for consumption of content so incredibly frustrating news sites surround their articles with convoluted fluff animated images really and punching yourself in the face is less painful than looking for an answer on wikianswers so oliver s call to stop putting unrelated content next to each other and instead adopt a container model that follows a logical vertical structure struck so many chords with me my mind kept loudly shouting yes this please everyone listen to this man we were urged to move away from how do i fill in this box to how do i provide and present the best quality content ');
INSERT INTO `craft_searchindex` (`elementId`, `attribute`, `fieldId`, `locale`, `keywords`) VALUES ('72', 'slug', '0', 'en', '');
INSERT INTO `craft_searchindex` (`elementId`, `attribute`, `fieldId`, `locale`, `keywords`) VALUES ('73', 'field', '19', 'en', ' let s make this happen ');
INSERT INTO `craft_searchindex` (`elementId`, `attribute`, `fieldId`, `locale`, `keywords`) VALUES ('73', 'slug', '0', 'en', '');
INSERT INTO `craft_searchindex` (`elementId`, `attribute`, `fieldId`, `locale`, `keywords`) VALUES ('74', 'field', '18', 'en', ' next to my excited agreement i kept having creeping doubts about how to keep pushing this positive change forward i frequently observe a herd like mentality when it comes to applying solutions trying to convince designers or clients that a slideshow isn t an effective content presentation model is often still very hard work and don t get me started on that three line menu icon the but everyone else is doing it notion is often hard to counter unless you have statistics and use cases that prove other ways are better because of these challenges i hugely admire the work of people like ida and oliver who get their clients to jump on board and help to forge a better path just look at the new guardian site it s a beauty ');
INSERT INTO `craft_searchindex` (`elementId`, `attribute`, `fieldId`, `locale`, `keywords`) VALUES ('74', 'slug', '0', 'en', '');
INSERT INTO `craft_searchindex` (`elementId`, `attribute`, `fieldId`, `locale`, `keywords`) VALUES ('75', 'field', '19', 'en', ' the talks and resources ');
INSERT INTO `craft_searchindex` (`elementId`, `attribute`, `fieldId`, `locale`, `keywords`) VALUES ('75', 'slug', '0', 'en', '');
INSERT INTO `craft_searchindex` (`elementId`, `attribute`, `fieldId`, `locale`, `keywords`) VALUES ('76', 'field', '18', 'en', ' i ve only highlighted two speakers but all ten of them were absolutely amazing and their talks were choc a bloc with great information so i urge you to grab a mug of your favourite beverage get comfy and listen to them all together with the slides and resources stephen hay sculpting text sally jenkinson more than media queries ida aalen the core model and her amazing detailed notes from the conferencerachel andrew css grid layout dan donald designing evolution elements inayaili de leon persson realistic responsive design oliver reichenstein didn t have any slides but marc thiele took some amazing photos which come close to encapsulating the atmosphere and energy of this talkkirsty burgoine question of deliverables and other such stuff stephanie rieger the future of media queries ethan marcotte s slides aren t available yet but there some more of marc s photos of the talk ');
INSERT INTO `craft_searchindex` (`elementId`, `attribute`, `fieldId`, `locale`, `keywords`) VALUES ('76', 'slug', '0', 'en', '');
INSERT INTO `craft_searchindex` (`elementId`, `attribute`, `fieldId`, `locale`, `keywords`) VALUES ('77', 'field', '4', 'en', ' i think that a bottom fixed menu is one of the cleanest and most user friendly mobile navigation solutions out there this is my approach to using it on devices that can handle it ');
INSERT INTO `craft_searchindex` (`elementId`, `attribute`, `fieldId`, `locale`, `keywords`) VALUES ('77', 'field', '2', 'en', ' i made my first baby steps into building fully responsive sites last year when i was re doing this site before i started i was mulling over the options of making the navigation as accessible and usable as possible for mobile users it was the time when the technique of hiding the menu behind a line icon became more and more the go to solution but something irked me about this it just didn t feel quite right it was as if we were assuming that users knew what the icon meant and what it does debating the effectiveness usability and when this technique is a good or the best approach is a different story for another day all i knew was that i wanted to take a leaf out of the book of native apps and use a solution that they were using very effectively screenshot of the twitter app on a mobile twitter app a bottom fixed menu box of chocolates i felt that this was one of the cleanest and most user friendly mobile navigation solutions out there i couldn t understand why it wasn t being shouted from the roof tops that was until i dove into the subject and discovered that support for position fixed is atrocious across mobiles never in my wildest dreams did i imagine that such a basic css feature would not be fully supported the web is like a box of chocolates but before i could cry into my pillow for too long i saw that support picked up and it was working well in newer os so following the progressive enhancement approach i was determined to implement the bottom fixed menu for systems that could handle it older ones would get the default inline navigation in the header detecting the os since position fixed works well in ios 5 and android 3 i use this snippet of javascript below my modernizr script which is called in the head var ua = navigator useragent ios 5 if iphone ipod i test ua if os 2 4 _ d _ d like mac os x i test ua ios 2 4 else if cpu like mac os x i test ua ios 1 else document getelementsbytagname html 0 classname = positionfixed android 3 if ua indexof android = 0 var androidversion = parsefloat ua slice ua indexof android 8 if androidversion = 3 document getelementsbytagname html 0 classname = positionfixed language javascript user agent string sniffing isn t a great idea most of the time and it usually doesn t sit right with me but for this i am willing to make an exception this script looks into the past and determines if an old ios or android version is in use if it is not we currently know that the feature is supported of course there is always the chance that ios or android suddenly drop support again in the future then i shall curse raise my fists and cross that bridge when it comes to it a little bit of css based on the above i use this bit of css to fix the menu to the bottom of the screen on devices which have a width of less than 36em media only screen and max device width 36em positionfixed nav position fixed bottom 0 z index 999 language css the result screenshot of the bottom fixed menu i used to use on my site bottom fixed menu this approach is not perfect but nothing hardly ever is around these web parts for now i am happy using this to give that little bit of extra to users whose devices can handle it ');
INSERT INTO `craft_searchindex` (`elementId`, `attribute`, `fieldId`, `locale`, `keywords`) VALUES ('77', 'field', '3', 'en', '');
INSERT INTO `craft_searchindex` (`elementId`, `attribute`, `fieldId`, `locale`, `keywords`) VALUES ('77', 'slug', '0', 'en', ' a bottom fixed menu for mobiles ');
INSERT INTO `craft_searchindex` (`elementId`, `attribute`, `fieldId`, `locale`, `keywords`) VALUES ('77', 'title', '0', 'en', ' a bottom fixed menu for mobiles ');
INSERT INTO `craft_searchindex` (`elementId`, `attribute`, `fieldId`, `locale`, `keywords`) VALUES ('78', 'filename', '0', 'en', ' twitter app png ');
INSERT INTO `craft_searchindex` (`elementId`, `attribute`, `fieldId`, `locale`, `keywords`) VALUES ('78', 'extension', '0', 'en', ' png ');
INSERT INTO `craft_searchindex` (`elementId`, `attribute`, `fieldId`, `locale`, `keywords`) VALUES ('78', 'kind', '0', 'en', ' image ');
INSERT INTO `craft_searchindex` (`elementId`, `attribute`, `fieldId`, `locale`, `keywords`) VALUES ('78', 'slug', '0', 'en', ' twitter app ');
INSERT INTO `craft_searchindex` (`elementId`, `attribute`, `fieldId`, `locale`, `keywords`) VALUES ('78', 'title', '0', 'en', ' twitter app ');
INSERT INTO `craft_searchindex` (`elementId`, `attribute`, `fieldId`, `locale`, `keywords`) VALUES ('79', 'field', '18', 'en', ' i made my first baby steps into building fully responsive sites last year when i was re doing this site before i started i was mulling over the options of making the navigation as accessible and usable as possible for mobile users it was the time when the technique of hiding the menu behind a line icon became more and more the go to solution but something irked me about this it just didn t feel quite right it was as if we were assuming that users knew what the icon meant and what it does debating the effectiveness usability and when this technique is a good or the best approach is a different story for another day all i knew was that i wanted to take a leaf out of the book of native apps and use a solution that they were using very effectively ');
INSERT INTO `craft_searchindex` (`elementId`, `attribute`, `fieldId`, `locale`, `keywords`) VALUES ('79', 'slug', '0', 'en', '');
INSERT INTO `craft_searchindex` (`elementId`, `attribute`, `fieldId`, `locale`, `keywords`) VALUES ('80', 'field', '21', 'en', ' twitter app ');
INSERT INTO `craft_searchindex` (`elementId`, `attribute`, `fieldId`, `locale`, `keywords`) VALUES ('80', 'field', '35', 'en', '');
INSERT INTO `craft_searchindex` (`elementId`, `attribute`, `fieldId`, `locale`, `keywords`) VALUES ('80', 'field', '33', 'en', ' screenshot of the twitter app on a mobile ');
INSERT INTO `craft_searchindex` (`elementId`, `attribute`, `fieldId`, `locale`, `keywords`) VALUES ('80', 'field', '24', 'en', ' a bottom fixed menu ');
INSERT INTO `craft_searchindex` (`elementId`, `attribute`, `fieldId`, `locale`, `keywords`) VALUES ('80', 'slug', '0', 'en', '');
INSERT INTO `craft_searchindex` (`elementId`, `attribute`, `fieldId`, `locale`, `keywords`) VALUES ('81', 'field', '19', 'en', ' box of chocolates ');
INSERT INTO `craft_searchindex` (`elementId`, `attribute`, `fieldId`, `locale`, `keywords`) VALUES ('81', 'slug', '0', 'en', '');
INSERT INTO `craft_searchindex` (`elementId`, `attribute`, `fieldId`, `locale`, `keywords`) VALUES ('82', 'field', '18', 'en', ' i felt that this was one of the cleanest and most user friendly mobile navigation solutions out there i couldn t understand why it wasn t being shouted from the roof tops that was until i dove into the subject and discovered that support for position fixed is atrocious across mobiles never in my wildest dreams did i imagine that such a basic css feature would not be fully supported the web is like a box of chocolates but before i could cry into my pillow for too long i saw that support picked up and it was working well in newer os so following the progressive enhancement approach i was determined to implement the bottom fixed menu for systems that could handle it older ones would get the default inline navigation in the header ');
INSERT INTO `craft_searchindex` (`elementId`, `attribute`, `fieldId`, `locale`, `keywords`) VALUES ('82', 'slug', '0', 'en', '');
INSERT INTO `craft_searchindex` (`elementId`, `attribute`, `fieldId`, `locale`, `keywords`) VALUES ('83', 'field', '19', 'en', ' detecting the os ');
INSERT INTO `craft_searchindex` (`elementId`, `attribute`, `fieldId`, `locale`, `keywords`) VALUES ('83', 'slug', '0', 'en', '');
INSERT INTO `craft_searchindex` (`elementId`, `attribute`, `fieldId`, `locale`, `keywords`) VALUES ('84', 'field', '18', 'en', ' since position fixed works well in ios 5 and android 3 i use this snippet of javascript below my modernizr script which is called in the head ');
INSERT INTO `craft_searchindex` (`elementId`, `attribute`, `fieldId`, `locale`, `keywords`) VALUES ('84', 'slug', '0', 'en', '');
INSERT INTO `craft_searchindex` (`elementId`, `attribute`, `fieldId`, `locale`, `keywords`) VALUES ('85', 'filename', '0', 'en', ' bottom fixed menu png ');
INSERT INTO `craft_searchindex` (`elementId`, `attribute`, `fieldId`, `locale`, `keywords`) VALUES ('85', 'extension', '0', 'en', ' png ');
INSERT INTO `craft_searchindex` (`elementId`, `attribute`, `fieldId`, `locale`, `keywords`) VALUES ('85', 'kind', '0', 'en', ' image ');
INSERT INTO `craft_searchindex` (`elementId`, `attribute`, `fieldId`, `locale`, `keywords`) VALUES ('85', 'slug', '0', 'en', ' bottom fixed menu ');
INSERT INTO `craft_searchindex` (`elementId`, `attribute`, `fieldId`, `locale`, `keywords`) VALUES ('85', 'title', '0', 'en', ' bottom fixed menu ');
INSERT INTO `craft_searchindex` (`elementId`, `attribute`, `fieldId`, `locale`, `keywords`) VALUES ('86', 'field', '23', 'en', ' var ua = navigator useragent ios 5 if iphone ipod i test ua if os 2 4 _ d _ d like mac os x i test ua ios 2 4 else if cpu like mac os x i test ua ios 1 else document getelementsbytagname html 0 classname = positionfixed android 3 if ua indexof android = 0 var androidversion = parsefloat ua slice ua indexof android 8 if androidversion = 3 document getelementsbytagname html 0 classname = positionfixed ');
INSERT INTO `craft_searchindex` (`elementId`, `attribute`, `fieldId`, `locale`, `keywords`) VALUES ('86', 'field', '34', 'en', ' language javascript ');
INSERT INTO `craft_searchindex` (`elementId`, `attribute`, `fieldId`, `locale`, `keywords`) VALUES ('86', 'slug', '0', 'en', '');
INSERT INTO `craft_searchindex` (`elementId`, `attribute`, `fieldId`, `locale`, `keywords`) VALUES ('87', 'field', '18', 'en', ' user agent string sniffing isn t a great idea most of the time and it usually doesn t sit right with me but for this i am willing to make an exception this script looks into the past and determines if an old ios or android version is in use if it is not we currently know that the feature is supported of course there is always the chance that ios or android suddenly drop support again in the future then i shall curse raise my fists and cross that bridge when it comes to it ');
INSERT INTO `craft_searchindex` (`elementId`, `attribute`, `fieldId`, `locale`, `keywords`) VALUES ('87', 'slug', '0', 'en', '');
INSERT INTO `craft_searchindex` (`elementId`, `attribute`, `fieldId`, `locale`, `keywords`) VALUES ('88', 'field', '19', 'en', ' a little bit of css ');
INSERT INTO `craft_searchindex` (`elementId`, `attribute`, `fieldId`, `locale`, `keywords`) VALUES ('88', 'slug', '0', 'en', '');
INSERT INTO `craft_searchindex` (`elementId`, `attribute`, `fieldId`, `locale`, `keywords`) VALUES ('89', 'field', '18', 'en', ' based on the above i use this bit of css to fix the menu to the bottom of the screen on devices which have a width of less than 36em ');
INSERT INTO `craft_searchindex` (`elementId`, `attribute`, `fieldId`, `locale`, `keywords`) VALUES ('89', 'slug', '0', 'en', '');
INSERT INTO `craft_searchindex` (`elementId`, `attribute`, `fieldId`, `locale`, `keywords`) VALUES ('90', 'field', '23', 'en', ' media only screen and max device width 36em positionfixed nav position fixed bottom 0 z index 999 ');
INSERT INTO `craft_searchindex` (`elementId`, `attribute`, `fieldId`, `locale`, `keywords`) VALUES ('90', 'field', '34', 'en', ' language css ');
INSERT INTO `craft_searchindex` (`elementId`, `attribute`, `fieldId`, `locale`, `keywords`) VALUES ('90', 'slug', '0', 'en', '');
INSERT INTO `craft_searchindex` (`elementId`, `attribute`, `fieldId`, `locale`, `keywords`) VALUES ('91', 'field', '19', 'en', ' the result ');
INSERT INTO `craft_searchindex` (`elementId`, `attribute`, `fieldId`, `locale`, `keywords`) VALUES ('91', 'slug', '0', 'en', '');
INSERT INTO `craft_searchindex` (`elementId`, `attribute`, `fieldId`, `locale`, `keywords`) VALUES ('92', 'field', '21', 'en', ' bottom fixed menu ');
INSERT INTO `craft_searchindex` (`elementId`, `attribute`, `fieldId`, `locale`, `keywords`) VALUES ('92', 'field', '35', 'en', '');
INSERT INTO `craft_searchindex` (`elementId`, `attribute`, `fieldId`, `locale`, `keywords`) VALUES ('92', 'field', '33', 'en', ' screenshot of the bottom fixed menu i used to use on my site ');
INSERT INTO `craft_searchindex` (`elementId`, `attribute`, `fieldId`, `locale`, `keywords`) VALUES ('92', 'field', '24', 'en', '');
INSERT INTO `craft_searchindex` (`elementId`, `attribute`, `fieldId`, `locale`, `keywords`) VALUES ('92', 'slug', '0', 'en', '');
INSERT INTO `craft_searchindex` (`elementId`, `attribute`, `fieldId`, `locale`, `keywords`) VALUES ('93', 'field', '18', 'en', ' this approach is not perfect but nothing hardly ever is around these web parts for now i am happy using this to give that little bit of extra to users whose devices can handle it ');
INSERT INTO `craft_searchindex` (`elementId`, `attribute`, `fieldId`, `locale`, `keywords`) VALUES ('93', 'slug', '0', 'en', '');
INSERT INTO `craft_searchindex` (`elementId`, `attribute`, `fieldId`, `locale`, `keywords`) VALUES ('94', 'field', '19', 'en', ' detecting the os ');
INSERT INTO `craft_searchindex` (`elementId`, `attribute`, `fieldId`, `locale`, `keywords`) VALUES ('94', 'slug', '0', 'en', '');
INSERT INTO `craft_searchindex` (`elementId`, `attribute`, `fieldId`, `locale`, `keywords`) VALUES ('95', 'field', '4', 'en', ' web developers ought to be proud of the work that they have mulled over planned thoughtfully put together and which required their skills and expertise to create ');
INSERT INTO `craft_searchindex` (`elementId`, `attribute`, `fieldId`, `locale`, `keywords`) VALUES ('95', 'field', '2', 'en', ' i recently saw a twitter conversation in which a skilled and well regarded developer mentioned that one of his pet hates is when others refer to their code as being hand crafted it s just code he said that made me sad web developers ought to be proud of the work that they have mulled over planned thoughtfully put together and which required their skills and expertise to create if crafting is dictionary com to make or manufacture an object objects product etc with skill and careful attention to detail then coding is a craft granted learning to build websites is easy anyone can pick up the html and css it takes to code a simple site quickly but building complex websites that hold their ground and that work no matter which environment they find themselves in takes a lot of practice and experience you need to know which tools are right for the job and understand the nature and varying outcomes of different parts of your code it is a bit like painting anyone can take a brush paint and a piece of paper to paint a picture but it takes skills practice and experience to understand which brushes and strokes to use for which effects how to apply and combine colours and which type of canvas or paper is suited best i think this notion of code is just code reflects a couple of other detrimental attitudes and views within the web industry firstly it worries me to see so many people not always experienced developers using complex sets of code as the construction base for their site i understand the need for a code base and have written about why i think all developers should have one but whenever i look at sites which have been built with big frameworks or themes i find that they are convoluted loaded with unnecessary code and difficult to update this not fitting quite right also spills over to the user experience with slow loading times sluggish behaviours and design oddities secondly the attitude of code is just code reflects badly on how our work as developers is valued with so many free frameworks cheap themes and site generators out there why would anybody pay a premium for our work everyone could just head over to 1 1 and get a site for a quid or download a theme from themeforest after all if it s just code how can we justify that our service of creating custom well built sites costs at least 1000 times that any developer who has spent years learning refining and optimising her his coding skills and who can keep up with the fast paced ever changing and often unpredictable nature of the website world has every right to stand up and say i hand crafted this website i ve built it from the ground up using the best tools and techniques that experience and knowledge have taught me i am proud of the code i have written and the website it has given life to ');
INSERT INTO `craft_searchindex` (`elementId`, `attribute`, `fieldId`, `locale`, `keywords`) VALUES ('95', 'field', '3', 'en', '');
INSERT INTO `craft_searchindex` (`elementId`, `attribute`, `fieldId`, `locale`, `keywords`) VALUES ('95', 'slug', '0', 'en', ' coding is a craft ');
INSERT INTO `craft_searchindex` (`elementId`, `attribute`, `fieldId`, `locale`, `keywords`) VALUES ('95', 'title', '0', 'en', ' coding is a craft ');
INSERT INTO `craft_searchindex` (`elementId`, `attribute`, `fieldId`, `locale`, `keywords`) VALUES ('96', 'field', '18', 'en', ' i recently saw a twitter conversation in which a skilled and well regarded developer mentioned that one of his pet hates is when others refer to their code as being hand crafted it s just code he said that made me sad web developers ought to be proud of the work that they have mulled over planned thoughtfully put together and which required their skills and expertise to create if crafting is ');
INSERT INTO `craft_searchindex` (`elementId`, `attribute`, `fieldId`, `locale`, `keywords`) VALUES ('199', 'field', '36', 'en', ' to make or manufacture an object objects product etc with skill and careful attention to detail ');
INSERT INTO `craft_searchindex` (`elementId`, `attribute`, `fieldId`, `locale`, `keywords`) VALUES ('199', 'field', '37', 'en', ' dictionary com ');
INSERT INTO `craft_searchindex` (`elementId`, `attribute`, `fieldId`, `locale`, `keywords`) VALUES ('199', 'slug', '0', 'en', '');
INSERT INTO `craft_searchindex` (`elementId`, `attribute`, `fieldId`, `locale`, `keywords`) VALUES ('200', 'field', '18', 'en', ' then coding is a craft granted learning to build websites is easy anyone can pick up the html and css it takes to code a simple site quickly but building complex websites that hold their ground and that work no matter which environment they find themselves in takes a lot of practice and experience you need to know which tools are right for the job and understand the nature and varying outcomes of different parts of your code it is a bit like painting anyone can take a brush paint and a piece of paper to paint a picture but it takes skills practice and experience to understand which brushes and strokes to use for which effects how to apply and combine colours and which type of canvas or paper is suited best i think this notion of code is just code reflects a couple of other detrimental attitudes and views within the web industry firstly it worries me to see so many people not always experienced developers using complex sets of code as the construction base for their site i understand the need for a code base and have written about why i think all developers should have one but whenever i look at sites which have been built with big frameworks or themes i find that they are convoluted loaded with unnecessary code and difficult to update this not fitting quite right also spills over to the user experience with slow loading times sluggish behaviours and design oddities secondly the attitude of code is just code reflects badly on how our work as developers is valued with so many free frameworks cheap themes and site generators out there why would anybody pay a premium for our work everyone could just head over to 1 1 and get a site for a quid or download a theme from themeforest after all if it s just code how can we justify that our service of creating custom well built sites costs at least 1000 times that any developer who has spent years learning refining and optimising her his coding skills and who can keep up with the fast paced ever changing and often unpredictable nature of the website world has every right to stand up and say ');
INSERT INTO `craft_searchindex` (`elementId`, `attribute`, `fieldId`, `locale`, `keywords`) VALUES ('200', 'slug', '0', 'en', '');
INSERT INTO `craft_searchindex` (`elementId`, `attribute`, `fieldId`, `locale`, `keywords`) VALUES ('96', 'slug', '0', 'en', '');
INSERT INTO `craft_searchindex` (`elementId`, `attribute`, `fieldId`, `locale`, `keywords`) VALUES ('97', 'field', '4', 'en', ' a little love note for the humble single file single line way of writing css ');
INSERT INTO `craft_searchindex` (`elementId`, `attribute`, `fieldId`, `locale`, `keywords`) VALUES ('97', 'field', '2', 'en', ' oh forgive me css lords for i have tried whilst working on a couple of pretty big sites easons and unbiased thanks team tangent i acquainted myself with writing css the less way i set up global variables magical mixins nested and intended selectors wrote every declaration on a new line and broke styles down into seperate files i worked closely with other developers and it went well writing css is my favourite part of developing sites but something didn t seem right i couldn t put my finger on it then recently i was asked to make some updates to a site i had built a while ago i opened the stylesheet and the moment i looked at it my heart skipped a beat all the declarations were together in one file nicely ordered into sections but most importantly selector names were repeated on single lines and with minimal indentation within an instant i knew exactly what i was looking at what i needed to do and where to make the amends this was how i used to write css and i didn t realise how much i missed it until then by that time i had already started to code this site but i went into an overhaul frenzy and immediately merged my stylesheets and separated nested selectors as i progressed the build i found my way of making the best of what sass has to offer i moved on from less i love variables and mixins and i like to keep major chunks of fixed component declarations in seperate files keeping the main stylesheet easily scannable i do of course understand the need to code css in such a way that it is easy for fellow developers to work with particularly on big sites but my heart will always go out to the humble single file single line stylesheet screenshot of a css file written in single lines single line css those were the days update i wrote this note in 2012 things have changed writing css the single file single line way just isn t feasible with complex responsive component based version controlled builds i have moved on i am now a mutli file mutil line css girl ');
INSERT INTO `craft_searchindex` (`elementId`, `attribute`, `fieldId`, `locale`, `keywords`) VALUES ('97', 'field', '3', 'en', '');
INSERT INTO `craft_searchindex` (`elementId`, `attribute`, `fieldId`, `locale`, `keywords`) VALUES ('97', 'slug', '0', 'en', ' i aint no multi line girl ');
INSERT INTO `craft_searchindex` (`elementId`, `attribute`, `fieldId`, `locale`, `keywords`) VALUES ('97', 'title', '0', 'en', ' i ain t no multi line girl ');
INSERT INTO `craft_searchindex` (`elementId`, `attribute`, `fieldId`, `locale`, `keywords`) VALUES ('98', 'filename', '0', 'en', ' single line css png ');
INSERT INTO `craft_searchindex` (`elementId`, `attribute`, `fieldId`, `locale`, `keywords`) VALUES ('98', 'extension', '0', 'en', ' png ');
INSERT INTO `craft_searchindex` (`elementId`, `attribute`, `fieldId`, `locale`, `keywords`) VALUES ('98', 'kind', '0', 'en', ' image ');
INSERT INTO `craft_searchindex` (`elementId`, `attribute`, `fieldId`, `locale`, `keywords`) VALUES ('98', 'slug', '0', 'en', ' single line css ');
INSERT INTO `craft_searchindex` (`elementId`, `attribute`, `fieldId`, `locale`, `keywords`) VALUES ('98', 'title', '0', 'en', ' single line css ');
INSERT INTO `craft_searchindex` (`elementId`, `attribute`, `fieldId`, `locale`, `keywords`) VALUES ('99', 'field', '19', 'en', ' update ');
INSERT INTO `craft_searchindex` (`elementId`, `attribute`, `fieldId`, `locale`, `keywords`) VALUES ('99', 'slug', '0', 'en', '');
INSERT INTO `craft_searchindex` (`elementId`, `attribute`, `fieldId`, `locale`, `keywords`) VALUES ('100', 'field', '18', 'en', ' i wrote this note in 2012 things have changed writing css the single file single line way just isn t feasible with complex responsive component based version controlled builds i have moved on i am now a mutli file mutil line css girl ');
INSERT INTO `craft_searchindex` (`elementId`, `attribute`, `fieldId`, `locale`, `keywords`) VALUES ('100', 'slug', '0', 'en', '');
INSERT INTO `craft_searchindex` (`elementId`, `attribute`, `fieldId`, `locale`, `keywords`) VALUES ('101', 'field', '18', 'en', ' oh forgive me css lords for i have tried whilst working on a couple of pretty big sites easons and unbiased thanks team tangent i acquainted myself with writing css the less way i set up global variables magical mixins nested and intended selectors wrote every declaration on a new line and broke styles down into seperate files i worked closely with other developers and it went well writing css is my favourite part of developing sites but something didn t seem right i couldn t put my finger on it then recently i was asked to make some updates to a site i had built a while ago i opened the stylesheet and the moment i looked at it my heart skipped a beat all the declarations were together in one file nicely ordered into sections but most importantly selector names were repeated on single lines and with minimal indentation within an instant i knew exactly what i was looking at what i needed to do and where to make the amends this was how i used to write css and i didn t realise how much i missed it until then by that time i had already started to code this site but i went into an overhaul frenzy and immediately merged my stylesheets and separated nested selectors as i progressed the build i found my way of making the best of what sass has to offer i moved on from less i love variables and mixins and i like to keep major chunks of fixed component declarations in seperate files keeping the main stylesheet easily scannable i do of course understand the need to code css in such a way that it is easy for fellow developers to work with particularly on big sites but my heart will always go out to the humble single file single line stylesheet ');
INSERT INTO `craft_searchindex` (`elementId`, `attribute`, `fieldId`, `locale`, `keywords`) VALUES ('101', 'slug', '0', 'en', '');
INSERT INTO `craft_searchindex` (`elementId`, `attribute`, `fieldId`, `locale`, `keywords`) VALUES ('102', 'field', '21', 'en', ' single line css ');
INSERT INTO `craft_searchindex` (`elementId`, `attribute`, `fieldId`, `locale`, `keywords`) VALUES ('102', 'field', '35', 'en', '');
INSERT INTO `craft_searchindex` (`elementId`, `attribute`, `fieldId`, `locale`, `keywords`) VALUES ('102', 'field', '33', 'en', ' screenshot of a css file written in single lines ');
INSERT INTO `craft_searchindex` (`elementId`, `attribute`, `fieldId`, `locale`, `keywords`) VALUES ('102', 'field', '24', 'en', ' those were the days ');
INSERT INTO `craft_searchindex` (`elementId`, `attribute`, `fieldId`, `locale`, `keywords`) VALUES ('102', 'slug', '0', 'en', '');
INSERT INTO `craft_searchindex` (`elementId`, `attribute`, `fieldId`, `locale`, `keywords`) VALUES ('103', 'field', '18', 'en', ' those where the days ');
INSERT INTO `craft_searchindex` (`elementId`, `attribute`, `fieldId`, `locale`, `keywords`) VALUES ('103', 'slug', '0', 'en', '');
INSERT INTO `craft_searchindex` (`elementId`, `attribute`, `fieldId`, `locale`, `keywords`) VALUES ('104', 'field', '4', 'en', ' there are countless front end frameworks or boilerplates available and with so many fantastic freely obtainable code bases surely a front end developer s life when setting up and coding a site is made much easier download unzip and ta da you ve got your site s base right no not for me ');
INSERT INTO `craft_searchindex` (`elementId`, `attribute`, `fieldId`, `locale`, `keywords`) VALUES ('104', 'field', '2', 'en', ' there are countless front end frameworks and boilerplates available h5bp bootstrap foundation skeleton 320 and up i could go on with so many fantastic freely obtainable code bases surely a front end developer s life when setting up a site is made much easier download unzip and ta da you ve got a site up and running in no time just add water customise and you are good to go right erm no not for me your own code just fits having worked closely with other developers and looking at different frameworks it is clear that we have our own ways of coding sites luckily there are standards and best practices that help us stay in line and work with each other but we all have our preferences and quirks it s like driving a car the pedals are for speeding up and slowing down the steering wheel for changing direction and the lights to illuminate the way it s the same for every car but everybody has an individual driving style yet if you adhere to the rules of the road arrive at your destination and haven t harmed any fellow road users en route your way of driving is the right way so if you have a usable accessible site which is built on well structured well commented and valid code then you are coding the right way and it is because of these individual coding styles that we will always feel most comfortable with our own code if you have worked with other developers you will probably know that your way of coding gels with some developers and with others it can feel like a struggle you can understand another person s code and work with it but it will never sit quite right for me it s the same with frameworks and i agree with stephanie hobson frameworks feel like putting on someone else s wet clothes baggy and clingy in all the wrong places and i can t get it to hang straight know the purpose of every piece of code i do not mean to say that we should ignore frameworks and spend days trying to solve a problem if a great solution has already been found the very opposite i find great inspiration in looking at updates and techniques particularly in h5bp and bootstrap but i can t bring myself to just slap it on and be on my merry coding way i need to be able to understand the existence and purpose of every piece of code why exactly it is where it is and what it is needed for my own thought processes need to be connected to every line to make it truly my own rachel andrews puts this perfectly stop solving problems you don t yet have i am concerned that these frameworks are being promoted as something everyone should include from the outset rather than being a toolkit you draw on to deal with problems once they have arisen make sure every bit of code added to your project is there for a reason you can explain not just because it is part of some standard toolkit or boilerplate i think that the best prerequisite to knowing your site inside and out is to build it around your own base i show you mine after all of this it is needless to say that i have my own base files they are not as drastically simple as rachel s but they provide a good sturdy shell for a new site to move into resets remove ugly default browser styles little css helpers cure every day woes and some basic typography declarations ensure that my plain html prototypes don t look like love children from the 1990s i constantly update this base based on new experiences and know it so well that i can quickly edit or remove parts according to a site s needs if i come across great techniques and solutions for specific scenarios i keep them separate and easily accessible i feel most comfortable that way and i believe this makes me a better coder too so go forth be free and roll to your own base your sites skills and fellow developers will thank you for it ');
INSERT INTO `craft_searchindex` (`elementId`, `attribute`, `fieldId`, `locale`, `keywords`) VALUES ('104', 'field', '3', 'en', '');
INSERT INTO `craft_searchindex` (`elementId`, `attribute`, `fieldId`, `locale`, `keywords`) VALUES ('104', 'slug', '0', 'en', ' roll to your own base ');
INSERT INTO `craft_searchindex` (`elementId`, `attribute`, `fieldId`, `locale`, `keywords`) VALUES ('104', 'title', '0', 'en', ' roll to your own base ');
INSERT INTO `craft_searchindex` (`elementId`, `attribute`, `fieldId`, `locale`, `keywords`) VALUES ('105', 'field', '18', 'en', ' there are countless front end frameworks and boilerplates available h5bp bootstrap foundation skeleton 320 and up i could go on with so many fantastic freely obtainable code bases surely a front end developer s life when setting up a site is made much easier download unzip and ta da you ve got a site up and running in no time just add water customise and you are good to go right erm no not for me ');
INSERT INTO `craft_searchindex` (`elementId`, `attribute`, `fieldId`, `locale`, `keywords`) VALUES ('105', 'slug', '0', 'en', '');
INSERT INTO `craft_searchindex` (`elementId`, `attribute`, `fieldId`, `locale`, `keywords`) VALUES ('106', 'field', '19', 'en', ' your own code just fits ');
INSERT INTO `craft_searchindex` (`elementId`, `attribute`, `fieldId`, `locale`, `keywords`) VALUES ('106', 'slug', '0', 'en', '');
INSERT INTO `craft_searchindex` (`elementId`, `attribute`, `fieldId`, `locale`, `keywords`) VALUES ('107', 'field', '18', 'en', ' having worked closely with other developers and looking at different frameworks it is clear that we have our own ways of coding sites luckily there are standards and best practices that help us stay in line and work with each other but we all have our preferences and quirks it s like driving a car the pedals are for speeding up and slowing down the steering wheel for changing direction and the lights to illuminate the way it s the same for every car but everybody has an individual driving style yet if you adhere to the rules of the road arrive at your destination and haven t harmed any fellow road users en route your way of driving is the right way so if you have a usable accessible site which is built on well structured well commented and valid code then you are coding the right way and it is because of these individual coding styles that we will always feel most comfortable with our own code if you have worked with other developers you will probably know that your way of coding gels with some developers and with others it can feel like a struggle you can understand another person s code and work with it but it will never sit quite right for me it s the same with frameworks and i agree with stephanie hobson ');
INSERT INTO `craft_searchindex` (`elementId`, `attribute`, `fieldId`, `locale`, `keywords`) VALUES ('182', 'field', '36', 'en', ' frameworks feel like putting on someone else s wet clothes baggy and clingy in all the wrong places and i can t get it to hang straight ');
INSERT INTO `craft_searchindex` (`elementId`, `attribute`, `fieldId`, `locale`, `keywords`) VALUES ('107', 'slug', '0', 'en', '');
INSERT INTO `craft_searchindex` (`elementId`, `attribute`, `fieldId`, `locale`, `keywords`) VALUES ('108', 'field', '19', 'en', ' know the purpose of every piece of code ');
INSERT INTO `craft_searchindex` (`elementId`, `attribute`, `fieldId`, `locale`, `keywords`) VALUES ('108', 'slug', '0', 'en', '');
INSERT INTO `craft_searchindex` (`elementId`, `attribute`, `fieldId`, `locale`, `keywords`) VALUES ('109', 'field', '18', 'en', ' i do not mean to say that we should ignore frameworks and spend days trying to solve a problem if a great solution has already been found the very opposite i find great inspiration in looking at updates and techniques particularly in h5bp and bootstrap but i can t bring myself to just slap it on and be on my merry coding way i need to be able to understand the existence and purpose of every piece of code why exactly it is where it is and what it is needed for my own thought processes need to be connected to every line to make it truly my own rachel andrews puts this perfectly ');
INSERT INTO `craft_searchindex` (`elementId`, `attribute`, `fieldId`, `locale`, `keywords`) VALUES ('183', 'field', '36', 'en', ' i am concerned that these frameworks are being promoted as something everyone should include from the outset rather than being a toolkit you draw on to deal with problems once they have arisen make sure every bit of code added to your project is there for a reason you can explain not just because it is part of some standard toolkit or boilerplate ');
INSERT INTO `craft_searchindex` (`elementId`, `attribute`, `fieldId`, `locale`, `keywords`) VALUES ('183', 'field', '37', 'en', ' stop solving problems you don t yet have ');
INSERT INTO `craft_searchindex` (`elementId`, `attribute`, `fieldId`, `locale`, `keywords`) VALUES ('109', 'slug', '0', 'en', '');
INSERT INTO `craft_searchindex` (`elementId`, `attribute`, `fieldId`, `locale`, `keywords`) VALUES ('110', 'field', '19', 'en', ' i show you mine ');
INSERT INTO `craft_searchindex` (`elementId`, `attribute`, `fieldId`, `locale`, `keywords`) VALUES ('110', 'slug', '0', 'en', '');
INSERT INTO `craft_searchindex` (`elementId`, `attribute`, `fieldId`, `locale`, `keywords`) VALUES ('111', 'field', '18', 'en', ' after all of this it is needless to say that i have my own base files they are not as drastically simple as rachel s but they provide a good sturdy shell for a new site to move into resets remove ugly default browser styles little css helpers cure every day woes and some basic typography declarations ensure that my plain html prototypes don t look like love children from the 1990s i constantly update this base based on new experiences and know it so well that i can quickly edit or remove parts according to a site s needs if i come across great techniques and solutions for specific scenarios i keep them separate and easily accessible i feel most comfortable that way and i believe this makes me a better coder too so go forth be free and roll to your own base your sites skills and fellow developers will thank you for it ');
INSERT INTO `craft_searchindex` (`elementId`, `attribute`, `fieldId`, `locale`, `keywords`) VALUES ('111', 'slug', '0', 'en', '');
INSERT INTO `craft_searchindex` (`elementId`, `attribute`, `fieldId`, `locale`, `keywords`) VALUES ('113', 'extension', '0', 'en', ' png ');
INSERT INTO `craft_searchindex` (`elementId`, `attribute`, `fieldId`, `locale`, `keywords`) VALUES ('113', 'kind', '0', 'en', ' image ');
INSERT INTO `craft_searchindex` (`elementId`, `attribute`, `fieldId`, `locale`, `keywords`) VALUES ('113', 'slug', '0', 'en', '');
INSERT INTO `craft_searchindex` (`elementId`, `attribute`, `fieldId`, `locale`, `keywords`) VALUES ('113', 'title', '0', 'en', ' sfc main 1 ');
INSERT INTO `craft_searchindex` (`elementId`, `attribute`, `fieldId`, `locale`, `keywords`) VALUES ('114', 'filename', '0', 'en', ' tt thumb_1 png ');
INSERT INTO `craft_searchindex` (`elementId`, `attribute`, `fieldId`, `locale`, `keywords`) VALUES ('114', 'extension', '0', 'en', ' png ');
INSERT INTO `craft_searchindex` (`elementId`, `attribute`, `fieldId`, `locale`, `keywords`) VALUES ('114', 'kind', '0', 'en', ' image ');
INSERT INTO `craft_searchindex` (`elementId`, `attribute`, `fieldId`, `locale`, `keywords`) VALUES ('114', 'slug', '0', 'en', '');
INSERT INTO `craft_searchindex` (`elementId`, `attribute`, `fieldId`, `locale`, `keywords`) VALUES ('114', 'title', '0', 'en', ' tt thumb 1 ');
INSERT INTO `craft_searchindex` (`elementId`, `attribute`, `fieldId`, `locale`, `keywords`) VALUES ('115', 'filename', '0', 'en', ' tt main png ');
INSERT INTO `craft_searchindex` (`elementId`, `attribute`, `fieldId`, `locale`, `keywords`) VALUES ('115', 'extension', '0', 'en', ' png ');
INSERT INTO `craft_searchindex` (`elementId`, `attribute`, `fieldId`, `locale`, `keywords`) VALUES ('115', 'kind', '0', 'en', ' image ');
INSERT INTO `craft_searchindex` (`elementId`, `attribute`, `fieldId`, `locale`, `keywords`) VALUES ('115', 'slug', '0', 'en', ' tt main ');
INSERT INTO `craft_searchindex` (`elementId`, `attribute`, `fieldId`, `locale`, `keywords`) VALUES ('115', 'title', '0', 'en', ' tt main ');
INSERT INTO `craft_searchindex` (`elementId`, `attribute`, `fieldId`, `locale`, `keywords`) VALUES ('116', 'field', '11', 'en', ' tt thumb ');
INSERT INTO `craft_searchindex` (`elementId`, `attribute`, `fieldId`, `locale`, `keywords`) VALUES ('116', 'field', '12', 'en', ' tt main ');
INSERT INTO `craft_searchindex` (`elementId`, `attribute`, `fieldId`, `locale`, `keywords`) VALUES ('116', 'field', '13', 'en', ' the thames festival trust has been organising the annual mayor s thames festival and rivers of the world project for many years now in 2014 it is extending it s annual weekend festival into a month long series of events and celebrations thoughtful web was in charge to create the new site which needed to merge the vast existing content with the new events and details i joined the project to build a documented modular responsive front end structure which we then integrated with expressionengine ');
INSERT INTO `craft_searchindex` (`elementId`, `attribute`, `fieldId`, `locale`, `keywords`) VALUES ('116', 'field', '17', 'en', ' http totallythames org ');
INSERT INTO `craft_searchindex` (`elementId`, `attribute`, `fieldId`, `locale`, `keywords`) VALUES ('116', 'field', '5', 'en', '');
INSERT INTO `craft_searchindex` (`elementId`, `attribute`, `fieldId`, `locale`, `keywords`) VALUES ('116', 'field', '14', 'en', ' building a modular structured responsive front end base through a comprehensive style guideapplying the front end code across the many different expressionengine templatesthorough testing across browsers and devices what i did ');
INSERT INTO `craft_searchindex` (`elementId`, `attribute`, `fieldId`, `locale`, `keywords`) VALUES ('116', 'slug', '0', 'en', ' totally thames ');
INSERT INTO `craft_searchindex` (`elementId`, `attribute`, `fieldId`, `locale`, `keywords`) VALUES ('116', 'title', '0', 'en', ' totally thames ');
INSERT INTO `craft_searchindex` (`elementId`, `attribute`, `fieldId`, `locale`, `keywords`) VALUES ('117', 'filename', '0', 'en', ' tt thumb_1 png ');
INSERT INTO `craft_searchindex` (`elementId`, `attribute`, `fieldId`, `locale`, `keywords`) VALUES ('117', 'extension', '0', 'en', ' png ');
INSERT INTO `craft_searchindex` (`elementId`, `attribute`, `fieldId`, `locale`, `keywords`) VALUES ('117', 'kind', '0', 'en', ' image ');
INSERT INTO `craft_searchindex` (`elementId`, `attribute`, `fieldId`, `locale`, `keywords`) VALUES ('117', 'slug', '0', 'en', '');
INSERT INTO `craft_searchindex` (`elementId`, `attribute`, `fieldId`, `locale`, `keywords`) VALUES ('117', 'title', '0', 'en', ' tt thumb 1 ');
INSERT INTO `craft_searchindex` (`elementId`, `attribute`, `fieldId`, `locale`, `keywords`) VALUES ('118', 'field', '15', 'en', ' what i did ');
INSERT INTO `craft_searchindex` (`elementId`, `attribute`, `fieldId`, `locale`, `keywords`) VALUES ('118', 'field', '16', 'en', ' building a modular structured responsive front end base through a comprehensive style guideapplying the front end code across the many different expressionengine templatesthorough testing across browsers and devices ');
INSERT INTO `craft_searchindex` (`elementId`, `attribute`, `fieldId`, `locale`, `keywords`) VALUES ('118', 'slug', '0', 'en', '');
INSERT INTO `craft_searchindex` (`elementId`, `attribute`, `fieldId`, `locale`, `keywords`) VALUES ('119', 'field', '15', 'en', ' project partner ');
INSERT INTO `craft_searchindex` (`elementId`, `attribute`, `fieldId`, `locale`, `keywords`) VALUES ('119', 'field', '16', 'en', ' thoughtful web ');
INSERT INTO `craft_searchindex` (`elementId`, `attribute`, `fieldId`, `locale`, `keywords`) VALUES ('119', 'slug', '0', 'en', '');
INSERT INTO `craft_searchindex` (`elementId`, `attribute`, `fieldId`, `locale`, `keywords`) VALUES ('128', 'field', '12', 'en', ' urban classic main ');
INSERT INTO `craft_searchindex` (`elementId`, `attribute`, `fieldId`, `locale`, `keywords`) VALUES ('120', 'filename', '0', 'en', ' hvo main png ');
INSERT INTO `craft_searchindex` (`elementId`, `attribute`, `fieldId`, `locale`, `keywords`) VALUES ('120', 'extension', '0', 'en', ' png ');
INSERT INTO `craft_searchindex` (`elementId`, `attribute`, `fieldId`, `locale`, `keywords`) VALUES ('120', 'kind', '0', 'en', ' image ');
INSERT INTO `craft_searchindex` (`elementId`, `attribute`, `fieldId`, `locale`, `keywords`) VALUES ('120', 'slug', '0', 'en', ' hvo main ');
INSERT INTO `craft_searchindex` (`elementId`, `attribute`, `fieldId`, `locale`, `keywords`) VALUES ('120', 'title', '0', 'en', ' hvo main ');
INSERT INTO `craft_searchindex` (`elementId`, `attribute`, `fieldId`, `locale`, `keywords`) VALUES ('121', 'filename', '0', 'en', ' hvo thumb png ');
INSERT INTO `craft_searchindex` (`elementId`, `attribute`, `fieldId`, `locale`, `keywords`) VALUES ('121', 'extension', '0', 'en', ' png ');
INSERT INTO `craft_searchindex` (`elementId`, `attribute`, `fieldId`, `locale`, `keywords`) VALUES ('121', 'kind', '0', 'en', ' image ');
INSERT INTO `craft_searchindex` (`elementId`, `attribute`, `fieldId`, `locale`, `keywords`) VALUES ('121', 'slug', '0', 'en', ' hvo thumb ');
INSERT INTO `craft_searchindex` (`elementId`, `attribute`, `fieldId`, `locale`, `keywords`) VALUES ('121', 'title', '0', 'en', ' hvo thumb ');
INSERT INTO `craft_searchindex` (`elementId`, `attribute`, `fieldId`, `locale`, `keywords`) VALUES ('122', 'field', '11', 'en', ' hvo thumb ');
INSERT INTO `craft_searchindex` (`elementId`, `attribute`, `fieldId`, `locale`, `keywords`) VALUES ('122', 'field', '12', 'en', ' hvo main ');
INSERT INTO `craft_searchindex` (`elementId`, `attribute`, `fieldId`, `locale`, `keywords`) VALUES ('122', 'field', '13', 'en', ' maria needed an elegant site to sell her executive search services and allow her to regularly post events and news having been let down by another web designer and with an important event coming up maria was left scrambling so we ve pulled up our sleeves and worked hard to create a site that conveys hvo s approachability and professionalism ');
INSERT INTO `craft_searchindex` (`elementId`, `attribute`, `fieldId`, `locale`, `keywords`) VALUES ('122', 'field', '14', 'en', ' planning and prototyping using the mobile first approachcreating the look and feel based on design atmospheresbuilding a fully responsive siteintegrating statamic what i did ');
INSERT INTO `craft_searchindex` (`elementId`, `attribute`, `fieldId`, `locale`, `keywords`) VALUES ('122', 'field', '5', 'en', ' hvo search maria hvorostovsky it has been a pleasure working with you the site looks amazing and i could not be any happier thank you for all your hard work your ideas your expertise being flexible for pushing back and for educating me it has been a fantastic experience and i really look forward to working on other projects in the future ');
INSERT INTO `craft_searchindex` (`elementId`, `attribute`, `fieldId`, `locale`, `keywords`) VALUES ('122', 'field', '17', 'en', ' http hvosearch com ');
INSERT INTO `craft_searchindex` (`elementId`, `attribute`, `fieldId`, `locale`, `keywords`) VALUES ('122', 'slug', '0', 'en', ' hvo search ');
INSERT INTO `craft_searchindex` (`elementId`, `attribute`, `fieldId`, `locale`, `keywords`) VALUES ('122', 'title', '0', 'en', ' hvo search ');
INSERT INTO `craft_searchindex` (`elementId`, `attribute`, `fieldId`, `locale`, `keywords`) VALUES ('123', 'filename', '0', 'en', ' sfc main_1 png ');
INSERT INTO `craft_searchindex` (`elementId`, `attribute`, `fieldId`, `locale`, `keywords`) VALUES ('123', 'extension', '0', 'en', ' png ');
INSERT INTO `craft_searchindex` (`elementId`, `attribute`, `fieldId`, `locale`, `keywords`) VALUES ('123', 'kind', '0', 'en', ' image ');
INSERT INTO `craft_searchindex` (`elementId`, `attribute`, `fieldId`, `locale`, `keywords`) VALUES ('123', 'slug', '0', 'en', '');
INSERT INTO `craft_searchindex` (`elementId`, `attribute`, `fieldId`, `locale`, `keywords`) VALUES ('123', 'title', '0', 'en', ' sfc main 1 ');
INSERT INTO `craft_searchindex` (`elementId`, `attribute`, `fieldId`, `locale`, `keywords`) VALUES ('124', 'filename', '0', 'en', ' hvo main_1 png ');
INSERT INTO `craft_searchindex` (`elementId`, `attribute`, `fieldId`, `locale`, `keywords`) VALUES ('124', 'extension', '0', 'en', ' png ');
INSERT INTO `craft_searchindex` (`elementId`, `attribute`, `fieldId`, `locale`, `keywords`) VALUES ('124', 'kind', '0', 'en', ' image ');
INSERT INTO `craft_searchindex` (`elementId`, `attribute`, `fieldId`, `locale`, `keywords`) VALUES ('124', 'slug', '0', 'en', '');
INSERT INTO `craft_searchindex` (`elementId`, `attribute`, `fieldId`, `locale`, `keywords`) VALUES ('124', 'title', '0', 'en', ' hvo main 1 ');
INSERT INTO `craft_searchindex` (`elementId`, `attribute`, `fieldId`, `locale`, `keywords`) VALUES ('125', 'filename', '0', 'en', ' hvo thumb_1 png ');
INSERT INTO `craft_searchindex` (`elementId`, `attribute`, `fieldId`, `locale`, `keywords`) VALUES ('125', 'extension', '0', 'en', ' png ');
INSERT INTO `craft_searchindex` (`elementId`, `attribute`, `fieldId`, `locale`, `keywords`) VALUES ('125', 'kind', '0', 'en', ' image ');
INSERT INTO `craft_searchindex` (`elementId`, `attribute`, `fieldId`, `locale`, `keywords`) VALUES ('125', 'slug', '0', 'en', '');
INSERT INTO `craft_searchindex` (`elementId`, `attribute`, `fieldId`, `locale`, `keywords`) VALUES ('125', 'title', '0', 'en', ' hvo thumb 1 ');
INSERT INTO `craft_searchindex` (`elementId`, `attribute`, `fieldId`, `locale`, `keywords`) VALUES ('126', 'field', '15', 'en', ' what i did ');
INSERT INTO `craft_searchindex` (`elementId`, `attribute`, `fieldId`, `locale`, `keywords`) VALUES ('126', 'field', '16', 'en', ' planning and prototyping using the mobile first approachcreating the look and feel based on design atmospheresbuilding a fully responsive siteintegrating statamic ');
INSERT INTO `craft_searchindex` (`elementId`, `attribute`, `fieldId`, `locale`, `keywords`) VALUES ('126', 'slug', '0', 'en', '');
INSERT INTO `craft_searchindex` (`elementId`, `attribute`, `fieldId`, `locale`, `keywords`) VALUES ('127', 'field', '28', 'en', ' it has been a pleasure working with you the site looks amazing and i could not be any happier thank you for all your hard work your ideas your expertise being flexible for pushing back and for educating me it has been a fantastic experience and i really look forward to working on other projects in the future ');
INSERT INTO `craft_searchindex` (`elementId`, `attribute`, `fieldId`, `locale`, `keywords`) VALUES ('127', 'field', '29', 'en', ' maria hvorostovsky ');
INSERT INTO `craft_searchindex` (`elementId`, `attribute`, `fieldId`, `locale`, `keywords`) VALUES ('127', 'field', '30', 'en', ' hvo search ');
INSERT INTO `craft_searchindex` (`elementId`, `attribute`, `fieldId`, `locale`, `keywords`) VALUES ('127', 'slug', '0', 'en', '');
INSERT INTO `craft_searchindex` (`elementId`, `attribute`, `fieldId`, `locale`, `keywords`) VALUES ('132', 'field', '15', 'en', ' project partner ');
INSERT INTO `craft_searchindex` (`elementId`, `attribute`, `fieldId`, `locale`, `keywords`) VALUES ('128', 'field', '13', 'en', ' since 2006 the urban classic project has been bringing together urban artists with classically trained musicians resulting in incredible performances on 10th august 2013 urban classic was featured in the bbc proms at the royal albert hall up until that point the project had no website and one was needed to tell its story inform about upcoming events and introduce the artists ');
INSERT INTO `craft_searchindex` (`elementId`, `attribute`, `fieldId`, `locale`, `keywords`) VALUES ('128', 'field', '14', 'en', ' planning and prototyping using the mobile first approachcreating the look and feel based on design atmospheresbuilding a fully responsive siteintegrating statamic what i did thoughtful web project partner ');
INSERT INTO `craft_searchindex` (`elementId`, `attribute`, `fieldId`, `locale`, `keywords`) VALUES ('128', 'field', '5', 'en', '');
INSERT INTO `craft_searchindex` (`elementId`, `attribute`, `fieldId`, `locale`, `keywords`) VALUES ('128', 'field', '17', 'en', ' http urbanclassicproject com ');
INSERT INTO `craft_searchindex` (`elementId`, `attribute`, `fieldId`, `locale`, `keywords`) VALUES ('128', 'slug', '0', 'en', ' urban classic ');
INSERT INTO `craft_searchindex` (`elementId`, `attribute`, `fieldId`, `locale`, `keywords`) VALUES ('128', 'title', '0', 'en', ' urban classic ');
INSERT INTO `craft_searchindex` (`elementId`, `attribute`, `fieldId`, `locale`, `keywords`) VALUES ('129', 'field', '15', 'en', ' what i did ');
INSERT INTO `craft_searchindex` (`elementId`, `attribute`, `fieldId`, `locale`, `keywords`) VALUES ('129', 'field', '16', 'en', ' planning and prototyping using the mobile first approachcreating the look and feel based on design atmospheresbuilding a fully responsive siteintegrating statamic ');
INSERT INTO `craft_searchindex` (`elementId`, `attribute`, `fieldId`, `locale`, `keywords`) VALUES ('129', 'slug', '0', 'en', '');
INSERT INTO `craft_searchindex` (`elementId`, `attribute`, `fieldId`, `locale`, `keywords`) VALUES ('130', 'filename', '0', 'en', ' urban classic main png ');
INSERT INTO `craft_searchindex` (`elementId`, `attribute`, `fieldId`, `locale`, `keywords`) VALUES ('130', 'extension', '0', 'en', ' png ');
INSERT INTO `craft_searchindex` (`elementId`, `attribute`, `fieldId`, `locale`, `keywords`) VALUES ('130', 'kind', '0', 'en', ' image ');
INSERT INTO `craft_searchindex` (`elementId`, `attribute`, `fieldId`, `locale`, `keywords`) VALUES ('130', 'slug', '0', 'en', ' urban classic main ');
INSERT INTO `craft_searchindex` (`elementId`, `attribute`, `fieldId`, `locale`, `keywords`) VALUES ('130', 'title', '0', 'en', ' urban classic main ');
INSERT INTO `craft_searchindex` (`elementId`, `attribute`, `fieldId`, `locale`, `keywords`) VALUES ('131', 'filename', '0', 'en', ' urban classic thumb png ');
INSERT INTO `craft_searchindex` (`elementId`, `attribute`, `fieldId`, `locale`, `keywords`) VALUES ('131', 'extension', '0', 'en', ' png ');
INSERT INTO `craft_searchindex` (`elementId`, `attribute`, `fieldId`, `locale`, `keywords`) VALUES ('131', 'kind', '0', 'en', ' image ');
INSERT INTO `craft_searchindex` (`elementId`, `attribute`, `fieldId`, `locale`, `keywords`) VALUES ('131', 'slug', '0', 'en', ' urban classic thumb ');
INSERT INTO `craft_searchindex` (`elementId`, `attribute`, `fieldId`, `locale`, `keywords`) VALUES ('131', 'title', '0', 'en', ' urban classic thumb ');
INSERT INTO `craft_searchindex` (`elementId`, `attribute`, `fieldId`, `locale`, `keywords`) VALUES ('132', 'filename', '0', 'en', ' tt main_1 png ');
INSERT INTO `craft_searchindex` (`elementId`, `attribute`, `fieldId`, `locale`, `keywords`) VALUES ('132', 'extension', '0', 'en', ' png ');
INSERT INTO `craft_searchindex` (`elementId`, `attribute`, `fieldId`, `locale`, `keywords`) VALUES ('132', 'kind', '0', 'en', ' image ');
INSERT INTO `craft_searchindex` (`elementId`, `attribute`, `fieldId`, `locale`, `keywords`) VALUES ('132', 'slug', '0', 'en', '');
INSERT INTO `craft_searchindex` (`elementId`, `attribute`, `fieldId`, `locale`, `keywords`) VALUES ('132', 'title', '0', 'en', ' tt main 1 ');
INSERT INTO `craft_searchindex` (`elementId`, `attribute`, `fieldId`, `locale`, `keywords`) VALUES ('133', 'filename', '0', 'en', ' urban classic main_1 png ');
INSERT INTO `craft_searchindex` (`elementId`, `attribute`, `fieldId`, `locale`, `keywords`) VALUES ('133', 'extension', '0', 'en', ' png ');
INSERT INTO `craft_searchindex` (`elementId`, `attribute`, `fieldId`, `locale`, `keywords`) VALUES ('133', 'kind', '0', 'en', ' image ');
INSERT INTO `craft_searchindex` (`elementId`, `attribute`, `fieldId`, `locale`, `keywords`) VALUES ('133', 'slug', '0', 'en', ' shoreditch town hall ');
INSERT INTO `craft_searchindex` (`elementId`, `attribute`, `fieldId`, `locale`, `keywords`) VALUES ('133', 'title', '0', 'en', ' shoreditch town hall ');
INSERT INTO `craft_searchindex` (`elementId`, `attribute`, `fieldId`, `locale`, `keywords`) VALUES ('134', 'filename', '0', 'en', ' urban classic main_1 png ');
INSERT INTO `craft_searchindex` (`elementId`, `attribute`, `fieldId`, `locale`, `keywords`) VALUES ('134', 'extension', '0', 'en', ' png ');
INSERT INTO `craft_searchindex` (`elementId`, `attribute`, `fieldId`, `locale`, `keywords`) VALUES ('134', 'kind', '0', 'en', ' image ');
INSERT INTO `craft_searchindex` (`elementId`, `attribute`, `fieldId`, `locale`, `keywords`) VALUES ('134', 'slug', '0', 'en', '');
INSERT INTO `craft_searchindex` (`elementId`, `attribute`, `fieldId`, `locale`, `keywords`) VALUES ('134', 'title', '0', 'en', ' urban classic main 1 ');
INSERT INTO `craft_searchindex` (`elementId`, `attribute`, `fieldId`, `locale`, `keywords`) VALUES ('135', 'filename', '0', 'en', ' sth main png ');
INSERT INTO `craft_searchindex` (`elementId`, `attribute`, `fieldId`, `locale`, `keywords`) VALUES ('135', 'extension', '0', 'en', ' png ');
INSERT INTO `craft_searchindex` (`elementId`, `attribute`, `fieldId`, `locale`, `keywords`) VALUES ('135', 'kind', '0', 'en', ' image ');
INSERT INTO `craft_searchindex` (`elementId`, `attribute`, `fieldId`, `locale`, `keywords`) VALUES ('135', 'slug', '0', 'en', ' sth main ');
INSERT INTO `craft_searchindex` (`elementId`, `attribute`, `fieldId`, `locale`, `keywords`) VALUES ('135', 'title', '0', 'en', ' sth main ');
INSERT INTO `craft_searchindex` (`elementId`, `attribute`, `fieldId`, `locale`, `keywords`) VALUES ('136', 'filename', '0', 'en', ' sth thumb png ');
INSERT INTO `craft_searchindex` (`elementId`, `attribute`, `fieldId`, `locale`, `keywords`) VALUES ('136', 'extension', '0', 'en', ' png ');
INSERT INTO `craft_searchindex` (`elementId`, `attribute`, `fieldId`, `locale`, `keywords`) VALUES ('136', 'kind', '0', 'en', ' image ');
INSERT INTO `craft_searchindex` (`elementId`, `attribute`, `fieldId`, `locale`, `keywords`) VALUES ('136', 'slug', '0', 'en', ' sth thumb ');
INSERT INTO `craft_searchindex` (`elementId`, `attribute`, `fieldId`, `locale`, `keywords`) VALUES ('136', 'title', '0', 'en', ' sth thumb ');
INSERT INTO `craft_searchindex` (`elementId`, `attribute`, `fieldId`, `locale`, `keywords`) VALUES ('137', 'filename', '0', 'en', ' hvo main_1 png ');
INSERT INTO `craft_searchindex` (`elementId`, `attribute`, `fieldId`, `locale`, `keywords`) VALUES ('137', 'extension', '0', 'en', ' png ');
INSERT INTO `craft_searchindex` (`elementId`, `attribute`, `fieldId`, `locale`, `keywords`) VALUES ('137', 'kind', '0', 'en', ' image ');
INSERT INTO `craft_searchindex` (`elementId`, `attribute`, `fieldId`, `locale`, `keywords`) VALUES ('137', 'slug', '0', 'en', '');
INSERT INTO `craft_searchindex` (`elementId`, `attribute`, `fieldId`, `locale`, `keywords`) VALUES ('137', 'title', '0', 'en', ' hvo main 1 ');
INSERT INTO `craft_searchindex` (`elementId`, `attribute`, `fieldId`, `locale`, `keywords`) VALUES ('138', 'filename', '0', 'en', ' hvo thumb_1 png ');
INSERT INTO `craft_searchindex` (`elementId`, `attribute`, `fieldId`, `locale`, `keywords`) VALUES ('138', 'extension', '0', 'en', ' png ');
INSERT INTO `craft_searchindex` (`elementId`, `attribute`, `fieldId`, `locale`, `keywords`) VALUES ('138', 'kind', '0', 'en', ' image ');
INSERT INTO `craft_searchindex` (`elementId`, `attribute`, `fieldId`, `locale`, `keywords`) VALUES ('138', 'slug', '0', 'en', '');
INSERT INTO `craft_searchindex` (`elementId`, `attribute`, `fieldId`, `locale`, `keywords`) VALUES ('138', 'title', '0', 'en', ' hvo thumb 1 ');
INSERT INTO `craft_searchindex` (`elementId`, `attribute`, `fieldId`, `locale`, `keywords`) VALUES ('139', 'filename', '0', 'en', ' sfc main_1 png ');
INSERT INTO `craft_searchindex` (`elementId`, `attribute`, `fieldId`, `locale`, `keywords`) VALUES ('139', 'extension', '0', 'en', ' png ');
INSERT INTO `craft_searchindex` (`elementId`, `attribute`, `fieldId`, `locale`, `keywords`) VALUES ('139', 'kind', '0', 'en', ' image ');
INSERT INTO `craft_searchindex` (`elementId`, `attribute`, `fieldId`, `locale`, `keywords`) VALUES ('139', 'slug', '0', 'en', '');
INSERT INTO `craft_searchindex` (`elementId`, `attribute`, `fieldId`, `locale`, `keywords`) VALUES ('139', 'title', '0', 'en', ' sfc main 1 ');
INSERT INTO `craft_searchindex` (`elementId`, `attribute`, `fieldId`, `locale`, `keywords`) VALUES ('140', 'filename', '0', 'en', ' sfc thumb_1 png ');
INSERT INTO `craft_searchindex` (`elementId`, `attribute`, `fieldId`, `locale`, `keywords`) VALUES ('140', 'extension', '0', 'en', ' png ');
INSERT INTO `craft_searchindex` (`elementId`, `attribute`, `fieldId`, `locale`, `keywords`) VALUES ('140', 'kind', '0', 'en', ' image ');
INSERT INTO `craft_searchindex` (`elementId`, `attribute`, `fieldId`, `locale`, `keywords`) VALUES ('140', 'slug', '0', 'en', '');
INSERT INTO `craft_searchindex` (`elementId`, `attribute`, `fieldId`, `locale`, `keywords`) VALUES ('140', 'title', '0', 'en', ' sfc thumb 1 ');
INSERT INTO `craft_searchindex` (`elementId`, `attribute`, `fieldId`, `locale`, `keywords`) VALUES ('141', 'filename', '0', 'en', ' sth main_1 png ');
INSERT INTO `craft_searchindex` (`elementId`, `attribute`, `fieldId`, `locale`, `keywords`) VALUES ('141', 'extension', '0', 'en', ' png ');
INSERT INTO `craft_searchindex` (`elementId`, `attribute`, `fieldId`, `locale`, `keywords`) VALUES ('141', 'kind', '0', 'en', ' image ');
INSERT INTO `craft_searchindex` (`elementId`, `attribute`, `fieldId`, `locale`, `keywords`) VALUES ('141', 'slug', '0', 'en', '');
INSERT INTO `craft_searchindex` (`elementId`, `attribute`, `fieldId`, `locale`, `keywords`) VALUES ('141', 'title', '0', 'en', ' sth main 1 ');
INSERT INTO `craft_searchindex` (`elementId`, `attribute`, `fieldId`, `locale`, `keywords`) VALUES ('142', 'filename', '0', 'en', ' sth thumb_1 png ');
INSERT INTO `craft_searchindex` (`elementId`, `attribute`, `fieldId`, `locale`, `keywords`) VALUES ('142', 'extension', '0', 'en', ' png ');
INSERT INTO `craft_searchindex` (`elementId`, `attribute`, `fieldId`, `locale`, `keywords`) VALUES ('142', 'kind', '0', 'en', ' image ');
INSERT INTO `craft_searchindex` (`elementId`, `attribute`, `fieldId`, `locale`, `keywords`) VALUES ('142', 'slug', '0', 'en', '');
INSERT INTO `craft_searchindex` (`elementId`, `attribute`, `fieldId`, `locale`, `keywords`) VALUES ('142', 'title', '0', 'en', ' sth thumb 1 ');
INSERT INTO `craft_searchindex` (`elementId`, `attribute`, `fieldId`, `locale`, `keywords`) VALUES ('143', 'filename', '0', 'en', ' tt main_1 png ');
INSERT INTO `craft_searchindex` (`elementId`, `attribute`, `fieldId`, `locale`, `keywords`) VALUES ('143', 'extension', '0', 'en', ' png ');
INSERT INTO `craft_searchindex` (`elementId`, `attribute`, `fieldId`, `locale`, `keywords`) VALUES ('143', 'kind', '0', 'en', ' image ');
INSERT INTO `craft_searchindex` (`elementId`, `attribute`, `fieldId`, `locale`, `keywords`) VALUES ('143', 'slug', '0', 'en', '');
INSERT INTO `craft_searchindex` (`elementId`, `attribute`, `fieldId`, `locale`, `keywords`) VALUES ('143', 'title', '0', 'en', ' tt main 1 ');
INSERT INTO `craft_searchindex` (`elementId`, `attribute`, `fieldId`, `locale`, `keywords`) VALUES ('144', 'filename', '0', 'en', ' tt thumb_1 png ');
INSERT INTO `craft_searchindex` (`elementId`, `attribute`, `fieldId`, `locale`, `keywords`) VALUES ('144', 'extension', '0', 'en', ' png ');
INSERT INTO `craft_searchindex` (`elementId`, `attribute`, `fieldId`, `locale`, `keywords`) VALUES ('144', 'kind', '0', 'en', ' image ');
INSERT INTO `craft_searchindex` (`elementId`, `attribute`, `fieldId`, `locale`, `keywords`) VALUES ('144', 'slug', '0', 'en', '');
INSERT INTO `craft_searchindex` (`elementId`, `attribute`, `fieldId`, `locale`, `keywords`) VALUES ('144', 'title', '0', 'en', ' tt thumb 1 ');
INSERT INTO `craft_searchindex` (`elementId`, `attribute`, `fieldId`, `locale`, `keywords`) VALUES ('145', 'filename', '0', 'en', ' urban classic main_1 png ');
INSERT INTO `craft_searchindex` (`elementId`, `attribute`, `fieldId`, `locale`, `keywords`) VALUES ('145', 'extension', '0', 'en', ' png ');
INSERT INTO `craft_searchindex` (`elementId`, `attribute`, `fieldId`, `locale`, `keywords`) VALUES ('145', 'kind', '0', 'en', ' image ');
INSERT INTO `craft_searchindex` (`elementId`, `attribute`, `fieldId`, `locale`, `keywords`) VALUES ('145', 'slug', '0', 'en', '');
INSERT INTO `craft_searchindex` (`elementId`, `attribute`, `fieldId`, `locale`, `keywords`) VALUES ('145', 'title', '0', 'en', ' urban classic main 1 ');
INSERT INTO `craft_searchindex` (`elementId`, `attribute`, `fieldId`, `locale`, `keywords`) VALUES ('132', 'field', '16', 'en', ' thoughtful web ');
INSERT INTO `craft_searchindex` (`elementId`, `attribute`, `fieldId`, `locale`, `keywords`) VALUES ('133', 'field', '11', 'en', ' sth thumb ');
INSERT INTO `craft_searchindex` (`elementId`, `attribute`, `fieldId`, `locale`, `keywords`) VALUES ('133', 'field', '12', 'en', ' sth main ');
INSERT INTO `craft_searchindex` (`elementId`, `attribute`, `fieldId`, `locale`, `keywords`) VALUES ('133', 'field', '13', 'en', ' shoreditch town hall is a stunning unique venue in east london it needed to refresh it s old site to help portray it as a hub for artistic and cultural events as well as a home fro private and commercial functions thoughtful web asked me join this project to manage the build of the new site ');
INSERT INTO `craft_searchindex` (`elementId`, `attribute`, `fieldId`, `locale`, `keywords`) VALUES ('133', 'field', '14', 'en', ' building a fully responsive site based on thoughtful web s designsconfiguring and integrating expressionengine what i did ');
INSERT INTO `craft_searchindex` (`elementId`, `attribute`, `fieldId`, `locale`, `keywords`) VALUES ('133', 'field', '5', 'en', '');
INSERT INTO `craft_searchindex` (`elementId`, `attribute`, `fieldId`, `locale`, `keywords`) VALUES ('133', 'field', '17', 'en', ' http shoreditchtownhall com ');
INSERT INTO `craft_searchindex` (`elementId`, `attribute`, `fieldId`, `locale`, `keywords`) VALUES ('201', 'field', '36', 'en', ' i hand crafted this website i ve built it from the ground up using the best tools and techniques that experience and knowledge have taught me i am proud of the code i have written and the website it has given life to ');
INSERT INTO `craft_searchindex` (`elementId`, `attribute`, `fieldId`, `locale`, `keywords`) VALUES ('134', 'field', '15', 'en', ' what i did ');
INSERT INTO `craft_searchindex` (`elementId`, `attribute`, `fieldId`, `locale`, `keywords`) VALUES ('134', 'field', '16', 'en', ' building a fully responsive site based on thoughtful web s designsconfiguring and integrating expressionengine ');
INSERT INTO `craft_searchindex` (`elementId`, `attribute`, `fieldId`, `locale`, `keywords`) VALUES ('146', 'filename', '0', 'en', ' urban classic thumb_1 png ');
INSERT INTO `craft_searchindex` (`elementId`, `attribute`, `fieldId`, `locale`, `keywords`) VALUES ('146', 'extension', '0', 'en', ' png ');
INSERT INTO `craft_searchindex` (`elementId`, `attribute`, `fieldId`, `locale`, `keywords`) VALUES ('146', 'kind', '0', 'en', ' image ');
INSERT INTO `craft_searchindex` (`elementId`, `attribute`, `fieldId`, `locale`, `keywords`) VALUES ('146', 'slug', '0', 'en', '');
INSERT INTO `craft_searchindex` (`elementId`, `attribute`, `fieldId`, `locale`, `keywords`) VALUES ('146', 'title', '0', 'en', ' urban classic thumb 1 ');
INSERT INTO `craft_searchindex` (`elementId`, `attribute`, `fieldId`, `locale`, `keywords`) VALUES ('147', 'field', '11', 'en', ' anything gift thumb ');
INSERT INTO `craft_searchindex` (`elementId`, `attribute`, `fieldId`, `locale`, `keywords`) VALUES ('147', 'field', '12', 'en', ' anything gift main ');
INSERT INTO `craft_searchindex` (`elementId`, `attribute`, `fieldId`, `locale`, `keywords`) VALUES ('147', 'field', '13', 'en', ' anything gift is a unique gifts shop which opened it s online doors in august 2013 after having worked with me before they approached me to build the front end of the site which was then handed over to a back end developer as most e commerce sites this is a complex build with lots of sections and special features a great opportunity for me to push my coding skills i also really love the design which is always a lovely bonus ');
INSERT INTO `craft_searchindex` (`elementId`, `attribute`, `fieldId`, `locale`, `keywords`) VALUES ('147', 'field', '14', 'en', ' building a modular structured well documented front end base including a code style guidehelping with the back end template codethorough testing what i did ');
INSERT INTO `craft_searchindex` (`elementId`, `attribute`, `fieldId`, `locale`, `keywords`) VALUES ('147', 'field', '5', 'en', '');
INSERT INTO `craft_searchindex` (`elementId`, `attribute`, `fieldId`, `locale`, `keywords`) VALUES ('147', 'field', '17', 'en', ' http www anythinggift co uk ');
INSERT INTO `craft_searchindex` (`elementId`, `attribute`, `fieldId`, `locale`, `keywords`) VALUES ('147', 'slug', '0', 'en', ' anything gift ');
INSERT INTO `craft_searchindex` (`elementId`, `attribute`, `fieldId`, `locale`, `keywords`) VALUES ('147', 'title', '0', 'en', ' anything gift ');
INSERT INTO `craft_searchindex` (`elementId`, `attribute`, `fieldId`, `locale`, `keywords`) VALUES ('148', 'field', '15', 'en', ' what i did ');
INSERT INTO `craft_searchindex` (`elementId`, `attribute`, `fieldId`, `locale`, `keywords`) VALUES ('148', 'field', '16', 'en', ' building a modular structured well documented front end base including a code style guidehelping with the back end template codethorough testing ');
INSERT INTO `craft_searchindex` (`elementId`, `attribute`, `fieldId`, `locale`, `keywords`) VALUES ('151', 'field', '12', 'en', ' arboral main ');
INSERT INTO `craft_searchindex` (`elementId`, `attribute`, `fieldId`, `locale`, `keywords`) VALUES ('148', 'slug', '0', 'en', '');
INSERT INTO `craft_searchindex` (`elementId`, `attribute`, `fieldId`, `locale`, `keywords`) VALUES ('151', 'field', '11', 'en', ' arboral thumb ');
INSERT INTO `craft_searchindex` (`elementId`, `attribute`, `fieldId`, `locale`, `keywords`) VALUES ('149', 'filename', '0', 'en', ' anything gift main png ');
INSERT INTO `craft_searchindex` (`elementId`, `attribute`, `fieldId`, `locale`, `keywords`) VALUES ('149', 'extension', '0', 'en', ' png ');
INSERT INTO `craft_searchindex` (`elementId`, `attribute`, `fieldId`, `locale`, `keywords`) VALUES ('149', 'kind', '0', 'en', ' image ');
INSERT INTO `craft_searchindex` (`elementId`, `attribute`, `fieldId`, `locale`, `keywords`) VALUES ('149', 'slug', '0', 'en', ' anything gift main ');
INSERT INTO `craft_searchindex` (`elementId`, `attribute`, `fieldId`, `locale`, `keywords`) VALUES ('149', 'title', '0', 'en', ' anything gift main ');
INSERT INTO `craft_searchindex` (`elementId`, `attribute`, `fieldId`, `locale`, `keywords`) VALUES ('150', 'filename', '0', 'en', ' anything gift thumb png ');
INSERT INTO `craft_searchindex` (`elementId`, `attribute`, `fieldId`, `locale`, `keywords`) VALUES ('150', 'extension', '0', 'en', ' png ');
INSERT INTO `craft_searchindex` (`elementId`, `attribute`, `fieldId`, `locale`, `keywords`) VALUES ('150', 'kind', '0', 'en', ' image ');
INSERT INTO `craft_searchindex` (`elementId`, `attribute`, `fieldId`, `locale`, `keywords`) VALUES ('150', 'slug', '0', 'en', ' anything gift thumb ');
INSERT INTO `craft_searchindex` (`elementId`, `attribute`, `fieldId`, `locale`, `keywords`) VALUES ('150', 'title', '0', 'en', ' anything gift thumb ');
INSERT INTO `craft_searchindex` (`elementId`, `attribute`, `fieldId`, `locale`, `keywords`) VALUES ('151', 'field', '13', 'en', ' arboreal needed to upgrade their old flash website to make it accessible across devices and allow for its content to be easily updated with the designs supplied by arboreal the result is an elegant fully responsive site which really lets their beautiful work shine and is fully content managed through statamic ');
INSERT INTO `craft_searchindex` (`elementId`, `attribute`, `fieldId`, `locale`, `keywords`) VALUES ('151', 'field', '14', 'en', '');
INSERT INTO `craft_searchindex` (`elementId`, `attribute`, `fieldId`, `locale`, `keywords`) VALUES ('151', 'field', '5', 'en', ' arboreal architecture tom raymont katrin has done excellent work for us we are impressed with how she has built a site that works seamlessly across many platforms phones tablets laptops and desktops she has always been willing to adjust the design and improve functionality as the build has developed ');
INSERT INTO `craft_searchindex` (`elementId`, `attribute`, `fieldId`, `locale`, `keywords`) VALUES ('151', 'field', '17', 'en', ' http arborealarchitecture com ');
INSERT INTO `craft_searchindex` (`elementId`, `attribute`, `fieldId`, `locale`, `keywords`) VALUES ('151', 'slug', '0', 'en', ' arboreal architecture ');
INSERT INTO `craft_searchindex` (`elementId`, `attribute`, `fieldId`, `locale`, `keywords`) VALUES ('151', 'title', '0', 'en', ' arboreal architecture ');
INSERT INTO `craft_searchindex` (`elementId`, `attribute`, `fieldId`, `locale`, `keywords`) VALUES ('152', 'field', '28', 'en', ' katrin has done excellent work for us we are impressed with how she has built a site that works seamlessly across many platforms phones tablets laptops and desktops she has always been willing to adjust the design and improve functionality as the build has developed ');
INSERT INTO `craft_searchindex` (`elementId`, `attribute`, `fieldId`, `locale`, `keywords`) VALUES ('152', 'field', '29', 'en', ' tom raymont ');
INSERT INTO `craft_searchindex` (`elementId`, `attribute`, `fieldId`, `locale`, `keywords`) VALUES ('152', 'field', '30', 'en', ' arboreal architecture ');
INSERT INTO `craft_searchindex` (`elementId`, `attribute`, `fieldId`, `locale`, `keywords`) VALUES ('152', 'slug', '0', 'en', '');
INSERT INTO `craft_searchindex` (`elementId`, `attribute`, `fieldId`, `locale`, `keywords`) VALUES ('153', 'filename', '0', 'en', ' arboral main png ');
INSERT INTO `craft_searchindex` (`elementId`, `attribute`, `fieldId`, `locale`, `keywords`) VALUES ('153', 'extension', '0', 'en', ' png ');
INSERT INTO `craft_searchindex` (`elementId`, `attribute`, `fieldId`, `locale`, `keywords`) VALUES ('153', 'kind', '0', 'en', ' image ');
INSERT INTO `craft_searchindex` (`elementId`, `attribute`, `fieldId`, `locale`, `keywords`) VALUES ('153', 'slug', '0', 'en', ' arboral main ');
INSERT INTO `craft_searchindex` (`elementId`, `attribute`, `fieldId`, `locale`, `keywords`) VALUES ('153', 'title', '0', 'en', ' arboral main ');
INSERT INTO `craft_searchindex` (`elementId`, `attribute`, `fieldId`, `locale`, `keywords`) VALUES ('154', 'filename', '0', 'en', ' arboral thumb png ');
INSERT INTO `craft_searchindex` (`elementId`, `attribute`, `fieldId`, `locale`, `keywords`) VALUES ('154', 'extension', '0', 'en', ' png ');
INSERT INTO `craft_searchindex` (`elementId`, `attribute`, `fieldId`, `locale`, `keywords`) VALUES ('154', 'kind', '0', 'en', ' image ');
INSERT INTO `craft_searchindex` (`elementId`, `attribute`, `fieldId`, `locale`, `keywords`) VALUES ('154', 'slug', '0', 'en', ' arboral thumb ');
INSERT INTO `craft_searchindex` (`elementId`, `attribute`, `fieldId`, `locale`, `keywords`) VALUES ('154', 'title', '0', 'en', ' arboral thumb ');
INSERT INTO `craft_searchindex` (`elementId`, `attribute`, `fieldId`, `locale`, `keywords`) VALUES ('155', 'field', '11', 'en', ' editorialist thumb ');
INSERT INTO `craft_searchindex` (`elementId`, `attribute`, `fieldId`, `locale`, `keywords`) VALUES ('155', 'field', '12', 'en', ' editorialist main ');
INSERT INTO `craft_searchindex` (`elementId`, `attribute`, `fieldId`, `locale`, `keywords`) VALUES ('155', 'field', '13', 'en', ' the editorialist combines luxury online shopping with design editorials i joined an american based team and my primary tasks were to integrate cartthrob with expressionengine and to build the product listing checkout and account sections ');
INSERT INTO `craft_searchindex` (`elementId`, `attribute`, `fieldId`, `locale`, `keywords`) VALUES ('155', 'field', '14', 'en', '');
INSERT INTO `craft_searchindex` (`elementId`, `attribute`, `fieldId`, `locale`, `keywords`) VALUES ('155', 'field', '5', 'en', '');
INSERT INTO `craft_searchindex` (`elementId`, `attribute`, `fieldId`, `locale`, `keywords`) VALUES ('155', 'field', '17', 'en', ' https editorialist com ');
INSERT INTO `craft_searchindex` (`elementId`, `attribute`, `fieldId`, `locale`, `keywords`) VALUES ('155', 'slug', '0', 'en', ' editorialist ');
INSERT INTO `craft_searchindex` (`elementId`, `attribute`, `fieldId`, `locale`, `keywords`) VALUES ('155', 'title', '0', 'en', ' editorialist ');
INSERT INTO `craft_searchindex` (`elementId`, `attribute`, `fieldId`, `locale`, `keywords`) VALUES ('156', 'field', '15', 'en', ' project partners ');
INSERT INTO `craft_searchindex` (`elementId`, `attribute`, `fieldId`, `locale`, `keywords`) VALUES ('156', 'field', '16', 'en', ' matthew tendlermatthew spiel ');
INSERT INTO `craft_searchindex` (`elementId`, `attribute`, `fieldId`, `locale`, `keywords`) VALUES ('156', 'slug', '0', 'en', '');
INSERT INTO `craft_searchindex` (`elementId`, `attribute`, `fieldId`, `locale`, `keywords`) VALUES ('157', 'filename', '0', 'en', ' editorialist main png ');
INSERT INTO `craft_searchindex` (`elementId`, `attribute`, `fieldId`, `locale`, `keywords`) VALUES ('157', 'extension', '0', 'en', ' png ');
INSERT INTO `craft_searchindex` (`elementId`, `attribute`, `fieldId`, `locale`, `keywords`) VALUES ('157', 'kind', '0', 'en', ' image ');
INSERT INTO `craft_searchindex` (`elementId`, `attribute`, `fieldId`, `locale`, `keywords`) VALUES ('157', 'slug', '0', 'en', ' editorialist main ');
INSERT INTO `craft_searchindex` (`elementId`, `attribute`, `fieldId`, `locale`, `keywords`) VALUES ('157', 'title', '0', 'en', ' editorialist main ');
INSERT INTO `craft_searchindex` (`elementId`, `attribute`, `fieldId`, `locale`, `keywords`) VALUES ('158', 'filename', '0', 'en', ' editorialist thumb png ');
INSERT INTO `craft_searchindex` (`elementId`, `attribute`, `fieldId`, `locale`, `keywords`) VALUES ('158', 'extension', '0', 'en', ' png ');
INSERT INTO `craft_searchindex` (`elementId`, `attribute`, `fieldId`, `locale`, `keywords`) VALUES ('158', 'kind', '0', 'en', ' image ');
INSERT INTO `craft_searchindex` (`elementId`, `attribute`, `fieldId`, `locale`, `keywords`) VALUES ('158', 'slug', '0', 'en', ' editorialist thumb ');
INSERT INTO `craft_searchindex` (`elementId`, `attribute`, `fieldId`, `locale`, `keywords`) VALUES ('158', 'title', '0', 'en', ' editorialist thumb ');
INSERT INTO `craft_searchindex` (`elementId`, `attribute`, `fieldId`, `locale`, `keywords`) VALUES ('159', 'field', '11', 'en', ' unbiased thumb ');
INSERT INTO `craft_searchindex` (`elementId`, `attribute`, `fieldId`, `locale`, `keywords`) VALUES ('159', 'field', '12', 'en', ' unbiased main ');
INSERT INTO `craft_searchindex` (`elementId`, `attribute`, `fieldId`, `locale`, `keywords`) VALUES ('159', 'field', '13', 'en', ' unbiased helps consumers to find the best adviser for their needs through their comprehensive archive and host of resources tangent snowball asked me to kick off the build of the new site by putting together a comprehensive style guide and by building the home page and account section this was then used as a base for all the other site sections by tangent s development team ');
INSERT INTO `craft_searchindex` (`elementId`, `attribute`, `fieldId`, `locale`, `keywords`) VALUES ('159', 'field', '14', 'en', '');
INSERT INTO `craft_searchindex` (`elementId`, `attribute`, `fieldId`, `locale`, `keywords`) VALUES ('159', 'field', '5', 'en', '');
INSERT INTO `craft_searchindex` (`elementId`, `attribute`, `fieldId`, `locale`, `keywords`) VALUES ('159', 'field', '17', 'en', ' http www unbiased co uk ');
INSERT INTO `craft_searchindex` (`elementId`, `attribute`, `fieldId`, `locale`, `keywords`) VALUES ('159', 'slug', '0', 'en', ' unbiased ');
INSERT INTO `craft_searchindex` (`elementId`, `attribute`, `fieldId`, `locale`, `keywords`) VALUES ('159', 'title', '0', 'en', ' unbiased ');
INSERT INTO `craft_searchindex` (`elementId`, `attribute`, `fieldId`, `locale`, `keywords`) VALUES ('160', 'filename', '0', 'en', ' unbiased main png ');
INSERT INTO `craft_searchindex` (`elementId`, `attribute`, `fieldId`, `locale`, `keywords`) VALUES ('160', 'extension', '0', 'en', ' png ');
INSERT INTO `craft_searchindex` (`elementId`, `attribute`, `fieldId`, `locale`, `keywords`) VALUES ('160', 'kind', '0', 'en', ' image ');
INSERT INTO `craft_searchindex` (`elementId`, `attribute`, `fieldId`, `locale`, `keywords`) VALUES ('160', 'slug', '0', 'en', ' unbiased main ');
INSERT INTO `craft_searchindex` (`elementId`, `attribute`, `fieldId`, `locale`, `keywords`) VALUES ('160', 'title', '0', 'en', ' unbiased main ');
INSERT INTO `craft_searchindex` (`elementId`, `attribute`, `fieldId`, `locale`, `keywords`) VALUES ('161', 'filename', '0', 'en', ' unbiased thumb png ');
INSERT INTO `craft_searchindex` (`elementId`, `attribute`, `fieldId`, `locale`, `keywords`) VALUES ('161', 'extension', '0', 'en', ' png ');
INSERT INTO `craft_searchindex` (`elementId`, `attribute`, `fieldId`, `locale`, `keywords`) VALUES ('161', 'kind', '0', 'en', ' image ');
INSERT INTO `craft_searchindex` (`elementId`, `attribute`, `fieldId`, `locale`, `keywords`) VALUES ('161', 'slug', '0', 'en', ' unbiased thumb ');
INSERT INTO `craft_searchindex` (`elementId`, `attribute`, `fieldId`, `locale`, `keywords`) VALUES ('161', 'title', '0', 'en', ' unbiased thumb ');
INSERT INTO `craft_searchindex` (`elementId`, `attribute`, `fieldId`, `locale`, `keywords`) VALUES ('162', 'field', '11', 'en', ' artichoke thumb ');
INSERT INTO `craft_searchindex` (`elementId`, `attribute`, `fieldId`, `locale`, `keywords`) VALUES ('162', 'field', '12', 'en', ' artichoke main ');
INSERT INTO `craft_searchindex` (`elementId`, `attribute`, `fieldId`, `locale`, `keywords`) VALUES ('162', 'field', '13', 'en', ' the artichoke trust organises stunning large scale events and festivals across the uk the website needed to communicate their stunning work through a variety of media formats attract donations and keep users up to date about events working at cog design i led the build of the site which is content managed with expressionengine i also built a set of easy to use campaign monitor templates for regular email updates ');
INSERT INTO `craft_searchindex` (`elementId`, `attribute`, `fieldId`, `locale`, `keywords`) VALUES ('162', 'field', '14', 'en', '');
INSERT INTO `craft_searchindex` (`elementId`, `attribute`, `fieldId`, `locale`, `keywords`) VALUES ('162', 'field', '5', 'en', '');
INSERT INTO `craft_searchindex` (`elementId`, `attribute`, `fieldId`, `locale`, `keywords`) VALUES ('162', 'field', '17', 'en', ' http www artichoke uk com ');
INSERT INTO `craft_searchindex` (`elementId`, `attribute`, `fieldId`, `locale`, `keywords`) VALUES ('162', 'slug', '0', 'en', ' artichoke ');
INSERT INTO `craft_searchindex` (`elementId`, `attribute`, `fieldId`, `locale`, `keywords`) VALUES ('162', 'title', '0', 'en', ' artichoke ');
INSERT INTO `craft_searchindex` (`elementId`, `attribute`, `fieldId`, `locale`, `keywords`) VALUES ('163', 'filename', '0', 'en', ' artichoke main png ');
INSERT INTO `craft_searchindex` (`elementId`, `attribute`, `fieldId`, `locale`, `keywords`) VALUES ('163', 'extension', '0', 'en', ' png ');
INSERT INTO `craft_searchindex` (`elementId`, `attribute`, `fieldId`, `locale`, `keywords`) VALUES ('163', 'kind', '0', 'en', ' image ');
INSERT INTO `craft_searchindex` (`elementId`, `attribute`, `fieldId`, `locale`, `keywords`) VALUES ('163', 'slug', '0', 'en', ' artichoke main ');
INSERT INTO `craft_searchindex` (`elementId`, `attribute`, `fieldId`, `locale`, `keywords`) VALUES ('163', 'title', '0', 'en', ' artichoke main ');
INSERT INTO `craft_searchindex` (`elementId`, `attribute`, `fieldId`, `locale`, `keywords`) VALUES ('164', 'filename', '0', 'en', ' artichoke thumb png ');
INSERT INTO `craft_searchindex` (`elementId`, `attribute`, `fieldId`, `locale`, `keywords`) VALUES ('164', 'extension', '0', 'en', ' png ');
INSERT INTO `craft_searchindex` (`elementId`, `attribute`, `fieldId`, `locale`, `keywords`) VALUES ('164', 'kind', '0', 'en', ' image ');
INSERT INTO `craft_searchindex` (`elementId`, `attribute`, `fieldId`, `locale`, `keywords`) VALUES ('164', 'slug', '0', 'en', ' artichoke thumb ');
INSERT INTO `craft_searchindex` (`elementId`, `attribute`, `fieldId`, `locale`, `keywords`) VALUES ('164', 'title', '0', 'en', ' artichoke thumb ');
INSERT INTO `craft_searchindex` (`elementId`, `attribute`, `fieldId`, `locale`, `keywords`) VALUES ('165', 'field', '11', 'en', ' aware thumb ');
INSERT INTO `craft_searchindex` (`elementId`, `attribute`, `fieldId`, `locale`, `keywords`) VALUES ('165', 'field', '12', 'en', ' aware main ');
INSERT INTO `craft_searchindex` (`elementId`, `attribute`, `fieldId`, `locale`, `keywords`) VALUES ('165', 'field', '13', 'en', ' aware is the only veterinary conservation trust in zimbabwe they needed a website to communicate their work to veterinarians and the general public the site displays their great in the field images and encourages visitors to donate volunteer and fund equipment ');
INSERT INTO `craft_searchindex` (`elementId`, `attribute`, `fieldId`, `locale`, `keywords`) VALUES ('165', 'field', '14', 'en', ' help with the set up of hosting and emailsdesigndevelopment including the integration of surreal cmsonline donation set up through paypal what i did ');
INSERT INTO `craft_searchindex` (`elementId`, `attribute`, `fieldId`, `locale`, `keywords`) VALUES ('165', 'field', '5', 'en', ' aware lisa marabini thank you so much for all your efforts you have made it all extremely easy for us if you re ever coming out this way you ll always have a place to stay with us in harare ');
INSERT INTO `craft_searchindex` (`elementId`, `attribute`, `fieldId`, `locale`, `keywords`) VALUES ('165', 'field', '17', 'en', ' http www awaretrust org ');
INSERT INTO `craft_searchindex` (`elementId`, `attribute`, `fieldId`, `locale`, `keywords`) VALUES ('165', 'slug', '0', 'en', ' aware ');
INSERT INTO `craft_searchindex` (`elementId`, `attribute`, `fieldId`, `locale`, `keywords`) VALUES ('165', 'title', '0', 'en', ' aware ');
INSERT INTO `craft_searchindex` (`elementId`, `attribute`, `fieldId`, `locale`, `keywords`) VALUES ('166', 'field', '15', 'en', ' what i did ');
INSERT INTO `craft_searchindex` (`elementId`, `attribute`, `fieldId`, `locale`, `keywords`) VALUES ('166', 'field', '16', 'en', ' help with the set up of hosting and emailsdesigndevelopment including the integration of surreal cmsonline donation set up through paypal ');
INSERT INTO `craft_searchindex` (`elementId`, `attribute`, `fieldId`, `locale`, `keywords`) VALUES ('166', 'slug', '0', 'en', '');
INSERT INTO `craft_searchindex` (`elementId`, `attribute`, `fieldId`, `locale`, `keywords`) VALUES ('167', 'field', '28', 'en', ' thank you so much for all your efforts you have made it all extremely easy for us if you re ever coming out this way you ll always have a place to stay with us in harare ');
INSERT INTO `craft_searchindex` (`elementId`, `attribute`, `fieldId`, `locale`, `keywords`) VALUES ('167', 'field', '29', 'en', ' lisa marabini ');
INSERT INTO `craft_searchindex` (`elementId`, `attribute`, `fieldId`, `locale`, `keywords`) VALUES ('167', 'field', '30', 'en', ' aware ');
INSERT INTO `craft_searchindex` (`elementId`, `attribute`, `fieldId`, `locale`, `keywords`) VALUES ('167', 'slug', '0', 'en', '');
INSERT INTO `craft_searchindex` (`elementId`, `attribute`, `fieldId`, `locale`, `keywords`) VALUES ('168', 'filename', '0', 'en', ' tt main_1 png ');
INSERT INTO `craft_searchindex` (`elementId`, `attribute`, `fieldId`, `locale`, `keywords`) VALUES ('168', 'extension', '0', 'en', ' png ');
INSERT INTO `craft_searchindex` (`elementId`, `attribute`, `fieldId`, `locale`, `keywords`) VALUES ('168', 'kind', '0', 'en', ' image ');
INSERT INTO `craft_searchindex` (`elementId`, `attribute`, `fieldId`, `locale`, `keywords`) VALUES ('168', 'slug', '0', 'en', '');
INSERT INTO `craft_searchindex` (`elementId`, `attribute`, `fieldId`, `locale`, `keywords`) VALUES ('168', 'title', '0', 'en', ' tt main 1 ');
INSERT INTO `craft_searchindex` (`elementId`, `attribute`, `fieldId`, `locale`, `keywords`) VALUES ('169', 'filename', '0', 'en', ' hvo thumb_1 png ');
INSERT INTO `craft_searchindex` (`elementId`, `attribute`, `fieldId`, `locale`, `keywords`) VALUES ('169', 'extension', '0', 'en', ' png ');
INSERT INTO `craft_searchindex` (`elementId`, `attribute`, `fieldId`, `locale`, `keywords`) VALUES ('169', 'kind', '0', 'en', ' image ');
INSERT INTO `craft_searchindex` (`elementId`, `attribute`, `fieldId`, `locale`, `keywords`) VALUES ('169', 'slug', '0', 'en', '');
INSERT INTO `craft_searchindex` (`elementId`, `attribute`, `fieldId`, `locale`, `keywords`) VALUES ('169', 'title', '0', 'en', ' hvo thumb 1 ');
INSERT INTO `craft_searchindex` (`elementId`, `attribute`, `fieldId`, `locale`, `keywords`) VALUES ('170', 'filename', '0', 'en', ' sth main_1 png ');
INSERT INTO `craft_searchindex` (`elementId`, `attribute`, `fieldId`, `locale`, `keywords`) VALUES ('170', 'extension', '0', 'en', ' png ');
INSERT INTO `craft_searchindex` (`elementId`, `attribute`, `fieldId`, `locale`, `keywords`) VALUES ('170', 'kind', '0', 'en', ' image ');
INSERT INTO `craft_searchindex` (`elementId`, `attribute`, `fieldId`, `locale`, `keywords`) VALUES ('170', 'slug', '0', 'en', '');
INSERT INTO `craft_searchindex` (`elementId`, `attribute`, `fieldId`, `locale`, `keywords`) VALUES ('170', 'title', '0', 'en', ' sth main 1 ');
INSERT INTO `craft_searchindex` (`elementId`, `attribute`, `fieldId`, `locale`, `keywords`) VALUES ('171', 'filename', '0', 'en', ' anything gift main_1 png ');
INSERT INTO `craft_searchindex` (`elementId`, `attribute`, `fieldId`, `locale`, `keywords`) VALUES ('171', 'extension', '0', 'en', ' png ');
INSERT INTO `craft_searchindex` (`elementId`, `attribute`, `fieldId`, `locale`, `keywords`) VALUES ('171', 'kind', '0', 'en', ' image ');
INSERT INTO `craft_searchindex` (`elementId`, `attribute`, `fieldId`, `locale`, `keywords`) VALUES ('171', 'slug', '0', 'en', '');
INSERT INTO `craft_searchindex` (`elementId`, `attribute`, `fieldId`, `locale`, `keywords`) VALUES ('171', 'title', '0', 'en', ' anything gift main 1 ');
INSERT INTO `craft_searchindex` (`elementId`, `attribute`, `fieldId`, `locale`, `keywords`) VALUES ('172', 'filename', '0', 'en', ' aware main png ');
INSERT INTO `craft_searchindex` (`elementId`, `attribute`, `fieldId`, `locale`, `keywords`) VALUES ('172', 'extension', '0', 'en', ' png ');
INSERT INTO `craft_searchindex` (`elementId`, `attribute`, `fieldId`, `locale`, `keywords`) VALUES ('172', 'kind', '0', 'en', ' image ');
INSERT INTO `craft_searchindex` (`elementId`, `attribute`, `fieldId`, `locale`, `keywords`) VALUES ('172', 'slug', '0', 'en', ' aware main ');
INSERT INTO `craft_searchindex` (`elementId`, `attribute`, `fieldId`, `locale`, `keywords`) VALUES ('172', 'title', '0', 'en', ' aware main ');
INSERT INTO `craft_searchindex` (`elementId`, `attribute`, `fieldId`, `locale`, `keywords`) VALUES ('173', 'filename', '0', 'en', ' aware thumb png ');
INSERT INTO `craft_searchindex` (`elementId`, `attribute`, `fieldId`, `locale`, `keywords`) VALUES ('173', 'extension', '0', 'en', ' png ');
INSERT INTO `craft_searchindex` (`elementId`, `attribute`, `fieldId`, `locale`, `keywords`) VALUES ('173', 'kind', '0', 'en', ' image ');
INSERT INTO `craft_searchindex` (`elementId`, `attribute`, `fieldId`, `locale`, `keywords`) VALUES ('173', 'slug', '0', 'en', ' aware thumb ');
INSERT INTO `craft_searchindex` (`elementId`, `attribute`, `fieldId`, `locale`, `keywords`) VALUES ('173', 'title', '0', 'en', ' aware thumb ');
INSERT INTO `craft_searchindex` (`elementId`, `attribute`, `fieldId`, `locale`, `keywords`) VALUES ('174', 'field', '11', 'en', ' easons thumb ');
INSERT INTO `craft_searchindex` (`elementId`, `attribute`, `fieldId`, `locale`, `keywords`) VALUES ('174', 'field', '12', 'en', ' easons main ');
INSERT INTO `craft_searchindex` (`elementId`, `attribute`, `fieldId`, `locale`, `keywords`) VALUES ('174', 'field', '13', 'en', ' eason is ireland s main supplier of books newspapers and magazines tangent snowball was in charge of the site s major overhaul and i joined the team to lead the front end development for this big and very complex site ');
INSERT INTO `craft_searchindex` (`elementId`, `attribute`, `fieldId`, `locale`, `keywords`) VALUES ('174', 'field', '14', 'en', '');
INSERT INTO `craft_searchindex` (`elementId`, `attribute`, `fieldId`, `locale`, `keywords`) VALUES ('174', 'field', '5', 'en', '');
INSERT INTO `craft_searchindex` (`elementId`, `attribute`, `fieldId`, `locale`, `keywords`) VALUES ('174', 'field', '17', 'en', ' http www easons com ');
INSERT INTO `craft_searchindex` (`elementId`, `attribute`, `fieldId`, `locale`, `keywords`) VALUES ('174', 'slug', '0', 'en', ' eason ');
INSERT INTO `craft_searchindex` (`elementId`, `attribute`, `fieldId`, `locale`, `keywords`) VALUES ('174', 'title', '0', 'en', ' eason ');
INSERT INTO `craft_searchindex` (`elementId`, `attribute`, `fieldId`, `locale`, `keywords`) VALUES ('175', 'filename', '0', 'en', ' easons main png ');
INSERT INTO `craft_searchindex` (`elementId`, `attribute`, `fieldId`, `locale`, `keywords`) VALUES ('175', 'extension', '0', 'en', ' png ');
INSERT INTO `craft_searchindex` (`elementId`, `attribute`, `fieldId`, `locale`, `keywords`) VALUES ('175', 'kind', '0', 'en', ' image ');
INSERT INTO `craft_searchindex` (`elementId`, `attribute`, `fieldId`, `locale`, `keywords`) VALUES ('175', 'slug', '0', 'en', ' easons main ');
INSERT INTO `craft_searchindex` (`elementId`, `attribute`, `fieldId`, `locale`, `keywords`) VALUES ('175', 'title', '0', 'en', ' easons main ');
INSERT INTO `craft_searchindex` (`elementId`, `attribute`, `fieldId`, `locale`, `keywords`) VALUES ('176', 'filename', '0', 'en', ' easons thumb png ');
INSERT INTO `craft_searchindex` (`elementId`, `attribute`, `fieldId`, `locale`, `keywords`) VALUES ('176', 'extension', '0', 'en', ' png ');
INSERT INTO `craft_searchindex` (`elementId`, `attribute`, `fieldId`, `locale`, `keywords`) VALUES ('176', 'kind', '0', 'en', ' image ');
INSERT INTO `craft_searchindex` (`elementId`, `attribute`, `fieldId`, `locale`, `keywords`) VALUES ('176', 'slug', '0', 'en', ' easons thumb ');
INSERT INTO `craft_searchindex` (`elementId`, `attribute`, `fieldId`, `locale`, `keywords`) VALUES ('176', 'title', '0', 'en', ' easons thumb ');
INSERT INTO `craft_searchindex` (`elementId`, `attribute`, `fieldId`, `locale`, `keywords`) VALUES ('177', 'field', '11', 'en', ' rrf thumb ');
INSERT INTO `craft_searchindex` (`elementId`, `attribute`, `fieldId`, `locale`, `keywords`) VALUES ('177', 'field', '12', 'en', ' rrf main ');
INSERT INTO `craft_searchindex` (`elementId`, `attribute`, `fieldId`, `locale`, `keywords`) VALUES ('177', 'field', '13', 'en', ' the red rose foundation helps families in some of the most remote and inaccessible regions where other charities are not present the charity is run by 15 volunteers from doctors to marketing managers in countries across europe the website details the charity s projects in an easy to browse format encourages and makes it easy for visitors to donate and is available in seven different languages the site is currently under development ');
INSERT INTO `craft_searchindex` (`elementId`, `attribute`, `fieldId`, `locale`, `keywords`) VALUES ('177', 'field', '14', 'en', ' planning and prototyping using the mobile first approachcreating the look and feel based on design atmospheresbuilding a fully responsive multi lingual site that runs on expressionengine what i did ');
INSERT INTO `craft_searchindex` (`elementId`, `attribute`, `fieldId`, `locale`, `keywords`) VALUES ('177', 'field', '5', 'en', '');
INSERT INTO `craft_searchindex` (`elementId`, `attribute`, `fieldId`, `locale`, `keywords`) VALUES ('177', 'field', '17', 'en', '');
INSERT INTO `craft_searchindex` (`elementId`, `attribute`, `fieldId`, `locale`, `keywords`) VALUES ('177', 'slug', '0', 'en', ' the red rose foundation ');
INSERT INTO `craft_searchindex` (`elementId`, `attribute`, `fieldId`, `locale`, `keywords`) VALUES ('177', 'title', '0', 'en', ' the red rose foundation ');
INSERT INTO `craft_searchindex` (`elementId`, `attribute`, `fieldId`, `locale`, `keywords`) VALUES ('178', 'field', '15', 'en', ' what i did ');
INSERT INTO `craft_searchindex` (`elementId`, `attribute`, `fieldId`, `locale`, `keywords`) VALUES ('178', 'field', '16', 'en', ' planning and prototyping using the mobile first approachcreating the look and feel based on design atmospheresbuilding a fully responsive multi lingual site that runs on expressionengine ');
INSERT INTO `craft_searchindex` (`elementId`, `attribute`, `fieldId`, `locale`, `keywords`) VALUES ('178', 'slug', '0', 'en', '');
INSERT INTO `craft_searchindex` (`elementId`, `attribute`, `fieldId`, `locale`, `keywords`) VALUES ('179', 'filename', '0', 'en', ' rrf main png ');
INSERT INTO `craft_searchindex` (`elementId`, `attribute`, `fieldId`, `locale`, `keywords`) VALUES ('179', 'extension', '0', 'en', ' png ');
INSERT INTO `craft_searchindex` (`elementId`, `attribute`, `fieldId`, `locale`, `keywords`) VALUES ('179', 'kind', '0', 'en', ' image ');
INSERT INTO `craft_searchindex` (`elementId`, `attribute`, `fieldId`, `locale`, `keywords`) VALUES ('179', 'slug', '0', 'en', ' rrf main ');
INSERT INTO `craft_searchindex` (`elementId`, `attribute`, `fieldId`, `locale`, `keywords`) VALUES ('179', 'title', '0', 'en', ' rrf main ');
INSERT INTO `craft_searchindex` (`elementId`, `attribute`, `fieldId`, `locale`, `keywords`) VALUES ('180', 'filename', '0', 'en', ' rrf thumb png ');
INSERT INTO `craft_searchindex` (`elementId`, `attribute`, `fieldId`, `locale`, `keywords`) VALUES ('180', 'extension', '0', 'en', ' png ');
INSERT INTO `craft_searchindex` (`elementId`, `attribute`, `fieldId`, `locale`, `keywords`) VALUES ('180', 'kind', '0', 'en', ' image ');
INSERT INTO `craft_searchindex` (`elementId`, `attribute`, `fieldId`, `locale`, `keywords`) VALUES ('180', 'slug', '0', 'en', ' rrf thumb ');
INSERT INTO `craft_searchindex` (`elementId`, `attribute`, `fieldId`, `locale`, `keywords`) VALUES ('180', 'title', '0', 'en', ' rrf thumb ');
INSERT INTO `craft_searchindex` (`elementId`, `attribute`, `fieldId`, `locale`, `keywords`) VALUES ('181', 'filename', '0', 'en', ' hvo thumb_1 png ');
INSERT INTO `craft_searchindex` (`elementId`, `attribute`, `fieldId`, `locale`, `keywords`) VALUES ('181', 'extension', '0', 'en', ' png ');
INSERT INTO `craft_searchindex` (`elementId`, `attribute`, `fieldId`, `locale`, `keywords`) VALUES ('181', 'kind', '0', 'en', ' image ');
INSERT INTO `craft_searchindex` (`elementId`, `attribute`, `fieldId`, `locale`, `keywords`) VALUES ('181', 'slug', '0', 'en', '');
INSERT INTO `craft_searchindex` (`elementId`, `attribute`, `fieldId`, `locale`, `keywords`) VALUES ('181', 'title', '0', 'en', ' hvo thumb 1 ');
INSERT INTO `craft_searchindex` (`elementId`, `attribute`, `fieldId`, `locale`, `keywords`) VALUES ('182', 'field', '37', 'en', '');
INSERT INTO `craft_searchindex` (`elementId`, `attribute`, `fieldId`, `locale`, `keywords`) VALUES ('182', 'slug', '0', 'en', '');
INSERT INTO `craft_searchindex` (`elementId`, `attribute`, `fieldId`, `locale`, `keywords`) VALUES ('183', 'slug', '0', 'en', '');
INSERT INTO `craft_searchindex` (`elementId`, `attribute`, `fieldId`, `locale`, `keywords`) VALUES ('184', 'field', '18', 'en', ' i think that the best prerequisite to knowing your site inside and out is to build it around your own base ');
INSERT INTO `craft_searchindex` (`elementId`, `attribute`, `fieldId`, `locale`, `keywords`) VALUES ('184', 'slug', '0', 'en', '');
INSERT INTO `craft_searchindex` (`elementId`, `attribute`, `fieldId`, `locale`, `keywords`) VALUES ('185', 'extension', '0', 'en', ' png ');
INSERT INTO `craft_searchindex` (`elementId`, `attribute`, `fieldId`, `locale`, `keywords`) VALUES ('185', 'kind', '0', 'en', ' image ');
INSERT INTO `craft_searchindex` (`elementId`, `attribute`, `fieldId`, `locale`, `keywords`) VALUES ('185', 'slug', '0', 'en', '');
INSERT INTO `craft_searchindex` (`elementId`, `attribute`, `fieldId`, `locale`, `keywords`) VALUES ('185', 'title', '0', 'en', ' sfc main 1 ');
INSERT INTO `craft_searchindex` (`elementId`, `attribute`, `fieldId`, `locale`, `keywords`) VALUES ('186', 'filename', '0', 'en', ' unbiased main_1 png ');
INSERT INTO `craft_searchindex` (`elementId`, `attribute`, `fieldId`, `locale`, `keywords`) VALUES ('186', 'extension', '0', 'en', ' png ');
INSERT INTO `craft_searchindex` (`elementId`, `attribute`, `fieldId`, `locale`, `keywords`) VALUES ('186', 'kind', '0', 'en', ' image ');
INSERT INTO `craft_searchindex` (`elementId`, `attribute`, `fieldId`, `locale`, `keywords`) VALUES ('186', 'slug', '0', 'en', '');
INSERT INTO `craft_searchindex` (`elementId`, `attribute`, `fieldId`, `locale`, `keywords`) VALUES ('186', 'title', '0', 'en', ' unbiased main 1 ');
INSERT INTO `craft_searchindex` (`elementId`, `attribute`, `fieldId`, `locale`, `keywords`) VALUES ('187', 'filename', '0', 'en', ' anything gift main_1 png ');
INSERT INTO `craft_searchindex` (`elementId`, `attribute`, `fieldId`, `locale`, `keywords`) VALUES ('187', 'extension', '0', 'en', ' png ');
INSERT INTO `craft_searchindex` (`elementId`, `attribute`, `fieldId`, `locale`, `keywords`) VALUES ('187', 'kind', '0', 'en', ' image ');
INSERT INTO `craft_searchindex` (`elementId`, `attribute`, `fieldId`, `locale`, `keywords`) VALUES ('187', 'slug', '0', 'en', '');
INSERT INTO `craft_searchindex` (`elementId`, `attribute`, `fieldId`, `locale`, `keywords`) VALUES ('187', 'title', '0', 'en', ' anything gift main 1 ');
INSERT INTO `craft_searchindex` (`elementId`, `attribute`, `fieldId`, `locale`, `keywords`) VALUES ('188', 'filename', '0', 'en', ' anything gift thumb_1 png ');
INSERT INTO `craft_searchindex` (`elementId`, `attribute`, `fieldId`, `locale`, `keywords`) VALUES ('188', 'extension', '0', 'en', ' png ');
INSERT INTO `craft_searchindex` (`elementId`, `attribute`, `fieldId`, `locale`, `keywords`) VALUES ('188', 'kind', '0', 'en', ' image ');
INSERT INTO `craft_searchindex` (`elementId`, `attribute`, `fieldId`, `locale`, `keywords`) VALUES ('188', 'slug', '0', 'en', '');
INSERT INTO `craft_searchindex` (`elementId`, `attribute`, `fieldId`, `locale`, `keywords`) VALUES ('188', 'title', '0', 'en', ' anything gift thumb 1 ');
INSERT INTO `craft_searchindex` (`elementId`, `attribute`, `fieldId`, `locale`, `keywords`) VALUES ('189', 'filename', '0', 'en', ' arboral main_1 png ');
INSERT INTO `craft_searchindex` (`elementId`, `attribute`, `fieldId`, `locale`, `keywords`) VALUES ('189', 'extension', '0', 'en', ' png ');
INSERT INTO `craft_searchindex` (`elementId`, `attribute`, `fieldId`, `locale`, `keywords`) VALUES ('189', 'kind', '0', 'en', ' image ');
INSERT INTO `craft_searchindex` (`elementId`, `attribute`, `fieldId`, `locale`, `keywords`) VALUES ('189', 'slug', '0', 'en', '');
INSERT INTO `craft_searchindex` (`elementId`, `attribute`, `fieldId`, `locale`, `keywords`) VALUES ('189', 'title', '0', 'en', ' arboral main 1 ');
INSERT INTO `craft_searchindex` (`elementId`, `attribute`, `fieldId`, `locale`, `keywords`) VALUES ('190', 'filename', '0', 'en', ' arboral thumb_1 png ');
INSERT INTO `craft_searchindex` (`elementId`, `attribute`, `fieldId`, `locale`, `keywords`) VALUES ('190', 'extension', '0', 'en', ' png ');
INSERT INTO `craft_searchindex` (`elementId`, `attribute`, `fieldId`, `locale`, `keywords`) VALUES ('190', 'kind', '0', 'en', ' image ');
INSERT INTO `craft_searchindex` (`elementId`, `attribute`, `fieldId`, `locale`, `keywords`) VALUES ('190', 'slug', '0', 'en', '');
INSERT INTO `craft_searchindex` (`elementId`, `attribute`, `fieldId`, `locale`, `keywords`) VALUES ('190', 'title', '0', 'en', ' arboral thumb 1 ');
INSERT INTO `craft_searchindex` (`elementId`, `attribute`, `fieldId`, `locale`, `keywords`) VALUES ('191', 'filename', '0', 'en', ' artichoke main_1 png ');
INSERT INTO `craft_searchindex` (`elementId`, `attribute`, `fieldId`, `locale`, `keywords`) VALUES ('191', 'extension', '0', 'en', ' png ');
INSERT INTO `craft_searchindex` (`elementId`, `attribute`, `fieldId`, `locale`, `keywords`) VALUES ('191', 'kind', '0', 'en', ' image ');
INSERT INTO `craft_searchindex` (`elementId`, `attribute`, `fieldId`, `locale`, `keywords`) VALUES ('191', 'slug', '0', 'en', '');
INSERT INTO `craft_searchindex` (`elementId`, `attribute`, `fieldId`, `locale`, `keywords`) VALUES ('191', 'title', '0', 'en', ' artichoke main 1 ');
INSERT INTO `craft_searchindex` (`elementId`, `attribute`, `fieldId`, `locale`, `keywords`) VALUES ('192', 'filename', '0', 'en', ' artichoke thumb_1 png ');
INSERT INTO `craft_searchindex` (`elementId`, `attribute`, `fieldId`, `locale`, `keywords`) VALUES ('192', 'extension', '0', 'en', ' png ');
INSERT INTO `craft_searchindex` (`elementId`, `attribute`, `fieldId`, `locale`, `keywords`) VALUES ('192', 'kind', '0', 'en', ' image ');
INSERT INTO `craft_searchindex` (`elementId`, `attribute`, `fieldId`, `locale`, `keywords`) VALUES ('192', 'slug', '0', 'en', '');
INSERT INTO `craft_searchindex` (`elementId`, `attribute`, `fieldId`, `locale`, `keywords`) VALUES ('192', 'title', '0', 'en', ' artichoke thumb 1 ');
INSERT INTO `craft_searchindex` (`elementId`, `attribute`, `fieldId`, `locale`, `keywords`) VALUES ('193', 'filename', '0', 'en', ' aware main_1 png ');
INSERT INTO `craft_searchindex` (`elementId`, `attribute`, `fieldId`, `locale`, `keywords`) VALUES ('193', 'extension', '0', 'en', ' png ');
INSERT INTO `craft_searchindex` (`elementId`, `attribute`, `fieldId`, `locale`, `keywords`) VALUES ('193', 'kind', '0', 'en', ' image ');
INSERT INTO `craft_searchindex` (`elementId`, `attribute`, `fieldId`, `locale`, `keywords`) VALUES ('193', 'slug', '0', 'en', '');
INSERT INTO `craft_searchindex` (`elementId`, `attribute`, `fieldId`, `locale`, `keywords`) VALUES ('193', 'title', '0', 'en', ' aware main 1 ');
INSERT INTO `craft_searchindex` (`elementId`, `attribute`, `fieldId`, `locale`, `keywords`) VALUES ('194', 'filename', '0', 'en', ' aware thumb_1 png ');
INSERT INTO `craft_searchindex` (`elementId`, `attribute`, `fieldId`, `locale`, `keywords`) VALUES ('194', 'extension', '0', 'en', ' png ');
INSERT INTO `craft_searchindex` (`elementId`, `attribute`, `fieldId`, `locale`, `keywords`) VALUES ('194', 'kind', '0', 'en', ' image ');
INSERT INTO `craft_searchindex` (`elementId`, `attribute`, `fieldId`, `locale`, `keywords`) VALUES ('194', 'slug', '0', 'en', '');
INSERT INTO `craft_searchindex` (`elementId`, `attribute`, `fieldId`, `locale`, `keywords`) VALUES ('194', 'title', '0', 'en', ' aware thumb 1 ');
INSERT INTO `craft_searchindex` (`elementId`, `attribute`, `fieldId`, `locale`, `keywords`) VALUES ('195', 'filename', '0', 'en', ' easons main_1 png ');
INSERT INTO `craft_searchindex` (`elementId`, `attribute`, `fieldId`, `locale`, `keywords`) VALUES ('195', 'extension', '0', 'en', ' png ');
INSERT INTO `craft_searchindex` (`elementId`, `attribute`, `fieldId`, `locale`, `keywords`) VALUES ('195', 'kind', '0', 'en', ' image ');
INSERT INTO `craft_searchindex` (`elementId`, `attribute`, `fieldId`, `locale`, `keywords`) VALUES ('195', 'slug', '0', 'en', '');
INSERT INTO `craft_searchindex` (`elementId`, `attribute`, `fieldId`, `locale`, `keywords`) VALUES ('195', 'title', '0', 'en', ' easons main 1 ');
INSERT INTO `craft_searchindex` (`elementId`, `attribute`, `fieldId`, `locale`, `keywords`) VALUES ('196', 'filename', '0', 'en', ' easons thumb_1 png ');
INSERT INTO `craft_searchindex` (`elementId`, `attribute`, `fieldId`, `locale`, `keywords`) VALUES ('196', 'extension', '0', 'en', ' png ');
INSERT INTO `craft_searchindex` (`elementId`, `attribute`, `fieldId`, `locale`, `keywords`) VALUES ('196', 'kind', '0', 'en', ' image ');
INSERT INTO `craft_searchindex` (`elementId`, `attribute`, `fieldId`, `locale`, `keywords`) VALUES ('196', 'slug', '0', 'en', '');
INSERT INTO `craft_searchindex` (`elementId`, `attribute`, `fieldId`, `locale`, `keywords`) VALUES ('196', 'title', '0', 'en', ' easons thumb 1 ');
INSERT INTO `craft_searchindex` (`elementId`, `attribute`, `fieldId`, `locale`, `keywords`) VALUES ('197', 'filename', '0', 'en', ' editorialist main_1 png ');
INSERT INTO `craft_searchindex` (`elementId`, `attribute`, `fieldId`, `locale`, `keywords`) VALUES ('197', 'extension', '0', 'en', ' png ');
INSERT INTO `craft_searchindex` (`elementId`, `attribute`, `fieldId`, `locale`, `keywords`) VALUES ('197', 'kind', '0', 'en', ' image ');
INSERT INTO `craft_searchindex` (`elementId`, `attribute`, `fieldId`, `locale`, `keywords`) VALUES ('197', 'slug', '0', 'en', '');
INSERT INTO `craft_searchindex` (`elementId`, `attribute`, `fieldId`, `locale`, `keywords`) VALUES ('197', 'title', '0', 'en', ' editorialist main 1 ');
INSERT INTO `craft_searchindex` (`elementId`, `attribute`, `fieldId`, `locale`, `keywords`) VALUES ('198', 'filename', '0', 'en', ' editorialist thumb_1 png ');
INSERT INTO `craft_searchindex` (`elementId`, `attribute`, `fieldId`, `locale`, `keywords`) VALUES ('198', 'extension', '0', 'en', ' png ');
INSERT INTO `craft_searchindex` (`elementId`, `attribute`, `fieldId`, `locale`, `keywords`) VALUES ('198', 'kind', '0', 'en', ' image ');
INSERT INTO `craft_searchindex` (`elementId`, `attribute`, `fieldId`, `locale`, `keywords`) VALUES ('198', 'slug', '0', 'en', '');
INSERT INTO `craft_searchindex` (`elementId`, `attribute`, `fieldId`, `locale`, `keywords`) VALUES ('198', 'title', '0', 'en', ' editorialist thumb 1 ');
INSERT INTO `craft_searchindex` (`elementId`, `attribute`, `fieldId`, `locale`, `keywords`) VALUES ('201', 'field', '37', 'en', '');
INSERT INTO `craft_searchindex` (`elementId`, `attribute`, `fieldId`, `locale`, `keywords`) VALUES ('201', 'slug', '0', 'en', '');
INSERT INTO `craft_searchindex` (`elementId`, `attribute`, `fieldId`, `locale`, `keywords`) VALUES ('202', 'field', '18', 'en', ' these are some of the sites we ve made together ');
INSERT INTO `craft_searchindex` (`elementId`, `attribute`, `fieldId`, `locale`, `keywords`) VALUES ('202', 'slug', '0', 'en', '');
INSERT INTO `craft_searchindex` (`elementId`, `attribute`, `fieldId`, `locale`, `keywords`) VALUES ('203', 'field', '25', 'en', ' i d love to hear about your goals and ideas and help you make your website a success ');
INSERT INTO `craft_searchindex` (`elementId`, `attribute`, `fieldId`, `locale`, `keywords`) VALUES ('203', 'slug', '0', 'en', '');
INSERT INTO `craft_searchindex` (`elementId`, `attribute`, `fieldId`, `locale`, `keywords`) VALUES ('204', 'slug', '0', 'en', '');
INSERT INTO `craft_searchindex` (`elementId`, `attribute`, `fieldId`, `locale`, `keywords`) VALUES ('204', 'title', '0', 'en', ' sfc main 1 ');



--
-- Schema for table `craft_sections`
--

DROP TABLE IF EXISTS `craft_sections`;

CREATE TABLE `craft_sections` (
  `id` int(11) NOT NULL AUTO_INCREMENT,
  `structureId` int(11) DEFAULT NULL,
  `name` varchar(255) COLLATE utf8_unicode_ci NOT NULL,
  `handle` varchar(255) COLLATE utf8_unicode_ci NOT NULL,
  `type` enum('single','channel','structure') COLLATE utf8_unicode_ci NOT NULL DEFAULT 'channel',
  `hasUrls` tinyint(1) unsigned NOT NULL DEFAULT '1',
  `template` varchar(500) COLLATE utf8_unicode_ci DEFAULT NULL,
  `enableVersioning` tinyint(1) unsigned NOT NULL DEFAULT '0',
  `dateCreated` datetime NOT NULL,
  `dateUpdated` datetime NOT NULL,
  `uid` char(36) COLLATE utf8_unicode_ci NOT NULL DEFAULT '0',
  PRIMARY KEY (`id`),
  UNIQUE KEY `craft_sections_name_unq_idx` (`name`),
  UNIQUE KEY `craft_sections_handle_unq_idx` (`handle`),
  KEY `craft_sections_structureId_fk` (`structureId`)
) ENGINE=InnoDB AUTO_INCREMENT=7 DEFAULT CHARSET=utf8 COLLATE=utf8_unicode_ci;

--
-- Data for table `craft_sections`
--

INSERT INTO `craft_sections` (`id`, `structureId`, `name`, `handle`, `type`, `hasUrls`, `template`, `enableVersioning`, `dateCreated`, `dateUpdated`, `uid`) VALUES ('1', NULL, 'Home', 'home', 'single', '1', 'pages/home', '1', '2014-05-12 11:05:30', '2014-10-13 12:51:16', '0593ee9e-1093-41e8-98cd-797c8641cb15');
INSERT INTO `craft_sections` (`id`, `structureId`, `name`, `handle`, `type`, `hasUrls`, `template`, `enableVersioning`, `dateCreated`, `dateUpdated`, `uid`) VALUES ('2', NULL, 'Entries', 'entries', 'channel', '1', 'pages/entry-detail', '1', '2014-05-12 11:05:30', '2014-10-13 16:20:06', '0d8859e7-ba42-4e87-834a-512d01b39806');
INSERT INTO `craft_sections` (`id`, `structureId`, `name`, `handle`, `type`, `hasUrls`, `template`, `enableVersioning`, `dateCreated`, `dateUpdated`, `uid`) VALUES ('3', NULL, 'Notes', 'notes', 'single', '1', 'pages/notes', '1', '2014-05-26 14:56:43', '2014-10-13 17:28:12', 'de0df3ed-a161-442a-bbd1-5f63fc93a5a0');
INSERT INTO `craft_sections` (`id`, `structureId`, `name`, `handle`, `type`, `hasUrls`, `template`, `enableVersioning`, `dateCreated`, `dateUpdated`, `uid`) VALUES ('4', NULL, 'About', 'about', 'single', '1', 'pages/about', '1', '2014-05-26 15:03:37', '2014-10-13 17:21:24', '7c7b3d74-7de5-4aac-9da2-ca722fabe61b');
INSERT INTO `craft_sections` (`id`, `structureId`, `name`, `handle`, `type`, `hasUrls`, `template`, `enableVersioning`, `dateCreated`, `dateUpdated`, `uid`) VALUES ('6', NULL, 'Projects', 'projects', 'single', '1', 'pages/projects', '1', '2014-05-26 15:06:11', '2014-10-13 15:51:58', '751427ec-761e-459b-9207-a3977eb829c7');



--
-- Schema for table `craft_sections_i18n`
--

DROP TABLE IF EXISTS `craft_sections_i18n`;

CREATE TABLE `craft_sections_i18n` (
  `id` int(11) NOT NULL AUTO_INCREMENT,
  `sectionId` int(11) NOT NULL,
  `locale` char(12) COLLATE utf8_unicode_ci NOT NULL,
  `enabledByDefault` tinyint(1) unsigned NOT NULL DEFAULT '1',
  `urlFormat` varchar(255) COLLATE utf8_unicode_ci DEFAULT NULL,
  `nestedUrlFormat` varchar(255) COLLATE utf8_unicode_ci DEFAULT NULL,
  `dateCreated` datetime NOT NULL,
  `dateUpdated` datetime NOT NULL,
  `uid` char(36) COLLATE utf8_unicode_ci NOT NULL DEFAULT '0',
  PRIMARY KEY (`id`),
  UNIQUE KEY `craft_sections_i18n_sectionId_locale_unq_idx` (`sectionId`,`locale`),
  KEY `craft_sections_i18n_locale_fk` (`locale`)
) ENGINE=InnoDB AUTO_INCREMENT=7 DEFAULT CHARSET=utf8 COLLATE=utf8_unicode_ci;

--
-- Data for table `craft_sections_i18n`
--

INSERT INTO `craft_sections_i18n` (`id`, `sectionId`, `locale`, `enabledByDefault`, `urlFormat`, `nestedUrlFormat`, `dateCreated`, `dateUpdated`, `uid`) VALUES ('1', '1', 'en', '0', '__home__', NULL, '2014-05-12 11:05:30', '2014-05-26 14:18:15', 'f9602b72-97ff-4976-868b-d9504194557b');
INSERT INTO `craft_sections_i18n` (`id`, `sectionId`, `locale`, `enabledByDefault`, `urlFormat`, `nestedUrlFormat`, `dateCreated`, `dateUpdated`, `uid`) VALUES ('2', '2', 'en', '0', '{type}/{slug}', NULL, '2014-05-12 11:05:30', '2014-05-26 20:29:52', '6b66727d-756e-4a0d-9cf1-c9bc8115a3d5');
INSERT INTO `craft_sections_i18n` (`id`, `sectionId`, `locale`, `enabledByDefault`, `urlFormat`, `nestedUrlFormat`, `dateCreated`, `dateUpdated`, `uid`) VALUES ('3', '3', 'en', '0', 'notes', NULL, '2014-05-26 14:56:43', '2014-05-26 20:32:05', '6f9ebcdd-4192-4be1-94fd-8d84ebf2ab27');
INSERT INTO `craft_sections_i18n` (`id`, `sectionId`, `locale`, `enabledByDefault`, `urlFormat`, `nestedUrlFormat`, `dateCreated`, `dateUpdated`, `uid`) VALUES ('4', '4', 'en', '0', 'about', NULL, '2014-05-26 15:03:37', '2014-05-26 15:03:37', '7154df30-5167-4eae-aba8-b1fac36cb820');
INSERT INTO `craft_sections_i18n` (`id`, `sectionId`, `locale`, `enabledByDefault`, `urlFormat`, `nestedUrlFormat`, `dateCreated`, `dateUpdated`, `uid`) VALUES ('6', '6', 'en', '0', 'projects', NULL, '2014-05-26 15:06:11', '2014-10-13 15:51:58', '33e55d99-ef6e-450a-b3a4-86dd90d6d37a');



--
-- Schema for table `craft_sessions`
--

DROP TABLE IF EXISTS `craft_sessions`;

CREATE TABLE `craft_sessions` (
  `id` int(11) NOT NULL AUTO_INCREMENT,
  `userId` int(11) NOT NULL,
  `token` char(100) COLLATE utf8_unicode_ci NOT NULL,
  `dateCreated` datetime NOT NULL,
  `dateUpdated` datetime NOT NULL,
  `uid` char(36) COLLATE utf8_unicode_ci NOT NULL DEFAULT '0',
  PRIMARY KEY (`id`),
  KEY `craft_sessions_uid_idx` (`uid`),
  KEY `craft_sessions_token_idx` (`token`),
  KEY `craft_sessions_dateUpdated_idx` (`dateUpdated`),
  KEY `craft_sessions_userId_fk` (`userId`)
) ENGINE=InnoDB AUTO_INCREMENT=23 DEFAULT CHARSET=utf8 COLLATE=utf8_unicode_ci;

--
-- Data for table `craft_sessions`
--

INSERT INTO `craft_sessions` (`id`, `userId`, `token`, `dateCreated`, `dateUpdated`, `uid`) VALUES ('1', '1', '102ddbebc25e8f909881bd1e47eba773d0b7a0abczozNjoiZDc1MTdkYWMtZGUyZC00MTE2LTgzZjUtZWMyNmMzMzE1ZGM4Ijs=', '2014-05-12 11:05:30', '2014-05-12 11:05:30', 'e632b4d6-797f-4f95-8ffd-d40cc69fb4d6');
INSERT INTO `craft_sessions` (`id`, `userId`, `token`, `dateCreated`, `dateUpdated`, `uid`) VALUES ('2', '1', '7a0771f313e405f55340725fa0796fe526d9c556czozNjoiY2NjMDVhOTYtNWFjOC00NDQyLThiYTctZmUxNTc4Zjc2NzU4Ijs=', '2014-05-26 14:11:06', '2014-05-26 14:11:06', '02dd9604-c9c5-43b2-a387-9c7e28a7a252');
INSERT INTO `craft_sessions` (`id`, `userId`, `token`, `dateCreated`, `dateUpdated`, `uid`) VALUES ('3', '1', '4862c30bc653950d41c0f0848e056ebb0e78839aczozNjoiYmUzOTVhYTgtMmQyNS00Njc1LWEzYmYtMDM1ZDI0OTQ2MjFhIjs=', '2014-05-26 15:14:20', '2014-05-26 15:14:20', '53cde0b0-08b2-46ad-9448-73a5beea1f89');
INSERT INTO `craft_sessions` (`id`, `userId`, `token`, `dateCreated`, `dateUpdated`, `uid`) VALUES ('4', '1', 'e39fab7d3c58cee4b50755ba7e67fc9045f1211aczozNjoiMjkxZTkxZTMtYmEzMy00ZjVmLWEzMWMtZTc5MzVhMTgxODkxIjs=', '2014-05-26 19:07:43', '2014-05-26 19:07:43', '2c27c484-ffd1-420f-8232-a63f3c63075b');
INSERT INTO `craft_sessions` (`id`, `userId`, `token`, `dateCreated`, `dateUpdated`, `uid`) VALUES ('5', '1', '319d5890095727d7d0fc701084fcbc900f454737czozNjoiOTg1MDJhYzEtODZlNi00MDQ0LWI0NzItMWFmMmVhNWZjY2VjIjs=', '2014-05-27 09:33:08', '2014-05-27 09:33:08', '0988704a-d61c-4ef1-8157-fba0e2ccec99');
INSERT INTO `craft_sessions` (`id`, `userId`, `token`, `dateCreated`, `dateUpdated`, `uid`) VALUES ('6', '1', '9d074a7f06c4323b33160556179c3f16dc498c46czozNjoiY2U5ODRkMjAtMGE5OC00NDY3LWEwOWYtOTFmZWQ4MzU1MjcxIjs=', '2014-06-25 12:23:44', '2014-06-25 12:23:44', '9a756dfb-dd5a-4171-9bc8-28a99fe4d4d0');
INSERT INTO `craft_sessions` (`id`, `userId`, `token`, `dateCreated`, `dateUpdated`, `uid`) VALUES ('7', '1', 'b92d2b620856f4a62327e673a9582f9ea4f33b02czozNjoiYTNiNWVlOTQtNmNhYS00Y2E4LWIwMGUtNzYxYWVhYTA0YmM1Ijs=', '2014-06-25 23:15:03', '2014-06-25 23:15:03', 'afdc8182-b8aa-4ed8-8355-1f862088749b');
INSERT INTO `craft_sessions` (`id`, `userId`, `token`, `dateCreated`, `dateUpdated`, `uid`) VALUES ('8', '1', 'a8cc652991a65948176e0c764cb23900f00304a1czozNjoiYzVlZGExYzMtNDg5Yi00ZDFiLWE5OTAtMWM2MmI4ZTVmODRkIjs=', '2014-06-26 08:32:29', '2014-06-26 08:32:29', '82dd9a83-cc04-4ff5-908c-895907377744');
INSERT INTO `craft_sessions` (`id`, `userId`, `token`, `dateCreated`, `dateUpdated`, `uid`) VALUES ('9', '1', '8ec019b9e39e17203a13023f4ea7ea757cd30531czozNjoiYjhlMmQ5OTUtZGVhOS00YTgzLWIxYTQtMGU3MjFiZDYxMTc5Ijs=', '2014-07-08 09:47:15', '2014-07-08 09:47:15', '080d4541-334e-4104-81b2-dcd968cd3c19');
INSERT INTO `craft_sessions` (`id`, `userId`, `token`, `dateCreated`, `dateUpdated`, `uid`) VALUES ('10', '1', 'f13b6029b2be80070d80a503a582ae885843ff4fczozNjoiYTYwNmU1NWItNGJjNi00OGVlLWJkNDctNmM3MDliMTM3M2M0Ijs=', '2014-07-17 06:38:00', '2014-07-17 06:38:00', '43d0ed9d-710a-42ec-af04-b82ff795ec4c');
INSERT INTO `craft_sessions` (`id`, `userId`, `token`, `dateCreated`, `dateUpdated`, `uid`) VALUES ('11', '1', '4b26ca1bd1ff0f923e0dc48f3bfcb193b3b26c28czozNjoiOWZiMTJhNjUtYjFkNC00M2NjLWE2YmItMzkyZDc4MzhlY2M2Ijs=', '2014-07-17 11:56:04', '2014-07-17 11:56:04', '7b24a7bf-ea51-4edd-bf91-4979554ff9ab');
INSERT INTO `craft_sessions` (`id`, `userId`, `token`, `dateCreated`, `dateUpdated`, `uid`) VALUES ('12', '1', '4d5df7f14daa863c6bf27c7e6e507e74d96c19fbczozNjoiNDY3MTNlZmMtM2E1MC00ZmNhLWFkZDQtZjE2ZGRlZjBhYjE5Ijs=', '2014-07-21 20:20:42', '2014-07-21 20:20:42', '7a79f92d-7b0c-41d7-9fd4-bdee51ca9ce3');
INSERT INTO `craft_sessions` (`id`, `userId`, `token`, `dateCreated`, `dateUpdated`, `uid`) VALUES ('13', '1', '12f05dacab060e7179078f5f95601713bfa58dd0czozNjoiYWMxZTFmMGYtMmNiMS00MjYyLTk4ZDUtYTM3MTUyOTNiMDVjIjs=', '2014-07-22 09:19:39', '2014-07-22 09:19:39', '28be90a2-395a-4173-a3b4-6631743f1beb');
INSERT INTO `craft_sessions` (`id`, `userId`, `token`, `dateCreated`, `dateUpdated`, `uid`) VALUES ('14', '1', '61002b08d294ae3f33564a762099c1e4db8bbf07czozNjoiZDRmZDc0OTQtNjEzZi00MGE4LTk1N2QtMzY4MzlhNjNkY2ExIjs=', '2014-07-22 20:59:10', '2014-07-22 20:59:10', 'e6b283fa-1224-4d14-9be7-bcd49aea9364');
INSERT INTO `craft_sessions` (`id`, `userId`, `token`, `dateCreated`, `dateUpdated`, `uid`) VALUES ('15', '1', '1f9c238c58661fbf2250c55e1a7d39614e06c259czozNjoiOTc5NDRmNjAtMTY2Yi00NWMxLTgwMzMtNmVmZjBjOWVmMzZlIjs=', '2014-07-23 07:33:09', '2014-07-23 07:33:09', '3503161f-909a-4988-a3b4-173da7725de7');
INSERT INTO `craft_sessions` (`id`, `userId`, `token`, `dateCreated`, `dateUpdated`, `uid`) VALUES ('16', '1', '82341b1f8e389e41d4f8f88d9ee6760fe31be3e3czozNjoiODMxMjBkMTgtZWY3Mi00MjFiLWEwZmUtYTFkY2JhNTAzNzNlIjs=', '2014-07-23 18:26:59', '2014-07-23 18:26:59', 'fa95b1b1-b960-4929-9cb4-75d2aaa28301');
INSERT INTO `craft_sessions` (`id`, `userId`, `token`, `dateCreated`, `dateUpdated`, `uid`) VALUES ('17', '1', '85545c34c7569784d8c69de06a910698bb77cecaczozNjoiM2UzMmFhN2EtZTE2MC00OGU0LTkyYTgtZGFhYzUwMDg2MTk4Ijs=', '2014-07-24 09:27:28', '2014-07-24 09:27:28', '4b8d42c1-724f-4165-a118-dc30b2e9b40d');
INSERT INTO `craft_sessions` (`id`, `userId`, `token`, `dateCreated`, `dateUpdated`, `uid`) VALUES ('18', '1', '115f330ed370855a8697cc9afb9b7337b37f1282czozNjoiNWJjN2E5OTktZGVlNC00NjI2LWFlZmUtNjk0YmZmZTc0MjRjIjs=', '2014-07-24 12:20:39', '2014-07-24 12:20:39', '646d43fa-9bbc-4203-9c49-d1205fb80733');
INSERT INTO `craft_sessions` (`id`, `userId`, `token`, `dateCreated`, `dateUpdated`, `uid`) VALUES ('19', '1', '111e95eb24b918f50a2e23b581677734a7d413f1czozNjoiZjFkYzhiOTctOTU0MC00Y2E4LWExYTUtZjNlNDYzMDVkZWFlIjs=', '2014-07-24 16:15:56', '2014-07-24 16:15:56', '29b14eb4-95ba-4ae1-b734-99d0944d0231');
INSERT INTO `craft_sessions` (`id`, `userId`, `token`, `dateCreated`, `dateUpdated`, `uid`) VALUES ('20', '1', 'eaee351701a43f2e73eacf9f8b1e7d6c085886ecczozNjoiNjRjMGQ3YWUtOTcwNi00NzI3LTg3NTEtMjFkMjBjMjMxYTdlIjs=', '2014-07-25 06:55:15', '2014-07-25 06:55:15', '41ba8fcf-7a58-4e07-9fc7-551d9ec92f13');
INSERT INTO `craft_sessions` (`id`, `userId`, `token`, `dateCreated`, `dateUpdated`, `uid`) VALUES ('21', '1', '8fcbfdb6dd477f3df1c84abb1be64a3c9165f814czozNjoiODcwYmZjYzEtNGY4Ny00NzM5LWE5MjYtOTQ0YmVjZjA0MmViIjs=', '2014-07-28 18:20:01', '2014-07-28 18:20:01', '24da59e2-662c-4e4c-afe0-d27fd4a2ca1f');
INSERT INTO `craft_sessions` (`id`, `userId`, `token`, `dateCreated`, `dateUpdated`, `uid`) VALUES ('22', '1', '65b9672523bc02028a5b32552501dea278dcd0bdczozNjoiNmI0ZGVlZDUtYmYzYy00NTRlLThjNGYtYmI3M2Q0ZTQxNDVhIjs=', '2014-08-04 12:16:31', '2014-08-04 16:12:13', '80d4ec3b-8e12-412f-a8e6-7308d0ee2ccd');



--
-- Schema for table `craft_shunnedmessages`
--

DROP TABLE IF EXISTS `craft_shunnedmessages`;

CREATE TABLE `craft_shunnedmessages` (
  `id` int(11) NOT NULL AUTO_INCREMENT,
  `userId` int(11) NOT NULL,
  `message` varchar(255) COLLATE utf8_unicode_ci NOT NULL,
  `expiryDate` datetime DEFAULT NULL,
  `dateCreated` datetime NOT NULL,
  `dateUpdated` datetime NOT NULL,
  `uid` char(36) COLLATE utf8_unicode_ci NOT NULL DEFAULT '0',
  PRIMARY KEY (`id`),
  UNIQUE KEY `craft_shunnedmessages_userId_message_unq_idx` (`userId`,`message`)
) ENGINE=InnoDB DEFAULT CHARSET=utf8 COLLATE=utf8_unicode_ci;

--
-- Schema for table `craft_structureelements`
--

DROP TABLE IF EXISTS `craft_structureelements`;

CREATE TABLE `craft_structureelements` (
  `id` int(11) NOT NULL AUTO_INCREMENT,
  `structureId` int(11) NOT NULL,
  `elementId` int(11) DEFAULT NULL,
  `root` int(11) unsigned DEFAULT NULL,
  `lft` int(11) unsigned NOT NULL,
  `rgt` int(11) unsigned NOT NULL,
  `level` smallint(6) unsigned NOT NULL,
  `dateCreated` datetime NOT NULL,
  `dateUpdated` datetime NOT NULL,
  `uid` char(36) COLLATE utf8_unicode_ci NOT NULL DEFAULT '0',
  PRIMARY KEY (`id`),
  UNIQUE KEY `craft_structureelements_structureId_elementId_unq_idx` (`structureId`,`elementId`),
  KEY `craft_structureelements_root_idx` (`root`),
  KEY `craft_structureelements_lft_idx` (`lft`),
  KEY `craft_structureelements_rgt_idx` (`rgt`),
  KEY `craft_structureelements_level_idx` (`level`),
  KEY `craft_structureelements_elementId_fk` (`elementId`)
) ENGINE=InnoDB DEFAULT CHARSET=utf8 COLLATE=utf8_unicode_ci;

--
-- Schema for table `craft_structures`
--

DROP TABLE IF EXISTS `craft_structures`;

CREATE TABLE `craft_structures` (
  `id` int(11) NOT NULL AUTO_INCREMENT,
  `maxLevels` smallint(6) unsigned DEFAULT NULL,
  `movePermission` varchar(255) COLLATE utf8_unicode_ci DEFAULT NULL,
  `dateCreated` datetime NOT NULL,
  `dateUpdated` datetime NOT NULL,
  `uid` char(36) COLLATE utf8_unicode_ci NOT NULL DEFAULT '0',
  PRIMARY KEY (`id`)
) ENGINE=InnoDB DEFAULT CHARSET=utf8 COLLATE=utf8_unicode_ci;

--
-- Schema for table `craft_systemsettings`
--

DROP TABLE IF EXISTS `craft_systemsettings`;

CREATE TABLE `craft_systemsettings` (
  `id` int(11) NOT NULL AUTO_INCREMENT,
  `category` varchar(15) COLLATE utf8_unicode_ci NOT NULL,
  `settings` text COLLATE utf8_unicode_ci,
  `dateCreated` datetime NOT NULL,
  `dateUpdated` datetime NOT NULL,
  `uid` char(36) COLLATE utf8_unicode_ci NOT NULL DEFAULT '0',
  PRIMARY KEY (`id`),
  UNIQUE KEY `craft_systemsettings_category_unq_idx` (`category`)
) ENGINE=InnoDB AUTO_INCREMENT=2 DEFAULT CHARSET=utf8 COLLATE=utf8_unicode_ci;

--
-- Data for table `craft_systemsettings`
--

INSERT INTO `craft_systemsettings` (`id`, `category`, `settings`, `dateCreated`, `dateUpdated`, `uid`) VALUES ('1', 'email', '{\"protocol\":\"php\",\"emailAddress\":\"katrinkerber@gmail.com\",\"senderName\":\"Katrin Kerber\"}', '2014-05-12 11:05:30', '2014-05-12 11:05:30', '9b1d2acb-95c3-4db9-afab-fb9bcd4bd1a6');



--
-- Schema for table `craft_taggroups`
--

DROP TABLE IF EXISTS `craft_taggroups`;

CREATE TABLE `craft_taggroups` (
  `id` int(11) NOT NULL AUTO_INCREMENT,
  `name` varchar(255) COLLATE utf8_unicode_ci NOT NULL,
  `handle` varchar(255) COLLATE utf8_unicode_ci NOT NULL,
  `fieldLayoutId` int(10) DEFAULT NULL,
  `dateCreated` datetime NOT NULL,
  `dateUpdated` datetime NOT NULL,
  `uid` char(36) COLLATE utf8_unicode_ci NOT NULL DEFAULT '0',
  PRIMARY KEY (`id`),
  UNIQUE KEY `craft_taggroups_name_unq_idx` (`name`),
  UNIQUE KEY `craft_taggroups_handle_unq_idx` (`handle`),
  KEY `craft_taggroups_fieldLayoutId_fk` (`fieldLayoutId`)
) ENGINE=InnoDB AUTO_INCREMENT=2 DEFAULT CHARSET=utf8 COLLATE=utf8_unicode_ci;

--
-- Data for table `craft_taggroups`
--

INSERT INTO `craft_taggroups` (`id`, `name`, `handle`, `fieldLayoutId`, `dateCreated`, `dateUpdated`, `uid`) VALUES ('1', 'Default', 'default', '1', '2014-05-12 11:05:30', '2014-05-12 11:05:30', '20442c5a-6659-4b44-a24f-b8d4a0134302');



--
-- Schema for table `craft_tags`
--

DROP TABLE IF EXISTS `craft_tags`;

CREATE TABLE `craft_tags` (
  `id` int(11) NOT NULL,
  `groupId` int(11) NOT NULL,
  `name` varchar(255) COLLATE utf8_unicode_ci NOT NULL,
  `dateCreated` datetime NOT NULL,
  `dateUpdated` datetime NOT NULL,
  `uid` char(36) COLLATE utf8_unicode_ci NOT NULL DEFAULT '0',
  PRIMARY KEY (`id`),
  UNIQUE KEY `craft_tags_name_groupId_unq_idx` (`name`,`groupId`),
  KEY `craft_tags_groupId_fk` (`groupId`)
) ENGINE=InnoDB DEFAULT CHARSET=utf8 COLLATE=utf8_unicode_ci;

--
-- Schema for table `craft_tasks`
--

DROP TABLE IF EXISTS `craft_tasks`;

CREATE TABLE `craft_tasks` (
  `id` int(11) NOT NULL AUTO_INCREMENT,
  `root` int(11) unsigned DEFAULT NULL,
  `lft` int(11) unsigned NOT NULL,
  `rgt` int(11) unsigned NOT NULL,
  `level` smallint(6) unsigned NOT NULL,
  `currentStep` int(11) unsigned DEFAULT NULL,
  `totalSteps` int(11) unsigned DEFAULT NULL,
  `status` enum('pending','error','running') COLLATE utf8_unicode_ci DEFAULT NULL,
  `type` varchar(150) COLLATE utf8_unicode_ci NOT NULL,
  `description` varchar(255) COLLATE utf8_unicode_ci DEFAULT NULL,
  `settings` text COLLATE utf8_unicode_ci,
  `dateCreated` datetime NOT NULL,
  `dateUpdated` datetime NOT NULL,
  `uid` char(36) COLLATE utf8_unicode_ci NOT NULL DEFAULT '0',
  PRIMARY KEY (`id`),
  KEY `craft_tasks_root_idx` (`root`),
  KEY `craft_tasks_lft_idx` (`lft`),
  KEY `craft_tasks_rgt_idx` (`rgt`),
  KEY `craft_tasks_level_idx` (`level`)
) ENGINE=InnoDB AUTO_INCREMENT=5 DEFAULT CHARSET=utf8 COLLATE=utf8_unicode_ci;

--
-- Schema for table `craft_templatecachecriteria`
--

DROP TABLE IF EXISTS `craft_templatecachecriteria`;

CREATE TABLE `craft_templatecachecriteria` (
  `id` int(11) NOT NULL AUTO_INCREMENT,
  `cacheId` int(11) NOT NULL,
  `type` varchar(150) COLLATE utf8_unicode_ci NOT NULL,
  `criteria` text COLLATE utf8_unicode_ci NOT NULL,
  PRIMARY KEY (`id`),
  KEY `craft_templatecachecriteria_cacheId_fk` (`cacheId`),
  KEY `craft_templatecachecriteria_type_idx` (`type`)
) ENGINE=InnoDB DEFAULT CHARSET=utf8 COLLATE=utf8_unicode_ci;

--
-- Schema for table `craft_templatecacheelements`
--

DROP TABLE IF EXISTS `craft_templatecacheelements`;

CREATE TABLE `craft_templatecacheelements` (
  `cacheId` int(11) NOT NULL,
  `elementId` int(11) NOT NULL,
  KEY `craft_templatecacheelements_cacheId_fk` (`cacheId`),
  KEY `craft_templatecacheelements_elementId_fk` (`elementId`)
) ENGINE=InnoDB DEFAULT CHARSET=utf8 COLLATE=utf8_unicode_ci;

--
-- Schema for table `craft_templatecaches`
--

DROP TABLE IF EXISTS `craft_templatecaches`;

CREATE TABLE `craft_templatecaches` (
  `id` int(11) NOT NULL AUTO_INCREMENT,
  `cacheKey` varchar(36) COLLATE utf8_unicode_ci NOT NULL,
  `locale` char(12) COLLATE utf8_unicode_ci NOT NULL,
  `path` varchar(255) COLLATE utf8_unicode_ci DEFAULT NULL,
  `expiryDate` datetime NOT NULL,
  `body` mediumtext COLLATE utf8_unicode_ci NOT NULL,
  PRIMARY KEY (`id`),
  KEY `craft_templatecaches_expiryDate_cacheKey_locale_path_idx` (`expiryDate`,`cacheKey`,`locale`,`path`),
  KEY `craft_templatecaches_locale_fk` (`locale`)
) ENGINE=InnoDB DEFAULT CHARSET=utf8 COLLATE=utf8_unicode_ci;

--
-- Schema for table `craft_tokens`
--

DROP TABLE IF EXISTS `craft_tokens`;

CREATE TABLE `craft_tokens` (
  `id` int(11) NOT NULL AUTO_INCREMENT,
  `token` char(32) COLLATE utf8_unicode_ci NOT NULL,
  `route` text COLLATE utf8_unicode_ci,
  `usageLimit` tinyint(3) unsigned DEFAULT NULL,
  `usageCount` tinyint(3) unsigned DEFAULT NULL,
  `expiryDate` datetime NOT NULL,
  `dateCreated` datetime NOT NULL,
  `dateUpdated` datetime NOT NULL,
  `uid` char(36) COLLATE utf8_unicode_ci NOT NULL DEFAULT '0',
  PRIMARY KEY (`id`),
  UNIQUE KEY `craft_tokens_token_unq_idx` (`token`),
  KEY `craft_tokens_expiryDate_idx` (`expiryDate`)
) ENGINE=InnoDB DEFAULT CHARSET=utf8 COLLATE=utf8_unicode_ci;

--
-- Schema for table `craft_usergroups`
--

DROP TABLE IF EXISTS `craft_usergroups`;

CREATE TABLE `craft_usergroups` (
  `id` int(11) NOT NULL AUTO_INCREMENT,
  `name` varchar(255) COLLATE utf8_unicode_ci NOT NULL,
  `handle` varchar(255) COLLATE utf8_unicode_ci NOT NULL,
  `dateCreated` datetime NOT NULL,
  `dateUpdated` datetime NOT NULL,
  `uid` char(36) COLLATE utf8_unicode_ci NOT NULL DEFAULT '0',
  PRIMARY KEY (`id`)
) ENGINE=InnoDB DEFAULT CHARSET=utf8 COLLATE=utf8_unicode_ci;

--
-- Schema for table `craft_usergroups_users`
--

DROP TABLE IF EXISTS `craft_usergroups_users`;

CREATE TABLE `craft_usergroups_users` (
  `id` int(11) NOT NULL AUTO_INCREMENT,
  `groupId` int(11) NOT NULL,
  `userId` int(11) NOT NULL,
  `dateCreated` datetime NOT NULL,
  `dateUpdated` datetime NOT NULL,
  `uid` char(36) COLLATE utf8_unicode_ci NOT NULL DEFAULT '0',
  PRIMARY KEY (`id`),
  UNIQUE KEY `craft_usergroups_users_groupId_userId_unq_idx` (`groupId`,`userId`),
  KEY `craft_usergroups_users_userId_fk` (`userId`)
) ENGINE=InnoDB DEFAULT CHARSET=utf8 COLLATE=utf8_unicode_ci;

--
-- Schema for table `craft_userpermissions`
--

DROP TABLE IF EXISTS `craft_userpermissions`;

CREATE TABLE `craft_userpermissions` (
  `id` int(11) NOT NULL AUTO_INCREMENT,
  `name` varchar(255) COLLATE utf8_unicode_ci NOT NULL,
  `dateCreated` datetime NOT NULL,
  `dateUpdated` datetime NOT NULL,
  `uid` char(36) COLLATE utf8_unicode_ci NOT NULL DEFAULT '0',
  PRIMARY KEY (`id`),
  UNIQUE KEY `craft_userpermissions_name_unq_idx` (`name`)
) ENGINE=InnoDB DEFAULT CHARSET=utf8 COLLATE=utf8_unicode_ci;

--
-- Schema for table `craft_userpermissions_usergroups`
--

DROP TABLE IF EXISTS `craft_userpermissions_usergroups`;

CREATE TABLE `craft_userpermissions_usergroups` (
  `id` int(11) NOT NULL AUTO_INCREMENT,
  `permissionId` int(11) NOT NULL,
  `groupId` int(11) NOT NULL,
  `dateCreated` datetime NOT NULL,
  `dateUpdated` datetime NOT NULL,
  `uid` char(36) COLLATE utf8_unicode_ci NOT NULL DEFAULT '0',
  PRIMARY KEY (`id`),
  UNIQUE KEY `craft_userpermissions_usergroups_permissionId_groupId_unq_idx` (`permissionId`,`groupId`),
  KEY `craft_userpermissions_usergroups_groupId_fk` (`groupId`)
) ENGINE=InnoDB DEFAULT CHARSET=utf8 COLLATE=utf8_unicode_ci;

--
-- Schema for table `craft_userpermissions_users`
--

DROP TABLE IF EXISTS `craft_userpermissions_users`;

CREATE TABLE `craft_userpermissions_users` (
  `id` int(11) NOT NULL AUTO_INCREMENT,
  `permissionId` int(11) NOT NULL,
  `userId` int(11) NOT NULL,
  `dateCreated` datetime NOT NULL,
  `dateUpdated` datetime NOT NULL,
  `uid` char(36) COLLATE utf8_unicode_ci NOT NULL DEFAULT '0',
  PRIMARY KEY (`id`),
  UNIQUE KEY `craft_userpermissions_users_permissionId_userId_unq_idx` (`permissionId`,`userId`),
  KEY `craft_userpermissions_users_userId_fk` (`userId`)
) ENGINE=InnoDB DEFAULT CHARSET=utf8 COLLATE=utf8_unicode_ci;

--
-- Schema for table `craft_users`
--

DROP TABLE IF EXISTS `craft_users`;

CREATE TABLE `craft_users` (
  `id` int(11) NOT NULL,
  `username` varchar(100) COLLATE utf8_unicode_ci NOT NULL,
  `photo` varchar(50) COLLATE utf8_unicode_ci DEFAULT NULL,
  `firstName` varchar(100) COLLATE utf8_unicode_ci DEFAULT NULL,
  `lastName` varchar(100) COLLATE utf8_unicode_ci DEFAULT NULL,
  `email` varchar(255) COLLATE utf8_unicode_ci NOT NULL,
  `password` char(255) COLLATE utf8_unicode_ci DEFAULT NULL,
  `preferredLocale` char(12) COLLATE utf8_unicode_ci DEFAULT NULL,
  `admin` tinyint(1) unsigned NOT NULL DEFAULT '0',
  `client` tinyint(1) unsigned NOT NULL DEFAULT '0',
  `status` enum('active','locked','suspended','pending','archived') COLLATE utf8_unicode_ci DEFAULT 'pending',
  `lastLoginDate` datetime DEFAULT NULL,
  `lastLoginAttemptIPAddress` varchar(45) COLLATE utf8_unicode_ci DEFAULT NULL,
  `invalidLoginWindowStart` datetime DEFAULT NULL,
  `invalidLoginCount` tinyint(4) unsigned DEFAULT NULL,
  `lastInvalidLoginDate` datetime DEFAULT NULL,
  `lockoutDate` datetime DEFAULT NULL,
  `verificationCode` char(100) COLLATE utf8_unicode_ci DEFAULT NULL,
  `verificationCodeIssuedDate` datetime DEFAULT NULL,
  `unverifiedEmail` varchar(255) COLLATE utf8_unicode_ci DEFAULT NULL,
  `passwordResetRequired` tinyint(1) unsigned NOT NULL DEFAULT '0',
  `lastPasswordChangeDate` datetime DEFAULT NULL,
  `dateCreated` datetime NOT NULL,
  `dateUpdated` datetime NOT NULL,
  `uid` char(36) COLLATE utf8_unicode_ci NOT NULL DEFAULT '0',
  PRIMARY KEY (`id`),
  UNIQUE KEY `craft_users_username_unq_idx` (`username`),
  UNIQUE KEY `craft_users_email_unq_idx` (`email`),
  KEY `craft_users_verificationCode_idx` (`verificationCode`),
  KEY `craft_users_uid_idx` (`uid`),
  KEY `craft_users_preferredLocale_fk` (`preferredLocale`)
) ENGINE=InnoDB DEFAULT CHARSET=utf8 COLLATE=utf8_unicode_ci;

--
-- Data for table `craft_users`
--

INSERT INTO `craft_users` (`id`, `username`, `photo`, `firstName`, `lastName`, `email`, `password`, `preferredLocale`, `admin`, `client`, `status`, `lastLoginDate`, `lastLoginAttemptIPAddress`, `invalidLoginWindowStart`, `invalidLoginCount`, `lastInvalidLoginDate`, `lockoutDate`, `verificationCode`, `verificationCodeIssuedDate`, `unverifiedEmail`, `passwordResetRequired`, `lastPasswordChangeDate`, `dateCreated`, `dateUpdated`, `uid`) VALUES ('1', 'katrin', NULL, 'Katrin', 'Kerber', 'katrinkerber@gmail.com', '$2a$13$ICn5qQvq7wKsFFENz8krYewgSwmGbwcpuZ4NRbAy5ftLpYO4dTeT6', NULL, '1', '0', 'active', '2014-08-19 14:27:31', '127.0.0.1', NULL, NULL, '2014-05-26 14:09:43', NULL, NULL, NULL, NULL, '0', '2014-05-12 11:05:28', '2014-05-12 11:05:28', '2014-08-19 14:27:31', '70c0ede4-b91e-40f8-a90c-e4ab3f98c96f');



--
-- Schema for table `craft_widgets`
--

DROP TABLE IF EXISTS `craft_widgets`;

CREATE TABLE `craft_widgets` (
  `id` int(11) NOT NULL AUTO_INCREMENT,
  `userId` int(11) NOT NULL,
  `type` varchar(150) COLLATE utf8_unicode_ci NOT NULL,
  `sortOrder` tinyint(4) DEFAULT NULL,
  `settings` text COLLATE utf8_unicode_ci,
  `enabled` tinyint(1) unsigned NOT NULL DEFAULT '1',
  `dateCreated` datetime NOT NULL,
  `dateUpdated` datetime NOT NULL,
  `uid` char(36) COLLATE utf8_unicode_ci NOT NULL DEFAULT '0',
  PRIMARY KEY (`id`),
  KEY `craft_widgets_userId_fk` (`userId`)
) ENGINE=InnoDB AUTO_INCREMENT=6 DEFAULT CHARSET=utf8 COLLATE=utf8_unicode_ci;

--
-- Data for table `craft_widgets`
--

INSERT INTO `craft_widgets` (`id`, `userId`, `type`, `sortOrder`, `settings`, `enabled`, `dateCreated`, `dateUpdated`, `uid`) VALUES ('1', '1', 'QuickPost', '1', '{\"section\":\"2\"}', '0', '2014-05-12 11:05:33', '2014-05-26 20:55:25', 'e6d5b234-72e4-438b-99f2-38bef31df312');
INSERT INTO `craft_widgets` (`id`, `userId`, `type`, `sortOrder`, `settings`, `enabled`, `dateCreated`, `dateUpdated`, `uid`) VALUES ('2', '1', 'RecentEntries', '2', NULL, '1', '2014-05-12 11:05:33', '2014-05-12 11:05:33', '6c1e841c-744e-4087-bdd6-49cdd081c04d');
INSERT INTO `craft_widgets` (`id`, `userId`, `type`, `sortOrder`, `settings`, `enabled`, `dateCreated`, `dateUpdated`, `uid`) VALUES ('3', '1', 'GetHelp', '3', '[]', '0', '2014-05-12 11:05:33', '2014-05-26 14:12:34', 'f1411998-6560-49df-b149-2601faf2225e');
INSERT INTO `craft_widgets` (`id`, `userId`, `type`, `sortOrder`, `settings`, `enabled`, `dateCreated`, `dateUpdated`, `uid`) VALUES ('4', '1', 'Updates', '4', NULL, '1', '2014-05-12 11:05:33', '2014-05-12 11:05:33', '209e3555-51f6-4c21-8147-09fb1f3d1d8c');
INSERT INTO `craft_widgets` (`id`, `userId`, `type`, `sortOrder`, `settings`, `enabled`, `dateCreated`, `dateUpdated`, `uid`) VALUES ('5', '1', 'Feed', '5', '{\"url\":\"http:\\/\\/feeds.feedburner.com\\/blogandtonic\",\"title\":\"Blog & Tonic\"}', '0', '2014-05-12 11:05:33', '2014-05-26 14:12:38', 'a726317d-14d8-4d0c-afab-53b6b20335f7');


--
-- Constraints for tables
--


--
-- Constraints for table `craft_assetfiles`
--
ALTER TABLE `craft_assetfiles`
	ADD CONSTRAINT `craft_assetfiles_folderId_fk` FOREIGN KEY (`folderId`) REFERENCES `craft_assetfolders` (`id`) ON DELETE CASCADE,
	ADD CONSTRAINT `craft_assetfiles_id_fk` FOREIGN KEY (`id`) REFERENCES `craft_elements` (`id`) ON DELETE CASCADE,
	ADD CONSTRAINT `craft_assetfiles_sourceId_fk` FOREIGN KEY (`sourceId`) REFERENCES `craft_assetsources` (`id`) ON DELETE CASCADE;

--
-- Constraints for table `craft_assetfolders`
--
ALTER TABLE `craft_assetfolders`
	ADD CONSTRAINT `craft_assetfolders_parentId_fk` FOREIGN KEY (`parentId`) REFERENCES `craft_assetfolders` (`id`) ON DELETE CASCADE,
	ADD CONSTRAINT `craft_assetfolders_sourceId_fk` FOREIGN KEY (`sourceId`) REFERENCES `craft_assetsources` (`id`) ON DELETE CASCADE;

--
-- Constraints for table `craft_assetindexdata`
--
ALTER TABLE `craft_assetindexdata`
	ADD CONSTRAINT `craft_assetindexdata_sourceId_fk` FOREIGN KEY (`sourceId`) REFERENCES `craft_assetsources` (`id`) ON DELETE CASCADE;

--
-- Constraints for table `craft_assetsources`
--
ALTER TABLE `craft_assetsources`
	ADD CONSTRAINT `craft_assetsources_fieldLayoutId_fk` FOREIGN KEY (`fieldLayoutId`) REFERENCES `craft_fieldlayouts` (`id`) ON DELETE SET NULL;

--
-- Constraints for table `craft_categories`
--
ALTER TABLE `craft_categories`
	ADD CONSTRAINT `craft_categories_groupId_fk` FOREIGN KEY (`groupId`) REFERENCES `craft_categorygroups` (`id`) ON DELETE CASCADE,
	ADD CONSTRAINT `craft_categories_id_fk` FOREIGN KEY (`id`) REFERENCES `craft_elements` (`id`) ON DELETE CASCADE;

--
-- Constraints for table `craft_categorygroups`
--
ALTER TABLE `craft_categorygroups`
	ADD CONSTRAINT `craft_categorygroups_fieldLayoutId_fk` FOREIGN KEY (`fieldLayoutId`) REFERENCES `craft_fieldlayouts` (`id`) ON DELETE SET NULL,
	ADD CONSTRAINT `craft_categorygroups_structureId_fk` FOREIGN KEY (`structureId`) REFERENCES `craft_structures` (`id`) ON DELETE CASCADE;

--
-- Constraints for table `craft_categorygroups_i18n`
--
ALTER TABLE `craft_categorygroups_i18n`
	ADD CONSTRAINT `craft_categorygroups_i18n_groupId_fk` FOREIGN KEY (`groupId`) REFERENCES `craft_categorygroups` (`id`) ON DELETE CASCADE,
	ADD CONSTRAINT `craft_categorygroups_i18n_locale_fk` FOREIGN KEY (`locale`) REFERENCES `craft_locales` (`locale`) ON DELETE CASCADE ON UPDATE CASCADE;

--
-- Constraints for table `craft_content`
--
ALTER TABLE `craft_content`
	ADD CONSTRAINT `craft_content_elementId_fk` FOREIGN KEY (`elementId`) REFERENCES `craft_elements` (`id`) ON DELETE CASCADE,
	ADD CONSTRAINT `craft_content_locale_fk` FOREIGN KEY (`locale`) REFERENCES `craft_locales` (`locale`) ON DELETE CASCADE ON UPDATE CASCADE;

--
-- Constraints for table `craft_elements_i18n`
--
ALTER TABLE `craft_elements_i18n`
	ADD CONSTRAINT `craft_elements_i18n_elementId_fk` FOREIGN KEY (`elementId`) REFERENCES `craft_elements` (`id`) ON DELETE CASCADE,
	ADD CONSTRAINT `craft_elements_i18n_locale_fk` FOREIGN KEY (`locale`) REFERENCES `craft_locales` (`locale`) ON DELETE CASCADE ON UPDATE CASCADE;

--
-- Constraints for table `craft_emailmessages`
--
ALTER TABLE `craft_emailmessages`
	ADD CONSTRAINT `craft_emailmessages_locale_fk` FOREIGN KEY (`locale`) REFERENCES `craft_locales` (`locale`) ON DELETE CASCADE ON UPDATE CASCADE;

--
-- Constraints for table `craft_entries`
--
ALTER TABLE `craft_entries`
	ADD CONSTRAINT `craft_entries_authorId_fk` FOREIGN KEY (`authorId`) REFERENCES `craft_users` (`id`) ON DELETE CASCADE,
	ADD CONSTRAINT `craft_entries_id_fk` FOREIGN KEY (`id`) REFERENCES `craft_elements` (`id`) ON DELETE CASCADE,
	ADD CONSTRAINT `craft_entries_sectionId_fk` FOREIGN KEY (`sectionId`) REFERENCES `craft_sections` (`id`) ON DELETE CASCADE,
	ADD CONSTRAINT `craft_entries_typeId_fk` FOREIGN KEY (`typeId`) REFERENCES `craft_entrytypes` (`id`) ON DELETE CASCADE;

--
-- Constraints for table `craft_entrydrafts`
--
ALTER TABLE `craft_entrydrafts`
	ADD CONSTRAINT `craft_entrydrafts_creatorId_fk` FOREIGN KEY (`creatorId`) REFERENCES `craft_users` (`id`) ON DELETE CASCADE,
	ADD CONSTRAINT `craft_entrydrafts_entryId_fk` FOREIGN KEY (`entryId`) REFERENCES `craft_entries` (`id`) ON DELETE CASCADE,
	ADD CONSTRAINT `craft_entrydrafts_locale_fk` FOREIGN KEY (`locale`) REFERENCES `craft_locales` (`locale`) ON DELETE CASCADE ON UPDATE CASCADE,
	ADD CONSTRAINT `craft_entrydrafts_sectionId_fk` FOREIGN KEY (`sectionId`) REFERENCES `craft_sections` (`id`) ON DELETE CASCADE;

--
-- Constraints for table `craft_entrytypes`
--
ALTER TABLE `craft_entrytypes`
	ADD CONSTRAINT `craft_entrytypes_fieldLayoutId_fk` FOREIGN KEY (`fieldLayoutId`) REFERENCES `craft_fieldlayouts` (`id`) ON DELETE SET NULL,
	ADD CONSTRAINT `craft_entrytypes_sectionId_fk` FOREIGN KEY (`sectionId`) REFERENCES `craft_sections` (`id`) ON DELETE CASCADE;

--
-- Constraints for table `craft_entryversions`
--
ALTER TABLE `craft_entryversions`
	ADD CONSTRAINT `craft_entryversions_creatorId_fk` FOREIGN KEY (`creatorId`) REFERENCES `craft_users` (`id`) ON DELETE SET NULL,
	ADD CONSTRAINT `craft_entryversions_entryId_fk` FOREIGN KEY (`entryId`) REFERENCES `craft_entries` (`id`) ON DELETE CASCADE,
	ADD CONSTRAINT `craft_entryversions_locale_fk` FOREIGN KEY (`locale`) REFERENCES `craft_locales` (`locale`) ON DELETE CASCADE ON UPDATE CASCADE,
	ADD CONSTRAINT `craft_entryversions_sectionId_fk` FOREIGN KEY (`sectionId`) REFERENCES `craft_sections` (`id`) ON DELETE CASCADE;

--
-- Constraints for table `craft_fieldlayoutfields`
--
ALTER TABLE `craft_fieldlayoutfields`
	ADD CONSTRAINT `craft_fieldlayoutfields_fieldId_fk` FOREIGN KEY (`fieldId`) REFERENCES `craft_fields` (`id`) ON DELETE CASCADE,
	ADD CONSTRAINT `craft_fieldlayoutfields_layoutId_fk` FOREIGN KEY (`layoutId`) REFERENCES `craft_fieldlayouts` (`id`) ON DELETE CASCADE,
	ADD CONSTRAINT `craft_fieldlayoutfields_tabId_fk` FOREIGN KEY (`tabId`) REFERENCES `craft_fieldlayouttabs` (`id`) ON DELETE CASCADE;

--
-- Constraints for table `craft_fieldlayouttabs`
--
ALTER TABLE `craft_fieldlayouttabs`
	ADD CONSTRAINT `craft_fieldlayouttabs_layoutId_fk` FOREIGN KEY (`layoutId`) REFERENCES `craft_fieldlayouts` (`id`) ON DELETE CASCADE;

--
-- Constraints for table `craft_fields`
--
ALTER TABLE `craft_fields`
	ADD CONSTRAINT `craft_fields_groupId_fk` FOREIGN KEY (`groupId`) REFERENCES `craft_fieldgroups` (`id`) ON DELETE CASCADE;

--
-- Constraints for table `craft_globalsets`
--
ALTER TABLE `craft_globalsets`
	ADD CONSTRAINT `craft_globalsets_fieldLayoutId_fk` FOREIGN KEY (`fieldLayoutId`) REFERENCES `craft_fieldlayouts` (`id`) ON DELETE SET NULL,
	ADD CONSTRAINT `craft_globalsets_id_fk` FOREIGN KEY (`id`) REFERENCES `craft_elements` (`id`) ON DELETE CASCADE;

--
-- Constraints for table `craft_matrixblocks`
--
ALTER TABLE `craft_matrixblocks`
	ADD CONSTRAINT `craft_matrixblocks_fieldId_fk` FOREIGN KEY (`fieldId`) REFERENCES `craft_fields` (`id`) ON DELETE CASCADE,
	ADD CONSTRAINT `craft_matrixblocks_id_fk` FOREIGN KEY (`id`) REFERENCES `craft_elements` (`id`) ON DELETE CASCADE,
	ADD CONSTRAINT `craft_matrixblocks_ownerId_fk` FOREIGN KEY (`ownerId`) REFERENCES `craft_elements` (`id`) ON DELETE CASCADE,
	ADD CONSTRAINT `craft_matrixblocks_ownerLocale_fk` FOREIGN KEY (`ownerLocale`) REFERENCES `craft_locales` (`locale`) ON DELETE CASCADE ON UPDATE CASCADE,
	ADD CONSTRAINT `craft_matrixblocks_typeId_fk` FOREIGN KEY (`typeId`) REFERENCES `craft_matrixblocktypes` (`id`) ON DELETE CASCADE;

--
-- Constraints for table `craft_matrixblocktypes`
--
ALTER TABLE `craft_matrixblocktypes`
	ADD CONSTRAINT `craft_matrixblocktypes_fieldId_fk` FOREIGN KEY (`fieldId`) REFERENCES `craft_fields` (`id`) ON DELETE CASCADE,
	ADD CONSTRAINT `craft_matrixblocktypes_fieldLayoutId_fk` FOREIGN KEY (`fieldLayoutId`) REFERENCES `craft_fieldlayouts` (`id`) ON DELETE SET NULL;

--
-- Constraints for table `craft_matrixcontent_navitems`
--
ALTER TABLE `craft_matrixcontent_navitems`
	ADD CONSTRAINT `craft_matrixcontent_navitems_elementId_fk` FOREIGN KEY (`elementId`) REFERENCES `craft_elements` (`id`) ON DELETE CASCADE,
	ADD CONSTRAINT `craft_matrixcontent_navitems_locale_fk` FOREIGN KEY (`locale`) REFERENCES `craft_locales` (`locale`) ON DELETE CASCADE ON UPDATE CASCADE;

--
-- Constraints for table `craft_matrixcontent_pagecallout`
--
ALTER TABLE `craft_matrixcontent_pagecallout`
	ADD CONSTRAINT `craft_matrixcontent_pagecallout_elementId_fk` FOREIGN KEY (`elementId`) REFERENCES `craft_elements` (`id`) ON DELETE CASCADE,
	ADD CONSTRAINT `craft_matrixcontent_pagecallout_locale_fk` FOREIGN KEY (`locale`) REFERENCES `craft_locales` (`locale`) ON DELETE CASCADE ON UPDATE CASCADE;

--
-- Constraints for table `craft_matrixcontent_pagecontentsections`
--
ALTER TABLE `craft_matrixcontent_pagecontentsections`
	ADD CONSTRAINT `craft_matrixcontent_pagecontentsections_elementId_fk` FOREIGN KEY (`elementId`) REFERENCES `craft_elements` (`id`) ON DELETE CASCADE,
	ADD CONSTRAINT `craft_matrixcontent_pagecontentsections_locale_fk` FOREIGN KEY (`locale`) REFERENCES `craft_locales` (`locale`) ON DELETE CASCADE ON UPDATE CASCADE;

--
-- Constraints for table `craft_matrixcontent_projectinfo`
--
ALTER TABLE `craft_matrixcontent_projectinfo`
	ADD CONSTRAINT `craft_matrixcontent_projectinfo_elementId_fk` FOREIGN KEY (`elementId`) REFERENCES `craft_elements` (`id`) ON DELETE CASCADE,
	ADD CONSTRAINT `craft_matrixcontent_projectinfo_locale_fk` FOREIGN KEY (`locale`) REFERENCES `craft_locales` (`locale`) ON DELETE CASCADE ON UPDATE CASCADE;

--
-- Constraints for table `craft_matrixcontent_quote`
--
ALTER TABLE `craft_matrixcontent_quote`
	ADD CONSTRAINT `craft_matrixcontent_quote_elementId_fk` FOREIGN KEY (`elementId`) REFERENCES `craft_elements` (`id`) ON DELETE CASCADE,
	ADD CONSTRAINT `craft_matrixcontent_quote_locale_fk` FOREIGN KEY (`locale`) REFERENCES `craft_locales` (`locale`) ON DELETE CASCADE ON UPDATE CASCADE;

--
-- Constraints for table `craft_migrations`
--
ALTER TABLE `craft_migrations`
	ADD CONSTRAINT `craft_migrations_pluginId_fk` FOREIGN KEY (`pluginId`) REFERENCES `craft_plugins` (`id`) ON DELETE CASCADE;

--
-- Constraints for table `craft_relations`
--
ALTER TABLE `craft_relations`
	ADD CONSTRAINT `craft_relations_fieldId_fk` FOREIGN KEY (`fieldId`) REFERENCES `craft_fields` (`id`) ON DELETE CASCADE,
	ADD CONSTRAINT `craft_relations_sourceId_fk` FOREIGN KEY (`sourceId`) REFERENCES `craft_elements` (`id`) ON DELETE CASCADE,
	ADD CONSTRAINT `craft_relations_sourceLocale_fk` FOREIGN KEY (`sourceLocale`) REFERENCES `craft_locales` (`locale`) ON DELETE CASCADE ON UPDATE CASCADE,
	ADD CONSTRAINT `craft_relations_targetId_fk` FOREIGN KEY (`targetId`) REFERENCES `craft_elements` (`id`) ON DELETE CASCADE;

--
-- Constraints for table `craft_routes`
--
ALTER TABLE `craft_routes`
	ADD CONSTRAINT `craft_routes_locale_fk` FOREIGN KEY (`locale`) REFERENCES `craft_locales` (`locale`) ON DELETE CASCADE ON UPDATE CASCADE;

--
-- Constraints for table `craft_sections`
--
ALTER TABLE `craft_sections`
	ADD CONSTRAINT `craft_sections_structureId_fk` FOREIGN KEY (`structureId`) REFERENCES `craft_structures` (`id`) ON DELETE SET NULL;

--
-- Constraints for table `craft_sections_i18n`
--
ALTER TABLE `craft_sections_i18n`
	ADD CONSTRAINT `craft_sections_i18n_locale_fk` FOREIGN KEY (`locale`) REFERENCES `craft_locales` (`locale`) ON DELETE CASCADE ON UPDATE CASCADE,
	ADD CONSTRAINT `craft_sections_i18n_sectionId_fk` FOREIGN KEY (`sectionId`) REFERENCES `craft_sections` (`id`) ON DELETE CASCADE;

--
-- Constraints for table `craft_sessions`
--
ALTER TABLE `craft_sessions`
	ADD CONSTRAINT `craft_sessions_userId_fk` FOREIGN KEY (`userId`) REFERENCES `craft_users` (`id`) ON DELETE CASCADE;

--
-- Constraints for table `craft_shunnedmessages`
--
ALTER TABLE `craft_shunnedmessages`
	ADD CONSTRAINT `craft_shunnedmessages_userId_fk` FOREIGN KEY (`userId`) REFERENCES `craft_users` (`id`) ON DELETE CASCADE;

--
-- Constraints for table `craft_structureelements`
--
ALTER TABLE `craft_structureelements`
	ADD CONSTRAINT `craft_structureelements_elementId_fk` FOREIGN KEY (`elementId`) REFERENCES `craft_elements` (`id`) ON DELETE CASCADE,
	ADD CONSTRAINT `craft_structureelements_structureId_fk` FOREIGN KEY (`structureId`) REFERENCES `craft_structures` (`id`) ON DELETE CASCADE;

--
-- Constraints for table `craft_taggroups`
--
ALTER TABLE `craft_taggroups`
	ADD CONSTRAINT `craft_taggroups_fieldLayoutId_fk` FOREIGN KEY (`fieldLayoutId`) REFERENCES `craft_fieldlayouts` (`id`) ON DELETE SET NULL;

--
-- Constraints for table `craft_tags`
--
ALTER TABLE `craft_tags`
	ADD CONSTRAINT `craft_tags_groupId_fk` FOREIGN KEY (`groupId`) REFERENCES `craft_taggroups` (`id`) ON DELETE CASCADE,
	ADD CONSTRAINT `craft_tags_id_fk` FOREIGN KEY (`id`) REFERENCES `craft_elements` (`id`) ON DELETE CASCADE;

--
-- Constraints for table `craft_templatecachecriteria`
--
ALTER TABLE `craft_templatecachecriteria`
	ADD CONSTRAINT `craft_templatecachecriteria_cacheId_fk` FOREIGN KEY (`cacheId`) REFERENCES `craft_templatecaches` (`id`) ON DELETE CASCADE;

--
-- Constraints for table `craft_templatecacheelements`
--
ALTER TABLE `craft_templatecacheelements`
	ADD CONSTRAINT `craft_templatecacheelements_cacheId_fk` FOREIGN KEY (`cacheId`) REFERENCES `craft_templatecaches` (`id`) ON DELETE CASCADE,
	ADD CONSTRAINT `craft_templatecacheelements_elementId_fk` FOREIGN KEY (`elementId`) REFERENCES `craft_elements` (`id`) ON DELETE CASCADE;

--
-- Constraints for table `craft_templatecaches`
--
ALTER TABLE `craft_templatecaches`
	ADD CONSTRAINT `craft_templatecaches_locale_fk` FOREIGN KEY (`locale`) REFERENCES `craft_locales` (`locale`) ON DELETE CASCADE ON UPDATE CASCADE;

--
-- Constraints for table `craft_usergroups_users`
--
ALTER TABLE `craft_usergroups_users`
	ADD CONSTRAINT `craft_usergroups_users_groupId_fk` FOREIGN KEY (`groupId`) REFERENCES `craft_usergroups` (`id`) ON DELETE CASCADE,
	ADD CONSTRAINT `craft_usergroups_users_userId_fk` FOREIGN KEY (`userId`) REFERENCES `craft_users` (`id`) ON DELETE CASCADE;

--
-- Constraints for table `craft_userpermissions_usergroups`
--
ALTER TABLE `craft_userpermissions_usergroups`
	ADD CONSTRAINT `craft_userpermissions_usergroups_groupId_fk` FOREIGN KEY (`groupId`) REFERENCES `craft_usergroups` (`id`) ON DELETE CASCADE,
	ADD CONSTRAINT `craft_userpermissions_usergroups_permissionId_fk` FOREIGN KEY (`permissionId`) REFERENCES `craft_userpermissions` (`id`) ON DELETE CASCADE;

--
-- Constraints for table `craft_userpermissions_users`
--
ALTER TABLE `craft_userpermissions_users`
	ADD CONSTRAINT `craft_userpermissions_users_permissionId_fk` FOREIGN KEY (`permissionId`) REFERENCES `craft_userpermissions` (`id`) ON DELETE CASCADE,
	ADD CONSTRAINT `craft_userpermissions_users_userId_fk` FOREIGN KEY (`userId`) REFERENCES `craft_users` (`id`) ON DELETE CASCADE;

--
-- Constraints for table `craft_users`
--
ALTER TABLE `craft_users`
	ADD CONSTRAINT `craft_users_id_fk` FOREIGN KEY (`id`) REFERENCES `craft_elements` (`id`) ON DELETE CASCADE,
	ADD CONSTRAINT `craft_users_preferredLocale_fk` FOREIGN KEY (`preferredLocale`) REFERENCES `craft_locales` (`locale`) ON DELETE SET NULL ON UPDATE CASCADE;

--
-- Constraints for table `craft_widgets`
--
ALTER TABLE `craft_widgets`
	ADD CONSTRAINT `craft_widgets_userId_fk` FOREIGN KEY (`userId`) REFERENCES `craft_users` (`id`) ON DELETE CASCADE;

SET FOREIGN_KEY_CHECKS = 1;
